idx_uniq	motif_name	motif_name_safe	class	total_instances_across_celltypes	cwm_logo_fwd	cwm_logo_rev	query_consensus	annotation	annotation_broad	category	best_match_TF	best_match_motif	best_match_TOMTOM_qval	best_match_TFs_in_family	best_match_TFs_in_Vierstra_archetype	total_seqlets_across_celltypes	merged_pattern	n_constituent_motifs	n_constituent_celltypes	constituent_organs	constituent_celltypes
0	0|AP-2	0.AP-2	positive	324445	0.AP-2__cwm.fwd.png	0.AP-2__cwm.rev.png	CCCTGAGGC	AP-2	AP-2	base	TFAP2C	M07783_2.00	7.63E-07	TFAP2A,TFAP2B,TFAP2C,TFAP2E	AC0043: TFAP2A,TFAP2B,TFAP2C,TFAP2E	12769	pos.Average_272__merged_pattern_1	6	6	Eye,Skin	horizontal,amacrine,melanocyte,interfollicular cells,epidermal progenitor,keratinocyte
1	1|AP-2_BHLH	1.AP-2_BHLH	positive	40	1.AP-2_BHLH__cwm.fwd.png	1.AP-2_BHLH__cwm.rev.png	CATGTGATATGCCCTCAGGC	AP-2_BHLH	AP-2_BHLH	heterocomposite	TFAP2C	M09451_2.00	1.70E-05	TFAP2A,TFAP2B,TFAP2C,TFAP2E	AC0043: TFAP2A,TFAP2B,TFAP2C,TFAP2E	25	pos.Average_272__merged_pattern_4	1	1	Skin	melanocyte
2	2|ATF4/CEBPG	2.ATF4.CEBPG	positive	404366	2.ATF4.CEBPG__cwm.fwd.png	2.ATF4.CEBPG__cwm.rev.png	ATTACATCAT	ATF4/CEBPG	BZIP:ATF4/CEBPG	heterocomposite	ATF4	MA0833.2	0.0113145	ATF4	AC0403: ATF2,ATF4,CEBPG,DBP,HLF,NFIL3,TEF	4594	pos.Average_85__merged_pattern_1	6	6	Muscle,Skin	smooth muscle,keratinocytes,fibroblast,keratinocyte,skeletal muscle
3	3|BANP/ZBTB33	3.BANP.ZBTB33	positive	211573	3.BANP.ZBTB33__cwm.fwd.png	3.BANP.ZBTB33__cwm.rev.png	TCTCGCGAGA	BANP/ZBTB33	BANP/ZBTB33	base	BANP	BANP_Grand2021	2.25E-06	not found in HOCOMOCO	AC0375: BANP,ZBTB33	73679	pos.Average_64__merged_pattern_0	187	187	Adrenal,Brain,Eye,Heart,Liver,Lung,Muscle,Skin,Spleen,StomachEsophagus,Thymus,Thyroid	adrenal cortex,excitatory neurons,dorsal radial glia,CGE-derived inhibitory neurons,smooth muscle cells,endothelial,oligodendrocyte precursor cells,MGE-derived inhibitory neurons,retinal progenitor cell,fibroblast,RPE,horizontal,smooth muscle,astrocyte,myogenic progenitor,ciliated pigmented epithelium,schwann,melanocyte,immune,rod,amacrine,trabecular meshwork,extraocular muscle,retinal ganglion,bipolar,cone,vascular endothelium,vCM,endocardial,neuronal,epicardial,aCM,cycling vCM,pericyte,erythroblast,hepatocyte,B cell progenitor,megakaryocyte,cholangiocyte,Kupffer,stellate,airway epithelial progenitor,airway fibroblast,lymphatics,airway smooth muscle,pulmonary neuroendocrine,ciliated,mesothelial,vascular endothelial,pericytes,myocytes (fast/Type II),myocytes (slow/Type I),myogenic progenitors,keratinocytes,macrophages,myoblasts,myocytes,fibroblasts,myoblasts (cycling),tenogenic cells,skeletal muscle,interfollicular cells,lymphatic endothelium,melanocyte progenitor,macrophage,keratinocyte,epidermal progenitor,Fibroblast,Erythroblast,Pericyte,Endothelial progenitor,B cells,T cells,Endothelial,chief and neck cells,cycling stromal,epithelial basal/keratinocyte,interstitial cells of Cajal,ciliated epithelium,endocrine cells,MYH3+ smooth muscle,parietal cells,keratinocytes/tuft cells,enteric glia,enteric neurons,CD8+ CD4+ thymocytes,vascular smooth muscle,dendritic cells,medullary TEC (myoid Type I),medullary TEC (myoid Type IIa),cortical TEC,endothelial cells,medullary TEC (myoid),thyroid follicular,stromal
4	4|BCL11A/Brepressive	4.BCL11A.Brepressive	negative	5056133	4.BCL11A.Brepressive__cwm.fwd.png	4.BCL11A.Brepressive__cwm.rev.png	TGGACA	BCL11A/Brepressive	BCL11Arep	base	ZNF296	M04543_2.00	0.300669	ZNF296	AC0036: BCL11A,BCL11B,ZNF296	192	neg.Thymus__Average_6__merged_pattern_0	3	3	Thymus	CD8+ CD4+ thymocytes
5	5|BHLH:ASCL/TCF_ETS:ELF/SPIB	5.BHLH:ASCL.TCF_ETS:ELF.SPIB	positive	7708	5.BHLH:ASCL.TCF_ETS:ELF.SPIB__cwm.fwd.png	5.BHLH:ASCL.TCF_ETS:ELF.SPIB__cwm.rev.png	ACTTCCTGTGCAGCTG	BHLH:ASCL/TCF_ETS:ELF/SPIB	BHLH_ETS	heterocomposite	SPI1	MA0080.2	0.0203195	SPI1,SPIB	AC0622: EHF,ELF1,ELF2,ELF3,ELF4,ELF5,ETS2,ETV4,ETV5,FEV,FLI1,RUNX1,SPI1,SPIB,SPIC,ZNF200	31	pos.Average_306__merged_pattern_90	1	1	Thymus	dendritic cells
6	6|BHLH:ASCL/TCF_TCF7L/LEF	6.BHLH:ASCL.TCF_TCF7L.LEF	positive	1130	6.BHLH:ASCL.TCF_TCF7L.LEF__cwm.fwd.png	6.BHLH:ASCL.TCF_TCF7L.LEF__cwm.rev.png	GATCAAAGAAACACCTGC	BHLH:ASCL/TCF_TCF7L/LEF	BHLH_TCF7L/LEF	heterocomposite	TCF12	M04138_2.00	0.0540171	TCF12,TCF3,TCF4	AC0610: ASCL1,ASCL2,BHLHA15,ERF::FIGLA,ETV2::FIGLA,ETV5::FIGLA,FIGLA,HAND2,MESP1,MYF6,MYOD1,SNAI1,SNAI2,TCF12,TCF3,TCF4,TCF7L2,TFAP4::ETV1,ZEB1,ZNF273	21	pos.Average_303__merged_pattern_58	1	1	Thymus	CD8+ CD4+ thymocytes
7	7|BHLH:ATOH/NEUROD#1	7.BHLH:ATOH.NEUROD#1	positive	2609185	7.BHLH:ATOH.NEUROD#1__cwm.fwd.png	7.BHLH:ATOH.NEUROD#1__cwm.rev.png	CCATCTG	BHLH:ATOH/NEUROD#1	BHLH	base	NEUROD1	M08735_2.00	0.0191406	ATOH1,ATOH8,BHLHA15,BHLHE22,BHLHE23,FERD3L,NEUROD1,NEUROD2,NEUROG1,NEUROG2,OLIG1,OLIG2,OLIG3	AC0609: ATOH1,HAND2,LYL1,NEUROD1,NEUROD2,NEUROG2,OLIG2,OLIG3,PTF1A,TAL1::TCF3,TWIST1,ZBTB18,ZBTB42	159041	pos.Average_276__merged_pattern_3	21	16	Brain,Thyroid	excitatory neurons,dorsal radial glia,CGE-derived inhibitory neurons,smooth muscle cells,endothelial,MGE-derived inhibitory neurons,skeletal muscle
8	8|BHLH:ATOH/NEUROD#2	8.BHLH:ATOH.NEUROD#2	positive	2530	8.BHLH:ATOH.NEUROD#2__cwm.fwd.png	8.BHLH:ATOH.NEUROD#2__cwm.rev.png	CCAAGACCATCTG	BHLH:ATOH/NEUROD#2	BHLH	base_with_flank	NEUROD1	M08735_2.00	1	ATOH1,ATOH8,BHLHA15,BHLHE22,BHLHE23,FERD3L,NEUROD1,NEUROD2,NEUROG1,NEUROG2,OLIG1,OLIG2,OLIG3	AC0609: ATOH1,HAND2,LYL1,NEUROD1,NEUROD2,NEUROG2,OLIG2,OLIG3,PTF1A,TAL1::TCF3,TWIST1,ZBTB18,ZBTB42	22	pos.Average_276__merged_pattern_103	1	1	Brain	dorsal radial glia
9	9|BHLH:ATOH/NEUROD_BHLH:ATOH/NEUROD	9.BHLH:ATOH.NEUROD_BHLH:ATOH.NEUROD	positive	319	9.BHLH:ATOH.NEUROD_BHLH:ATOH.NEUROD__cwm.fwd.png	9.BHLH:ATOH.NEUROD_BHLH:ATOH.NEUROD__cwm.rev.png	CCATCTGCCCCGCCAGCTG	BHLH:ATOH/NEUROD_BHLH:ATOH/NEUROD	BHLH_BHLH	homocomposite	NEUROD2	M08737_2.00	0.0128347	ATOH1,ATOH8,BHLHA15,BHLHE22,BHLHE23,FERD3L,NEUROD1,NEUROD2,NEUROG1,NEUROG2,OLIG1,OLIG2,OLIG3	AC0609: ATOH1,HAND2,LYL1,NEUROD1,NEUROD2,NEUROG2,OLIG2,OLIG3,PTF1A,TAL1::TCF3,TWIST1,ZBTB18,ZBTB42	20	pos.Average_294__merged_pattern_40	1	1	Eye	rod
10	10|BHLH:ATOH/NEUROD_HD:DLX/LHX#1	10.BHLH:ATOH.NEUROD_HD:DLX.LHX#1	positive	1067	10.BHLH:ATOH.NEUROD_HD:DLX.LHX#1__cwm.fwd.png	10.BHLH:ATOH.NEUROD_HD:DLX.LHX#1__cwm.rev.png	AATTAGCCATCTG	BHLH:ATOH/NEUROD_HD:DLX/LHX#1	BHLH_HD	heterocomposite	ONECUT2	M03714_2.00	0.827428	ONECUT1,ONECUT2,ONECUT3	AC0601: CUX1,CUX2,ONECUT1,ONECUT2,ONECUT3	26	pos.Average_276__merged_pattern_92	1	1	Brain	dorsal radial glia
11	11|BHLH:ATOH/NEUROD_HD:DLX/LHX#2	11.BHLH:ATOH.NEUROD_HD:DLX.LHX#2	positive	1	11.BHLH:ATOH.NEUROD_HD:DLX.LHX#2__cwm.fwd.png	11.BHLH:ATOH.NEUROD_HD:DLX.LHX#2__cwm.rev.png	CCATCTGGTTTCTAAT	BHLH:ATOH/NEUROD_HD:DLX/LHX#2	BHLH_HD	heterocomposite	ATOH1	M08738_2.00	2.53E-02	ATOH1,ATOH8,BHLHA15,BHLHE22,BHLHE23,FERD3L,NEUROD1,NEUROD2,NEUROG1,NEUROG2,OLIG1,OLIG2,OLIG3	AC0609: ATOH1,HAND2,LYL1,NEUROD1,NEUROD2,NEUROG2,OLIG2,OLIG3,PTF1A,TAL1::TCF3,TWIST1,ZBTB18,ZBTB42	25	pos.Average_276__merged_pattern_96	1	1	Brain	CGE-derived inhibitory neurons
12	12|BHLH:ATOH/NEUROD_MEF2	12.BHLH:ATOH.NEUROD_MEF2	positive	1735	12.BHLH:ATOH.NEUROD_MEF2__cwm.fwd.png	12.BHLH:ATOH.NEUROD_MEF2__cwm.rev.png	CATATGGTTTCTATTTTTAG	BHLH:ATOH/NEUROD_MEF2	BHLH_MEF2	heterocomposite	MEF2A	MA0052.1	4.29E-04	MEF2A,MEF2B,MEF2C,MEF2D	AC0361: MEF2A,MEF2B,MEF2C,MEF2D	44	pos.Average_303__merged_pattern_38	1	1	Skin	melanocyte progenitor
13	13|BHLH:HES/MAX_GATA_NR:NR4A/NR2C	13.BHLH:HES.MAX_GATA_NR:NR4A.NR2C	positive	198	13.BHLH:HES.MAX_GATA_NR:NR4A.NR2C__cwm.fwd.png	13.BHLH:HES.MAX_GATA_NR:NR4A.NR2C__cwm.rev.png	CCTTTGTTCACGTGTTTATCTGCTGACCT	BHLH:HES/MAX_GATA_NR:NR4A/NR2C	BHLH_GATA	heterocomposite	FOXC1	M10526_2.00	0.306854	FOXC1,FOXC2	AC0387: AR,FOXA1,FOXA2,FOXA3,FOXB1,FOXC1,FOXC2,FOXD1,FOXD2,FOXD3,FOXE1,FOXF1,FOXF2,FOXG1,FOXI1,FOXJ2,FOXJ3,FOXK1,FOXK2,FOXL1,FOXM1,FOXN3,FOXO1,FOXO3,FOXO4,FOXO6,FOXP1,FOXP2,FOXP3,FOXQ1	21	pos.Average_289__merged_pattern_1	1	1	Liver	hepatocyte
14	14|BHLH:MXI1_BHLH:TWIST/ZBTB	14.BHLH:MXI1_BHLH:TWIST.ZBTB	positive	1824	14.BHLH:MXI1_BHLH:TWIST.ZBTB__cwm.fwd.png	14.BHLH:MXI1_BHLH:TWIST.ZBTB__cwm.rev.png	CATCTGGTTACCACATCTG	BHLH:MXI1_BHLH:TWIST/ZBTB	BHLH_BHLH	homocomposite	MAX	M04113_2.00	0.100715	MAX,MYC,MYCN	AC0552: ATF6B,CLOCK,CREB3,CREB3L1,CREB3L4,HES1,HES2,HES5,HES6,HES7,HEY1,HEY2,MAX,MAX::MYC,MNT,MXI1,MYC,MYCN,NPAS2,SOHLH2	97	pos.Average_294__merged_pattern_18	1	1	Muscle	myogenic progenitors
15	15|BHLH:NHLH/TFAP_NFY	15.BHLH:NHLH.TFAP_NFY	positive	195	15.BHLH:NHLH.TFAP_NFY__cwm.fwd.png	15.BHLH:NHLH.TFAP_NFY__cwm.rev.png	CAGCTGCGTGCCTGATTGGAC	BHLH:NHLH/TFAP_NFY	BHLH_NFY	heterocomposite	MYF6	M08717_2.00	1	MYF5,MYF6,MYOD1,MYOG	AC0610: ASCL1,ASCL2,BHLHA15,ERF::FIGLA,ETV2::FIGLA,ETV5::FIGLA,FIGLA,HAND2,MESP1,MYF6,MYOD1,SNAI1,SNAI2,TCF12,TCF3,TCF4,TCF7L2,TFAP4::ETV1,ZEB1,ZNF273	27	pos.Eye__Eye_c14__pos_patterns.pattern_14__merged_pattern_0	1	1	Eye	myogenic progenitor
16	16|BHLH:OLIG/NEUROG_MEF2	16.BHLH:OLIG.NEUROG_MEF2	positive	1261	16.BHLH:OLIG.NEUROG_MEF2__cwm.fwd.png	16.BHLH:OLIG.NEUROG_MEF2__cwm.rev.png	CTAAAAATAGAACTACCATATGA	BHLH:OLIG/NEUROG_MEF2	BHLH_MEF2	heterocomposite	MEF2D	M09250_2.00	0.0290473	MEF2A,MEF2B,MEF2C,MEF2D	AC0361: MEF2A,MEF2B,MEF2C,MEF2D	45	pos.Brain__Brain_c6__pos_patterns.pattern_25__merged_pattern_0	1	1	Brain	excitatory neurons
17	17|BHLH:OLIG/NEUROG_SOX	17.BHLH:OLIG.NEUROG_SOX	positive	472	17.BHLH:OLIG.NEUROG_SOX__cwm.fwd.png	17.BHLH:OLIG.NEUROG_SOX__cwm.rev.png	AACAATGAGAACACATG	BHLH:OLIG/NEUROG_SOX	BHLH_SOX	heterocomposite	SOX2	M05897_2.00	0.856608	SOX1,SOX14,SOX2,SOX21,SOX3	AC0261: SOX10,SOX13,SOX14,SOX15,SOX17,SOX18,SOX2,SOX3,SOX30,SOX5,SOX6,SOX8,SOX9,SRY,ZNF317	105	pos.Skin__Skin_c9__pos_patterns.pattern_24__merged_pattern_0	1	1	Skin	fibroblast
18	18|BHLH:TFAP/MYOD#1	18.BHLH:TFAP.MYOD#1	positive	4549833	18.BHLH:TFAP.MYOD#1__cwm.fwd.png	18.BHLH:TFAP.MYOD#1__cwm.rev.png	CAGCTG	BHLH:TFAP/MYOD#1	BHLH	base	ATOH1	M04166_2.00	0.00579599	ATOH1,ATOH8,BHLHA15,BHLHE22,BHLHE23,FERD3L,NEUROD1,NEUROD2,NEUROG1,NEUROG2,OLIG1,OLIG2,OLIG3	AC0608: ATOH1,BHLHA15,BHLHE22,FERD3L,MSC,MYF5,MYF6,MYOD1,MYOG,OLIG2,PTF1A,TCF12,TCF21,TFAP4,TFAP4::FLI1	450049	pos.Average_294__merged_pattern_0	65	65	Eye,Heart,Lung,Muscle,Spleen,StomachEsophagus,Thymus	retinal progenitor cell,fibroblast,myogenic progenitor,amacrine,extraocular muscle,endocardial,pericyte,airway epithelial progenitor,airway fibroblast,lymphatics,immune,airway smooth muscle,pulmonary neuroendocrine,ciliated,vascular endothelial,pericytes,myocytes (fast/Type II),smooth muscle,myocytes (slow/Type I),endothelial,myogenic progenitors,macrophages,myoblasts,myocytes,fibroblasts,myoblasts (cycling),tenogenic cells,Fibroblast,Erythroblast,Pericyte,B cells,Endothelial progenitor,MYH3+ smooth muscle,CD8+ CD4+ thymocytes,vascular smooth muscle,dendritic cells,medullary TEC (myoid Type I),medullary TEC (myoid Type IIa),cortical TEC,endothelial cells,medullary TEC (myoid)
19	19|BHLH:TFAP/MYOD#3	19.BHLH:TFAP.MYOD#3	positive	24348	19.BHLH:TFAP.MYOD#3__cwm.fwd.png	19.BHLH:TFAP.MYOD#3__cwm.rev.png	GTGTTAGTGACAGAAACCAGCTG	BHLH:TFAP/MYOD#3	BHLH	base_with_flank	TWIST1	M08722_2.00	0.101658	FIGLA,HAND1,HAND2,PTF1A,TWIST1,TWIST2	AC0609: ATOH1,HAND2,LYL1,NEUROD1,NEUROD2,NEUROG2,OLIG2,OLIG3,PTF1A,TAL1::TCF3,TWIST1,ZBTB18,ZBTB42	714	pos.Average_303__merged_pattern_10	2	2	Lung	airway fibroblast
20	20|BHLH:TFAP/MYOD#4	20.BHLH:TFAP.MYOD#4	positive	233468	20.BHLH:TFAP.MYOD#4__cwm.fwd.png	20.BHLH:TFAP.MYOD#4__cwm.rev.png	TTGGCAGCTG	BHLH:TFAP/MYOD#4	BHLH	base_with_flank	ZNF563	M08943_2.00	0.074222	ZNF124,ZNF136,ZNF440,ZNF490,ZNF563,ZNF564,ZNF627,ZNF669,ZNF77	AC0461: ZNF563	509	pos.Average_276__merged_pattern_19	3	3	Muscle,Skin	fibroblasts,tenogenic cells,fibroblast
21	21|BHLH:TFAP/MYOD#5	21.BHLH:TFAP.MYOD#5	positive	3210	21.BHLH:TFAP.MYOD#5__cwm.fwd.png	21.BHLH:TFAP.MYOD#5__cwm.rev.png	CAGCTGGATTGTGTAAA	BHLH:TFAP/MYOD#5	BHLH	base_with_flank	FOXL1	M10558_2.00	0.650769	FOXL1,FOXL2	AC0387: AR,FOXA1,FOXA2,FOXA3,FOXB1,FOXC1,FOXC2,FOXD1,FOXD2,FOXD3,FOXE1,FOXF1,FOXF2,FOXG1,FOXI1,FOXJ2,FOXJ3,FOXK1,FOXK2,FOXL1,FOXM1,FOXN3,FOXO1,FOXO3,FOXO4,FOXO6,FOXP1,FOXP2,FOXP3,FOXQ1	60	pos.Average_303__merged_pattern_34	1	1	StomachEsophagus	cycling stromal
22	22|BHLH:TFAP/MYOD#6	22.BHLH:TFAP.MYOD#6	positive	205794	22.BHLH:TFAP.MYOD#6__cwm.fwd.png	22.BHLH:TFAP.MYOD#6__cwm.rev.png	CAGCTGGCG	BHLH:TFAP/MYOD#6	BHLH	base_with_flank	ASCL1	M08055_2.00	0.00285301	ASCL1,ASCL2	AC0610: ASCL1,ASCL2,BHLHA15,ERF::FIGLA,ETV2::FIGLA,ETV5::FIGLA,FIGLA,HAND2,MESP1,MYF6,MYOD1,SNAI1,SNAI2,TCF12,TCF3,TCF4,TCF7L2,TFAP4::ETV1,ZEB1,ZNF273	46	pos.Average_276__merged_pattern_74	1	1	Brain	MGE-derived inhibitory neurons
23	23|BHLH:TFAP/MYOD#7	23.BHLH:TFAP.MYOD#7	positive	50725	23.BHLH:TFAP.MYOD#7__cwm.fwd.png	23.BHLH:TFAP.MYOD#7__cwm.rev.png	CAGCTGGAATCAGTCC	BHLH:TFAP/MYOD#7	BHLH	base_with_flank	PTF1A	M08736_2.00	0.420406	FIGLA,HAND1,HAND2,PTF1A,TWIST1,TWIST2	AC0609: ATOH1,HAND2,LYL1,NEUROD1,NEUROD2,NEUROG2,OLIG2,OLIG3,PTF1A,TAL1::TCF3,TWIST1,ZBTB18,ZBTB42	28	pos.Average_294__merged_pattern_35	1	1	Lung	immune
24	24|BHLH:TFAP/MYOD_BHLH:TFAP/MYOD#1	24.BHLH:TFAP.MYOD_BHLH:TFAP.MYOD#1	positive	22847	24.BHLH:TFAP.MYOD_BHLH:TFAP.MYOD#1__cwm.fwd.png	24.BHLH:TFAP.MYOD_BHLH:TFAP.MYOD#1__cwm.rev.png	CAGCTGCAGCTG	BHLH:TFAP/MYOD_BHLH:TFAP/MYOD#1	BHLH_BHLH	homocomposite	ZNF311	M07734_2.00	0.092319	not found in HOCOMOCO	AC0460: ZNF311,ZNF93	1649	pos.Average_294__merged_pattern_7	11	11	Muscle,StomachEsophagus,Thymus	myocytes (slow/Type I),myocytes,endothelial,MYH3+ smooth muscle,CD8+ CD4+ thymocytes,dendritic cells,fibroblasts,medullary TEC (myoid)
25	25|BHLH:TFAP/MYOD_BHLH:TFAP/MYOD#2	25.BHLH:TFAP.MYOD_BHLH:TFAP.MYOD#2	positive	55086	25.BHLH:TFAP.MYOD_BHLH:TFAP.MYOD#2__cwm.fwd.png	25.BHLH:TFAP.MYOD_BHLH:TFAP.MYOD#2__cwm.rev.png	CAGCTGGCAGCTG	BHLH:TFAP/MYOD_BHLH:TFAP/MYOD#2	BHLH_BHLH	homocomposite	LYL1	M08714_2.00	0.207568	LYL1,NHLH1,NHLH2,TAL1	AC0609: ATOH1,HAND2,LYL1,NEUROD1,NEUROD2,NEUROG2,OLIG2,OLIG3,PTF1A,TAL1::TCF3,TWIST1,ZBTB18,ZBTB42	49	pos.Average_294__merged_pattern_23	1	1	Muscle	myoblasts
26	26|BHLH:TFAP/MYOD_BHLH:TFAP/MYOD#3	26.BHLH:TFAP.MYOD_BHLH:TFAP.MYOD#3	positive	5701	26.BHLH:TFAP.MYOD_BHLH:TFAP.MYOD#3__cwm.fwd.png	26.BHLH:TFAP.MYOD_BHLH:TFAP.MYOD#3__cwm.rev.png	CAGCTGCAACAGCTG	BHLH:TFAP/MYOD_BHLH:TFAP/MYOD#3	BHLH_BHLH	homocomposite	ZNF311	M07734_2.00	0.0108951	not found in HOCOMOCO	AC0460: ZNF311,ZNF93	51	pos.Average_294__merged_pattern_22	1	1	Thymus	fibroblasts
27	27|BHLH:TFAP/MYOD_BHLH:TFAP/MYOD#4	27.BHLH:TFAP.MYOD_BHLH:TFAP.MYOD#4	positive	23516	27.BHLH:TFAP.MYOD_BHLH:TFAP.MYOD#4__cwm.fwd.png	27.BHLH:TFAP.MYOD_BHLH:TFAP.MYOD#4__cwm.rev.png	CAGCTGGATCCAGCTG	BHLH:TFAP/MYOD_BHLH:TFAP/MYOD#4	BHLH_BHLH	homocomposite	TCF12	M09458_2.00	0.363687	TCF12,TCF3,TCF4	AC0608: ATOH1,BHLHA15,BHLHE22,FERD3L,MSC,MYF5,MYF6,MYOD1,MYOG,OLIG2,PTF1A,TCF12,TCF21,TFAP4,TFAP4::FLI1	6117	pos.Average_294__merged_pattern_6	18	18	Lung,Muscle,Spleen,StomachEsophagus	airway epithelial progenitor,airway fibroblast,lymphatics,airway smooth muscle,pulmonary neuroendocrine,vascular endothelial,ciliated,pericytes,myoblasts,Fibroblast,cycling stromal,fibroblasts
28	28|BHLH:TFAP/MYOD_BHLH:TFAP/MYOD#5	28.BHLH:TFAP.MYOD_BHLH:TFAP.MYOD#5	positive	4888	28.BHLH:TFAP.MYOD_BHLH:TFAP.MYOD#5__cwm.fwd.png	28.BHLH:TFAP.MYOD_BHLH:TFAP.MYOD#5__cwm.rev.png	CAGCTGTTCCGAACAGCTG	BHLH:TFAP/MYOD_BHLH:TFAP/MYOD#5	BHLH_BHLH	homocomposite	BHLHA15	M08739_2.00	0.0214707	ATOH1,ATOH8,BHLHA15,BHLHE22,BHLHE23,FERD3L,NEUROD1,NEUROD2,NEUROG1,NEUROG2,OLIG1,OLIG2,OLIG3	AC0610: ASCL1,ASCL2,BHLHA15,ERF::FIGLA,ETV2::FIGLA,ETV5::FIGLA,FIGLA,HAND2,MESP1,MYF6,MYOD1,SNAI1,SNAI2,TCF12,TCF3,TCF4,TCF7L2,TFAP4::ETV1,ZEB1,ZNF273	205	pos.Average_294__merged_pattern_9	2	2	Muscle	pericytes,myocytes (fast/Type II)
29	29|BHLH:TFAP/MYOD_BHLH:TFAP/MYOD#6	29.BHLH:TFAP.MYOD_BHLH:TFAP.MYOD#6	positive	2308	29.BHLH:TFAP.MYOD_BHLH:TFAP.MYOD#6__cwm.fwd.png	29.BHLH:TFAP.MYOD_BHLH:TFAP.MYOD#6__cwm.rev.png	CAGCTGGTCTTTATCAGCTG	BHLH:TFAP/MYOD_BHLH:TFAP/MYOD#6	BHLH_BHLH	homocomposite	OLIG2	M08742_2.00	0.303869	ATOH1,ATOH8,BHLHA15,BHLHE22,BHLHE23,FERD3L,NEUROD1,NEUROD2,NEUROG1,NEUROG2,OLIG1,OLIG2,OLIG3	AC0609: ATOH1,HAND2,LYL1,NEUROD1,NEUROD2,NEUROG2,OLIG2,OLIG3,PTF1A,TAL1::TCF3,TWIST1,ZBTB18,ZBTB42	30	pos.Average_294__merged_pattern_31	1	1	StomachEsophagus	fibroblasts
30	30|BHLH:TFAP/MYOD_BHLH:TWIST/ZBTB	30.BHLH:TFAP.MYOD_BHLH:TWIST.ZBTB	positive	2834	30.BHLH:TFAP.MYOD_BHLH:TWIST.ZBTB__cwm.fwd.png	30.BHLH:TFAP.MYOD_BHLH:TWIST.ZBTB__cwm.rev.png	CAGCTGCTGTGAACCAGATG	BHLH:TFAP/MYOD_BHLH:TWIST/ZBTB	BHLH_BHLH	homocomposite	TCF12	M07805_2.00	0.143265	TCF12,TCF3,TCF4	AC0610: ASCL1,ASCL2,BHLHA15,ERF::FIGLA,ETV2::FIGLA,ETV5::FIGLA,FIGLA,HAND2,MESP1,MYF6,MYOD1,SNAI1,SNAI2,TCF12,TCF3,TCF4,TCF7L2,TFAP4::ETV1,ZEB1,ZNF273	86	pos.Average_303__merged_pattern_28	3	3	Heart,Skin	fibroblast
31	31|BHLH:TFAP/MYOD_BZIP:FOSL/JUND#1	31.BHLH:TFAP.MYOD_BZIP:FOSL.JUND#1	positive	5360	31.BHLH:TFAP.MYOD_BZIP:FOSL.JUND#1__cwm.fwd.png	31.BHLH:TFAP.MYOD_BZIP:FOSL.JUND#1__cwm.rev.png	ATGAGTCACAGCTG	BHLH:TFAP/MYOD_BZIP:FOSL/JUND#1	BHLH_BZIP	heterocomposite	PKNOX1	MA0782.2	0.0149641	PKNOX1,PKNOX2,TGIF2LX,TGIF2LY	AC0527: PBX1,PBX2,PBX3,PKNOX1	131	pos.Average_294__merged_pattern_13	3	3	Heart,Muscle	fibroblast,keratinocytes,myoblasts (cycling)
32	32|BHLH:TFAP/MYOD_BZIP:FOSL/JUND#2	32.BHLH:TFAP.MYOD_BZIP:FOSL.JUND#2	positive	8231	32.BHLH:TFAP.MYOD_BZIP:FOSL.JUND#2__cwm.fwd.png	32.BHLH:TFAP.MYOD_BZIP:FOSL.JUND#2__cwm.rev.png	GATATGACTCAGCTG	BHLH:TFAP/MYOD_BZIP:FOSL/JUND#2	BHLH_BZIP	heterocomposite	BATF::JUN	MA0462.1	1.69E-02	not found in HOCOMOCO	AC0242: ATF3,BACH1,BACH2,BATF,BATF::JUN,BATF3,BNC2,CREB1,FOS,FOS::JUN,FOS::JUNB,FOS::JUND,FOSB,FOSB::JUNB,FOSL1,FOSL1::JUN,FOSL1::JUNB,FOSL1::JUND,FOSL2,FOSL2::JUN,FOSL2::JUNB,FOSL2::JUND,JDP2,JUN,JUN::JUNB,JUNB,JUND,NFE2,NFE2L1	29	pos.Average_287__merged_pattern_12	1	1	Heart	fibroblast
33	33|BHLH:TFAP/MYOD_ETS	33.BHLH:TFAP.MYOD_ETS	positive	373690	33.BHLH:TFAP.MYOD_ETS__cwm.fwd.png	33.BHLH:TFAP.MYOD_ETS__cwm.rev.png	AGGAAACAGCTG	BHLH:TFAP/MYOD_ETS	BHLH_ETS	heterocomposite	LYL1	M08714_2.00	6.77E-04	LYL1,NHLH1,NHLH2,TAL1	AC0609: ATOH1,HAND2,LYL1,NEUROD1,NEUROD2,NEUROG2,OLIG2,OLIG3,PTF1A,TAL1::TCF3,TWIST1,ZBTB18,ZBTB42	7633	pos.Average_294__merged_pattern_5	19	17	Lung,Muscle,Spleen,Thymus	airway fibroblast,lymphatics,vascular endothelial,endothelial,Fibroblast,Erythroblast,B cells,Endothelial progenitor,CD8+ CD4+ thymocytes,dendritic cells,medullary TEC (myoid Type IIa),cortical TEC,endothelial cells
34	34|BHLH:TFAP/MYOD_ETS:ELF/SPIB	34.BHLH:TFAP.MYOD_ETS:ELF.SPIB	positive	1803	34.BHLH:TFAP.MYOD_ETS:ELF.SPIB__cwm.fwd.png	34.BHLH:TFAP.MYOD_ETS:ELF.SPIB__cwm.rev.png	CTTCCTGCAGCTGT	BHLH:TFAP/MYOD_ETS:ELF/SPIB	BHLH_ETS	heterocomposite	ERF::NHLH1	MA1938.1	0.0192674	not found in HOCOMOCO	AC0626: EHF,ELF1,ELF2,ELF3,ELF4,ELF5,ELK1,ELK1::HOXA1,ELK1::HOXB13,ELK1::SREBF2,ELK3,ELK4,ERF,ERF::FOXI1,ERF::HOXB13,ERF::NHLH1,ERG,ETS1,ETS2,ETV1,ETV2,ETV2::DRGX,ETV2::HOXB13,ETV3,ETV4,ETV5,ETV5::DRGX,ETV5::HOXA2,ETV6,ETV7,FEV,FLI1,FLI1::DRGX,FOXJ2::ELF1,GABPA,HOXB2::ELK1,HOXD12::ELK1,NR2C2,SPDEF,ZBTB7A,ZNF200,ZNF519	22	pos.Average_294__merged_pattern_37	1	1	Thymus	CD8+ CD4+ thymocytes
35	35|BHLH:TFAP/MYOD_FOX#1	35.BHLH:TFAP.MYOD_FOX#1	positive	167842	35.BHLH:TFAP.MYOD_FOX#1__cwm.fwd.png	35.BHLH:TFAP.MYOD_FOX#1__cwm.rev.png	CAGCTGTTTAC	BHLH:TFAP/MYOD_FOX#1	BHLH_FOX	heterocomposite	FOXL1	M03034_2.00	0.0519288	FOXL1,FOXL2	AC0387: AR,FOXA1,FOXA2,FOXA3,FOXB1,FOXC1,FOXC2,FOXD1,FOXD2,FOXD3,FOXE1,FOXF1,FOXF2,FOXG1,FOXI1,FOXJ2,FOXJ3,FOXK1,FOXK2,FOXL1,FOXM1,FOXN3,FOXO1,FOXO3,FOXO4,FOXO6,FOXP1,FOXP2,FOXP3,FOXQ1	217	pos.Average_288__merged_pattern_12	2	2	Brain,StomachEsophagus	smooth muscle cells,fibroblasts
36	36|BHLH:TFAP/MYOD_FOX#2	36.BHLH:TFAP.MYOD_FOX#2	positive	62213	36.BHLH:TFAP.MYOD_FOX#2__cwm.fwd.png	36.BHLH:TFAP.MYOD_FOX#2__cwm.rev.png	TGTTTACACAGCTG	BHLH:TFAP/MYOD_FOX#2	BHLH_FOX	heterocomposite	FOXA2	M09088_2.00	0.0593549	FOXA1,FOXA2,FOXA3	AC0387: AR,FOXA1,FOXA2,FOXA3,FOXB1,FOXC1,FOXC2,FOXD1,FOXD2,FOXD3,FOXE1,FOXF1,FOXF2,FOXG1,FOXI1,FOXJ2,FOXJ3,FOXK1,FOXK2,FOXL1,FOXM1,FOXN3,FOXO1,FOXO3,FOXO4,FOXO6,FOXP1,FOXP2,FOXP3,FOXQ1	122	pos.Average_294__merged_pattern_15	2	2	Eye,Lung	trabecular meshwork,pulmonary neuroendocrine
37	37|BHLH:TFAP/MYOD_FOX#3	37.BHLH:TFAP.MYOD_FOX#3	positive	19421	37.BHLH:TFAP.MYOD_FOX#3__cwm.fwd.png	37.BHLH:TFAP.MYOD_FOX#3__cwm.rev.png	CAGCTGTGTTTAATC	BHLH:TFAP/MYOD_FOX#3	BHLH_FOX	heterocomposite	TWIST1	M08722_2.00	8.49E-01	FIGLA,HAND1,HAND2,PTF1A,TWIST1,TWIST2	AC0609: ATOH1,HAND2,LYL1,NEUROD1,NEUROD2,NEUROG2,OLIG2,OLIG3,PTF1A,TAL1::TCF3,TWIST1,ZBTB18,ZBTB42	35	pos.Average_294__merged_pattern_27	1	1	Lung	pulmonary neuroendocrine
38	38|BHLH:TFAP/MYOD_GATA	38.BHLH:TFAP.MYOD_GATA	positive	800	38.BHLH:TFAP.MYOD_GATA__cwm.fwd.png	38.BHLH:TFAP.MYOD_GATA__cwm.rev.png	CAGCTGTTTGGGGCAGATAAG	BHLH:TFAP/MYOD_GATA	BHLH_GATA	heterocomposite	GATA2	M07968_2.00	8.32E-05	GATA1,GATA2,GATA3,GATA4,GATA5,GATA6	AC0252: GATA1,GATA1::TAL1,GATA2,GATA3,GATA4,GATA5,GATA6,TAL1	41	pos.Average_255__merged_pattern_4	1	1	Spleen	Fibroblast
39	39|BHLH:TFAP/MYOD_HD:PBX/PKNOX	39.BHLH:TFAP.MYOD_HD:PBX.PKNOX	positive	2710	39.BHLH:TFAP.MYOD_HD:PBX.PKNOX__cwm.fwd.png	39.BHLH:TFAP.MYOD_HD:PBX.PKNOX__cwm.rev.png	TGATTGACAGGGACAGGTG	BHLH:TFAP/MYOD_HD:PBX/PKNOX	BHLH_HD:PBX/PKNOX	heterocomposite	PKNOX1	M09150_2.00	7.98E-07	PKNOX1,PKNOX2,TGIF2LX,TGIF2LY	AC0527: PBX1,PBX2,PBX3,PKNOX1	647	pos.Average_293__merged_pattern_4	1	1	Muscle	myocytes (fast/Type II)
40	40|BHLH:TFAP/MYOD_ROR	40.BHLH:TFAP.MYOD_ROR	positive	540	40.BHLH:TFAP.MYOD_ROR__cwm.fwd.png	40.BHLH:TFAP.MYOD_ROR__cwm.rev.png	AACTAGGCCAGCTG	BHLH:TFAP/MYOD_ROR	BHLH_ROR	heterocomposite	PTF1A	M08736_2.00	0.674637	FIGLA,HAND1,HAND2,PTF1A,TWIST1,TWIST2	AC0609: ATOH1,HAND2,LYL1,NEUROD1,NEUROD2,NEUROG2,OLIG2,OLIG3,PTF1A,TAL1::TCF3,TWIST1,ZBTB18,ZBTB42	21	pos.Eye__Average_488__merged_pattern_2	1	1	Eye	retinal progenitor cell
41	41|BHLH:TFAP/MYOD_SP/KLF	41.BHLH:TFAP.MYOD_SP.KLF	positive	4042	41.BHLH:TFAP.MYOD_SP.KLF__cwm.fwd.png	41.BHLH:TFAP.MYOD_SP.KLF__cwm.rev.png	CCAGCTGGTGGGGGGAGGGG	BHLH:TFAP/MYOD_SP/KLF	BHLH_SP/KLF	heterocomposite	PATZ1	M08287_2.00	0.00231359	MAZ,PATZ1,VEZF1	AC0110: MAZ,PATZ1,SP1,SP5,ZNF148,ZNF281,ZNF304,ZNF444,ZNF460,ZNF468,ZNF543	30	pos.Average_294__merged_pattern_29	1	1	Muscle	smooth muscle
42	42|BHLH:TWIST/ZBTB#1	42.BHLH:TWIST.ZBTB#1	positive	3204	42.BHLH:TWIST.ZBTB#1__cwm.fwd.png	42.BHLH:TWIST.ZBTB#1__cwm.rev.png	CATCTGGTTCCCAGGTG	BHLH:TWIST/ZBTB#1	BHLH	base_with_flank	MAX	M04113_2.00	0.0248885	MAX,MYC,MYCN	AC0552: ATF6B,CLOCK,CREB3,CREB3L1,CREB3L4,HES1,HES2,HES5,HES6,HES7,HEY1,HEY2,MAX,MAX::MYC,MNT,MXI1,MYC,MYCN,NPAS2,SOHLH2	146	pos.Average_294__merged_pattern_12	1	1	Muscle	myogenic progenitors
43	43|BHLH:TWIST/ZBTB#2	43.BHLH:TWIST.ZBTB#2	positive	1852	43.BHLH:TWIST.ZBTB#2__cwm.fwd.png	43.BHLH:TWIST.ZBTB#2__cwm.rev.png	CATCTGGCCGCCACCTG	BHLH:TWIST/ZBTB#2	BHLH	base_with_flank	MAX	M04112_2.00	0.0648907	MAX,MYC,MYCN	AC0552: ATF6B,CLOCK,CREB3,CREB3L1,CREB3L4,HES1,HES2,HES5,HES6,HES7,HEY1,HEY2,MAX,MAX::MYC,MNT,MXI1,MYC,MYCN,NPAS2,SOHLH2	87	pos.Average_294__merged_pattern_19	1	1	Muscle	myogenic progenitors
44	44|BHLH:TWIST/ZBTB#3	44.BHLH:TWIST.ZBTB#3	positive	128289	44.BHLH:TWIST.ZBTB#3__cwm.fwd.png	44.BHLH:TWIST.ZBTB#3__cwm.rev.png	GCCATCTGCTG	BHLH:TWIST/ZBTB#3	BHLH	base_with_flank	HAND2	MA1638.1	0.00322434	FIGLA,HAND1,HAND2,PTF1A,TWIST1,TWIST2	AC0609: ATOH1,HAND2,LYL1,NEUROD1,NEUROD2,NEUROG2,OLIG2,OLIG3,PTF1A,TAL1::TCF3,TWIST1,ZBTB18,ZBTB42	25	pos.Average_305__merged_pattern_12	1	1	Muscle	myogenic progenitors
45	45|BHLH:TWIST/ZBTB_BHLH:MXI1	45.BHLH:TWIST.ZBTB_BHLH:MXI1	positive	1887	45.BHLH:TWIST.ZBTB_BHLH:MXI1__cwm.fwd.png	45.BHLH:TWIST.ZBTB_BHLH:MXI1__cwm.rev.png	CAGATGTGGTAACCAGATG	BHLH:TWIST/ZBTB_BHLH:MXI1	BHLH_BHLH	homocomposite	MAX	M04113_2.00	0.237643	MAX,MYC,MYCN	AC0552: ATF6B,CLOCK,CREB3,CREB3L1,CREB3L4,HES1,HES2,HES5,HES6,HES7,HEY1,HEY2,MAX,MAX::MYC,MNT,MXI1,MYC,MYCN,NPAS2,SOHLH2	301	pos.Average_303__merged_pattern_14	4	4	Skin	fibroblast,schwann
46	46|BHLH:TWIST/ZBTB_BHLH:TWIST/ZBTB	46.BHLH:TWIST.ZBTB_BHLH:TWIST.ZBTB	positive	57976	46.BHLH:TWIST.ZBTB_BHLH:TWIST.ZBTB__cwm.fwd.png	46.BHLH:TWIST.ZBTB_BHLH:TWIST.ZBTB__cwm.rev.png	CATCTGGTAACCAGATG	BHLH:TWIST/ZBTB_BHLH:TWIST/ZBTB	BHLH_BHLH	homocomposite	MAX	M04113_2.00	1.32E-01	MAX,MYC,MYCN	AC0552: ATF6B,CLOCK,CREB3,CREB3L1,CREB3L4,HES1,HES2,HES5,HES6,HES7,HEY1,HEY2,MAX,MAX::MYC,MNT,MXI1,MYC,MYCN,NPAS2,SOHLH2	53472	pos.Average_303__merged_pattern_3	27	16	Skin	fibroblast,melanocyte,interfollicular cells,lymphatic endothelium,macrophage,epidermal progenitor,keratinocyte,vascular endothelium,pericyte,schwann,skeletal muscle
47	47|BHLH:TWIST/ZBTB_HD	47.BHLH:TWIST.ZBTB_HD	positive	720987	47.BHLH:TWIST.ZBTB_HD__cwm.fwd.png	47.BHLH:TWIST.ZBTB_HD__cwm.rev.png	CATCTGGTTTTAAT	BHLH:TWIST/ZBTB_HD	BHLH_HD	heterocomposite	TWIST1	M08722_2.00	1.18E-13	FIGLA,HAND1,HAND2,PTF1A,TWIST1,TWIST2	AC0609: ATOH1,HAND2,LYL1,NEUROD1,NEUROD2,NEUROG2,OLIG2,OLIG3,PTF1A,TAL1::TCF3,TWIST1,ZBTB18,ZBTB42	235276	pos.Average_303__merged_pattern_0	26	20	Muscle,Skin,StomachEsophagus	smooth muscle,fibroblast,melanocyte,interfollicular cells,lymphatic endothelium,melanocyte progenitor,macrophage,keratinocyte,epidermal progenitor,vascular endothelium,pericyte,schwann,skeletal muscle,fibroblasts
48	48|BHLH:TWIST/ZBTB_HD:PAX/VSX	48.BHLH:TWIST.ZBTB_HD:PAX.VSX	positive	13330	48.BHLH:TWIST.ZBTB_HD:PAX.VSX__cwm.fwd.png	48.BHLH:TWIST.ZBTB_HD:PAX.VSX__cwm.rev.png	CATCTGGTAAATTCATT	BHLH:TWIST/ZBTB_HD:PAX/VSX	BHLH_HD	heterocomposite	HAND2	MA1638.1	0.168922	FIGLA,HAND1,HAND2,PTF1A,TWIST1,TWIST2	AC0609: ATOH1,HAND2,LYL1,NEUROD1,NEUROD2,NEUROG2,OLIG2,OLIG3,PTF1A,TAL1::TCF3,TWIST1,ZBTB18,ZBTB42	6435	pos.Average_251__merged_pattern_1	1	1	Muscle	tenogenic cells
49	49|BHLH:TWIST/ZBTB_HD_NFIhalf#1	49.BHLH:TWIST.ZBTB_HD_NFIhalf#1	positive	4219	49.BHLH:TWIST.ZBTB_HD_NFIhalf#1__cwm.fwd.png	49.BHLH:TWIST.ZBTB_HD_NFIhalf#1__cwm.rev.png	GCCAACATCTGTTATTTTT	BHLH:TWIST/ZBTB_HD_NFIhalf#1	BHLH_HD_NFI	heterocomposite	TCF21	M04092_2.00	2.50E-02	MESP1,MESP2,MSC,MSGN1,TCF21	AC0608: ATOH1,BHLHA15,BHLHE22,FERD3L,MSC,MYF5,MYF6,MYOD1,MYOG,OLIG2,PTF1A,TCF12,TCF21,TFAP4,TFAP4::FLI1	193	pos.Average_303__merged_pattern_17	3	3	Skin	fibroblast,keratinocyte
50	50|BHLH:TWIST/ZBTB_HD_NFIhalf#2	50.BHLH:TWIST.ZBTB_HD_NFIhalf#2	positive	534	50.BHLH:TWIST.ZBTB_HD_NFIhalf#2__cwm.fwd.png	50.BHLH:TWIST.ZBTB_HD_NFIhalf#2__cwm.rev.png	ATTAAAAACAGATGTTCTTGGC	BHLH:TWIST/ZBTB_HD_NFIhalf#2	BHLH_HD_NFI	heterocomposite	TWIST1	M08722_2.00	4.83E-04	FIGLA,HAND1,HAND2,PTF1A,TWIST1,TWIST2	AC0609: ATOH1,HAND2,LYL1,NEUROD1,NEUROD2,NEUROG2,OLIG2,OLIG3,PTF1A,TAL1::TCF3,TWIST1,ZBTB18,ZBTB42	24	pos.Average_303__merged_pattern_55	1	1	Skin	fibroblast
51	51|BHLH:TWIST/ZBTB_HD_ZEB/SNAI	51.BHLH:TWIST.ZBTB_HD_ZEB.SNAI	positive	1194	51.BHLH:TWIST.ZBTB_HD_ZEB.SNAI__cwm.fwd.png	51.BHLH:TWIST.ZBTB_HD_ZEB.SNAI__cwm.rev.png	CATCTGGTTTTAATTACCT	BHLH:TWIST/ZBTB_HD_ZEB/SNAI	BHLH_ZEB/SNAI	heterocomposite	TWIST1	M08722_2.00	5.76E-06	FIGLA,HAND1,HAND2,PTF1A,TWIST1,TWIST2	AC0609: ATOH1,HAND2,LYL1,NEUROD1,NEUROD2,NEUROG2,OLIG2,OLIG3,PTF1A,TAL1::TCF3,TWIST1,ZBTB18,ZBTB42	183	pos.Average_303__merged_pattern_19	7	7	Skin	fibroblast,melanocyte,melanocyte progenitor,pericyte,schwann
52	52|BHLH:TWIST/ZBTB_NFIhalf	52.BHLH:TWIST.ZBTB_NFIhalf	positive	1833	52.BHLH:TWIST.ZBTB_NFIhalf__cwm.fwd.png	52.BHLH:TWIST.ZBTB_NFIhalf__cwm.rev.png	CATCTGGCATGCTGGC	BHLH:TWIST/ZBTB_NFIhalf	BHLH_NFI	heterocomposite	NEUROD2	M08737_2.00	4.70E-01	ATOH1,ATOH8,BHLHA15,BHLHE22,BHLHE23,FERD3L,NEUROD1,NEUROD2,NEUROG1,NEUROG2,OLIG1,OLIG2,OLIG3	AC0609: ATOH1,HAND2,LYL1,NEUROD1,NEUROD2,NEUROG2,OLIG2,OLIG3,PTF1A,TAL1::TCF3,TWIST1,ZBTB18,ZBTB42	34	pos.Average_303__merged_pattern_43	1	1	Skin	fibroblast
53	53|BHLH:USF/BHLHE#1	53.BHLH:USF.BHLHE#1	positive	552623	53.BHLH:USF.BHLHE#1__cwm.fwd.png	53.BHLH:USF.BHLHE#1__cwm.rev.png	TCACGTGAC	BHLH:USF/BHLHE#1	BHLH	base_with_flank	USF2	M07787_2.00	3.07E-05	USF1,USF2	AC0556: ARNT,ARNT2,ARNTL,ATF3,ATF6,BACH1,BHLHE40,BHLHE41,ERF::SREBF2,MAX,MITF,MLX,MLXIPL,SREBF1,TFE3,TFEB,TFEC,USF1,USF2	21147	pos.Average_294__merged_pattern_2	16	15	Lung	airway epithelial progenitor,airway fibroblast,lymphatics,immune,pulmonary neuroendocrine,ciliated,vascular endothelial,airway smooth muscle,pericytes
54	54|BHLH:USF/BHLHE#2	54.BHLH:USF.BHLHE#2	positive	8	54.BHLH:USF.BHLHE#2__cwm.fwd.png	54.BHLH:USF.BHLHE#2__cwm.rev.png	GTCACGTGATCTACTTCCTG	BHLH:USF/BHLHE#2	BHLH	base_with_flank	TFEB	M02781_2.00	7.81E-05	MITF,TFE3,TFEB,TFEC	AC0556: ARNT,ARNT2,ARNTL,ATF3,ATF6,BACH1,BHLHE40,BHLHE41,ERF::SREBF2,MAX,MITF,MLX,MLXIPL,SREBF1,TFE3,TFEB,TFEC,USF1,USF2	25	pos.Average_280__merged_pattern_44	1	1	Spleen	T cells
55	55|BHLH:USF/BHLHE_ETS:ELF/SPIB	55.BHLH:USF.BHLHE_ETS:ELF.SPIB	positive	4214	55.BHLH:USF.BHLHE_ETS:ELF.SPIB__cwm.fwd.png	55.BHLH:USF.BHLHE_ETS:ELF.SPIB__cwm.rev.png	GGAAGTCACGTG	BHLH:USF/BHLHE_ETS:ELF/SPIB	BHLH_ETS	heterocomposite	ERF::SREBF2	MA1939.1	1.77E-03	not found in HOCOMOCO	AC0556: ARNT,ARNT2,ARNTL,ATF3,ATF6,BACH1,BHLHE40,BHLHE41,ERF::SREBF2,MAX,MITF,MLX,MLXIPL,SREBF1,TFE3,TFEB,TFEC,USF1,USF2	35	pos.Average_280__merged_pattern_40	1	1	Spleen	T cells
56	56|BHLH:USF/BHLHE_NFY	56.BHLH:USF.BHLHE_NFY	positive	1527	56.BHLH:USF.BHLHE_NFY__cwm.fwd.png	56.BHLH:USF.BHLHE_NFY__cwm.rev.png	ATTGGCCGGGGCCGGGTCACGTGA	BHLH:USF/BHLHE_NFY	BHLH_NFY	heterocomposite	TFE3	M08709_2.00	4.59E-04	MITF,TFE3,TFEB,TFEC	AC0556: ARNT,ARNT2,ARNTL,ATF3,ATF6,BACH1,BHLHE40,BHLHE41,ERF::SREBF2,MAX,MITF,MLX,MLXIPL,SREBF1,TFE3,TFEB,TFEC,USF1,USF2	510	pos.Average_280__merged_pattern_19	18	18	Brain,Eye,Heart,Liver,Muscle,Skin,Spleen,Thymus,Thyroid	excitatory neurons,horizontal,rod,fibroblast,B cell progenitor,erythroblast,myogenic progenitors,fibroblasts,keratinocyte,pericyte,Erythroblast,CD8+ CD4+ thymocytes,medullary TEC (myoid),thyroid follicular
57	57|BHLH:USF1/2#1	57.BHLH:USF1.2#1	positive	345769	57.BHLH:USF1.2#1__cwm.fwd.png	57.BHLH:USF1.2#1__cwm.rev.png	GTCATGTGAC	BHLH:USF1/2#1	BHLH	base	USF1	MA0093.3	5.94E-04	USF1,USF2	AC0556: ARNT,ARNT2,ARNTL,ATF3,ATF6,BACH1,BHLHE40,BHLHE41,ERF::SREBF2,MAX,MITF,MLX,MLXIPL,SREBF1,TFE3,TFEB,TFEC,USF1,USF2	11991	pos.Average_280__merged_pattern_4	15	15	Adrenal,Eye,Heart,Liver,Muscle,Skin,Spleen,Thymus	adrenal cortex,RPE,ciliated pigmented epithelium,melanocyte,vCM,cycling vCM,Kupffer,stellate,myogenic progenitors,Fibroblast,T cells,Endothelial,macrophages
58	58|BHLH:USF1/2#2	58.BHLH:USF1.2#2	positive	10789	58.BHLH:USF1.2#2__cwm.fwd.png	58.BHLH:USF1.2#2__cwm.rev.png	GTCATGTGACCG	BHLH:USF1/2#2	BHLH	base_with_flank	USF2	MA0526.1	0.00733004	USF1,USF2	AC0556: ARNT,ARNT2,ARNTL,ATF3,ATF6,BACH1,BHLHE40,BHLHE41,ERF::SREBF2,MAX,MITF,MLX,MLXIPL,SREBF1,TFE3,TFEB,TFEC,USF1,USF2	23	pos.Average_280__merged_pattern_46	1	1	Eye	melanocyte
59	59|BHLH_BHLH:ATOH/NEUROD	59.BHLH_BHLH:ATOH.NEUROD	positive	44	59.BHLH_BHLH:ATOH.NEUROD__cwm.fwd.png	59.BHLH_BHLH:ATOH.NEUROD__cwm.rev.png	CCATCTGCCACCAGCAGCTG	BHLH_BHLH:ATOH/NEUROD	BHLH_BHLH	homocomposite	ATOH1	M08738_2.00	0.00708603	ATOH1,ATOH8,BHLHA15,BHLHE22,BHLHE23,FERD3L,NEUROD1,NEUROD2,NEUROG1,NEUROG2,OLIG1,OLIG2,OLIG3	AC0609: ATOH1,HAND2,LYL1,NEUROD1,NEUROD2,NEUROG2,OLIG2,OLIG3,PTF1A,TAL1::TCF3,TWIST1,ZBTB18,ZBTB42	30	pos.Average_294__merged_pattern_32	1	1	Eye	amacrine
60	60|BHLH_BHLH:MXI1	60.BHLH_BHLH:MXI1	positive	41469	60.BHLH_BHLH:MXI1__cwm.fwd.png	60.BHLH_BHLH:MXI1__cwm.rev.png	ATATGGGATCCACATGTG	BHLH_BHLH:MXI1	BHLH_BHLH	homocomposite	MAX	M04113_2.00	0.619059	MAX,MYC,MYCN	AC0552: ATF6B,CLOCK,CREB3,CREB3L1,CREB3L4,HES1,HES2,HES5,HES6,HES7,HEY1,HEY2,MAX,MAX::MYC,MNT,MXI1,MYC,MYCN,NPAS2,SOHLH2	173	pos.Average_303__merged_pattern_20	4	4	Skin	pericyte,schwann,skeletal muscle,fibroblast
61	61|BHLH_BHLH:TFAP/MYOD	61.BHLH_BHLH:TFAP.MYOD	positive	5252	61.BHLH_BHLH:TFAP.MYOD__cwm.fwd.png	61.BHLH_BHLH:TFAP.MYOD__cwm.rev.png	ACAGCTGGTTAGCAGCTG	BHLH_BHLH:TFAP/MYOD	BHLH_BHLH	homocomposite	OLIG2	M08742_2.00	0.032293	ATOH1,ATOH8,BHLHA15,BHLHE22,BHLHE23,FERD3L,NEUROD1,NEUROD2,NEUROG1,NEUROG2,OLIG1,OLIG2,OLIG3	AC0609: ATOH1,HAND2,LYL1,NEUROD1,NEUROD2,NEUROG2,OLIG2,OLIG3,PTF1A,TAL1::TCF3,TWIST1,ZBTB18,ZBTB42	67	pos.Average_276__merged_pattern_58	1	1	Brain	smooth muscle cells
62	62|BHLH_BHLH:TWIST/ZBTB#1	62.BHLH_BHLH:TWIST.ZBTB#1	positive	3693	62.BHLH_BHLH:TWIST.ZBTB#1__cwm.fwd.png	62.BHLH_BHLH:TWIST.ZBTB#1__cwm.rev.png	CATATGTTCCAGATG	BHLH_BHLH:TWIST/ZBTB#1	BHLH_BHLH	homocomposite	ZBTB12	MA1649.1	0.734771	ZBTB12,ZBTB26,ZBTB6	AC0198: ZBTB12	43	pos.Average_294__merged_pattern_25	1	1	Muscle	myogenic progenitors
63	63|BHLH_BHLH:TWIST/ZBTB#2	63.BHLH_BHLH:TWIST.ZBTB#2	positive	69899	63.BHLH_BHLH:TWIST.ZBTB#2__cwm.fwd.png	63.BHLH_BHLH:TWIST.ZBTB#2__cwm.rev.png	CATCTGGTTACCAGATG	BHLH_BHLH:TWIST/ZBTB#2	BHLH_BHLH	homocomposite	OLIG2	M08742_2.00	0.0951125	ATOH1,ATOH8,BHLHA15,BHLHE22,BHLHE23,FERD3L,NEUROD1,NEUROD2,NEUROG1,NEUROG2,OLIG1,OLIG2,OLIG3	AC0609: ATOH1,HAND2,LYL1,NEUROD1,NEUROD2,NEUROG2,OLIG2,OLIG3,PTF1A,TAL1::TCF3,TWIST1,ZBTB18,ZBTB42	12413	pos.Average_294__merged_pattern_4	12	12	Lung,Muscle,Spleen,StomachEsophagus,Thymus	pulmonary neuroendocrine,vascular endothelial,smooth muscle,myogenic progenitors,keratinocytes,fibroblasts,endothelial,Fibroblast,cortical TEC
64	64|BHLH_BHLH_ZEB/SNAI	64.BHLH_BHLH_ZEB.SNAI	positive	176	64.BHLH_BHLH_ZEB.SNAI__cwm.fwd.png	64.BHLH_BHLH_ZEB.SNAI__cwm.rev.png	TGGAAAGCACATGTAAGGT	BHLH_BHLH_ZEB/SNAI	BHLH_BHLH	heterocomposite	MAX	MA0058.2	0.250713	MAX,MYC,MYCN	AC0552: ATF6B,CLOCK,CREB3,CREB3L1,CREB3L4,HES1,HES2,HES5,HES6,HES7,HEY1,HEY2,MAX,MAX::MYC,MNT,MXI1,MYC,MYCN,NPAS2,SOHLH2	25	pos.Average_303__merged_pattern_52	1	1	Skin	fibroblast
65	65|BHLH_BZIP:ATF/CREB#1	65.BHLH_BZIP:ATF.CREB#1	positive	422	65.BHLH_BZIP:ATF.CREB#1__cwm.fwd.png	65.BHLH_BZIP:ATF.CREB#1__cwm.rev.png	ATGATATCATTTGCATCTG	BHLH_BZIP:ATF/CREB#1	BHLH_BZIP	heterocomposite	ATF2	M08788_2.00	1.26E-03	ATF2,ATF7,CREB5	AC0547: ATF1,ATF2,ATF3,ATF4,ATF6,ATF6B,ATF7,BACH2,BATF3,CREB1,CREB3,CREB3L4,CREB5,CREM,FOS,FOS::JUN,FOSB,FOSB::JUN,FOSB::JUNB,FOSL1,FOSL1::JUN,FOSL1::JUND,FOSL2,FOSL2::JUN,FOSL2::JUNB,FOSL2::JUND,JDP2,JUN,JUN::JUNB,JUNB,JUND,XBP1,ZNF614	21	pos.Average_85__merged_pattern_10	1	1	Muscle	myogenic progenitors
66	66|BHLH_BZIP:ATF/CREB#2	66.BHLH_BZIP:ATF.CREB#2	positive	140	66.BHLH_BZIP:ATF.CREB#2__cwm.fwd.png	66.BHLH_BZIP:ATF.CREB#2__cwm.rev.png	ATGACGTCATCCCCCAGCTGT	BHLH_BZIP:ATF/CREB#2	BHLH_BZIP	heterocomposite	FOSL2	M05834_2.00	6.14E-05	FOS,FOSB,FOSL1,FOSL2	AC0547: ATF1,ATF2,ATF3,ATF4,ATF6,ATF6B,ATF7,BACH2,BATF3,CREB1,CREB3,CREB3L4,CREB5,CREM,FOS,FOS::JUN,FOSB,FOSB::JUN,FOSB::JUNB,FOSL1,FOSL1::JUN,FOSL1::JUND,FOSL2,FOSL2::JUN,FOSL2::JUNB,FOSL2::JUND,JDP2,JUN,JUN::JUNB,JUNB,JUND,XBP1,ZNF614	69	pos.Average_85__merged_pattern_4	3	3	Muscle,Skin	myogenic progenitors,fibroblast
67	67|BHLH_BZIP:ATF/CREB#3	67.BHLH_BZIP:ATF.CREB#3	positive	226	67.BHLH_BZIP:ATF.CREB#3__cwm.fwd.png	67.BHLH_BZIP:ATF.CREB#3__cwm.rev.png	ATGACATCATCCCTCCAGATG	BHLH_BZIP:ATF/CREB#3	BHLH_BZIP	heterocomposite	JUN	M08072_2.00	4.15E-05	JUN,JUNB,JUND	AC0547: ATF1,ATF2,ATF3,ATF4,ATF6,ATF6B,ATF7,BACH2,BATF3,CREB1,CREB3,CREB3L4,CREB5,CREM,FOS,FOS::JUN,FOSB,FOSB::JUN,FOSB::JUNB,FOSL1,FOSL1::JUN,FOSL1::JUND,FOSL2,FOSL2::JUN,FOSL2::JUNB,FOSL2::JUND,JDP2,JUN,JUN::JUNB,JUNB,JUND,XBP1,ZNF614	24	pos.Average_85__merged_pattern_9	1	1	Muscle	myogenic progenitors
68	68|BHLH_BZIP:FOSL/JUND	68.BHLH_BZIP:FOSL.JUND	positive	514	68.BHLH_BZIP:FOSL.JUND__cwm.fwd.png	68.BHLH_BZIP:FOSL.JUND__cwm.rev.png	CCAGCTGGGATGAGTCAT	BHLH_BZIP:FOSL/JUND	BHLH_BZIP	heterocomposite	FOSB	M08795_2.00	0.00149107	FOS,FOSB,FOSL1,FOSL2	AC0242: ATF3,BACH1,BACH2,BATF,BATF::JUN,BATF3,BNC2,CREB1,FOS,FOS::JUN,FOS::JUNB,FOS::JUND,FOSB,FOSB::JUNB,FOSL1,FOSL1::JUN,FOSL1::JUNB,FOSL1::JUND,FOSL2,FOSL2::JUN,FOSL2::JUNB,FOSL2::JUND,JDP2,JUN,JUN::JUNB,JUNB,JUND,NFE2,NFE2L1	24	pos.Average_303__merged_pattern_54	1	1	Skin	schwann
69	69|BHLH_EBF	69.BHLH_EBF	positive	238	69.BHLH_EBF__cwm.fwd.png	69.BHLH_EBF__cwm.rev.png	CATCTGTTCCCCAGGGA	BHLH_EBF	BHLH_EBF	heterocomposite	EBF1	MA0154.2	1.80E-03	EBF1,EBF2,EBF3	AC0046: EBF1,EBF3	20	pos.Average_303__merged_pattern_62	1	1	Skin	pericyte
70	70|BHLH_HD#1	70.BHLH_HD#1	positive	1278	70.BHLH_HD#1__cwm.fwd.png	70.BHLH_HD#1__cwm.rev.png	CAGATGTCTGGATTTAATTA	BHLH_HD#1	BHLH_HD	heterocomposite	TWIST1	M08722_2.00	7.35E-04	FIGLA,HAND1,HAND2,PTF1A,TWIST1,TWIST2	AC0609: ATOH1,HAND2,LYL1,NEUROD1,NEUROD2,NEUROG2,OLIG2,OLIG3,PTF1A,TAL1::TCF3,TWIST1,ZBTB18,ZBTB42	67	pos.Average_303__merged_pattern_31	2	2	Skin	fibroblast
71	71|BHLH_HD#2	71.BHLH_HD#2	positive	54017	71.BHLH_HD#2__cwm.fwd.png	71.BHLH_HD#2__cwm.rev.png	TAATTAAAACAATATG	BHLH_HD#2	BHLH_HD	heterocomposite	TWIST1	M08722_2.00	2.21E-05	FIGLA,HAND1,HAND2,PTF1A,TWIST1,TWIST2	AC0609: ATOH1,HAND2,LYL1,NEUROD1,NEUROD2,NEUROG2,OLIG2,OLIG3,PTF1A,TAL1::TCF3,TWIST1,ZBTB18,ZBTB42	18068	pos.Average_303__merged_pattern_5	12	11	Muscle,Skin	myogenic progenitors,fibroblast,melanocyte,melanocyte progenitor,vascular endothelium,pericyte,schwann
72	72|BHLH_HD:MEIS/TGIF/TBX#1	72.BHLH_HD:MEIS.TGIF.TBX#1	positive	12004	72.BHLH_HD:MEIS.TGIF.TBX#1__cwm.fwd.png	72.BHLH_HD:MEIS.TGIF.TBX#1__cwm.rev.png	GTGACAGAGACCATATGGC	BHLH_HD:MEIS/TGIF/TBX#1	BHLH_HD:MEIS/TGIF/TBX	heterocomposite	BHLHE23	M04108_2.00	0.0149074	ATOH1,ATOH8,BHLHA15,BHLHE22,BHLHE23,FERD3L,NEUROD1,NEUROD2,NEUROG1,NEUROG2,OLIG1,OLIG2,OLIG3	AC0607: ATOH1,ATOH7,BHLHA15,BHLHE22,BHLHE23,FERD3L,MESP2,MSC,MSGN1,NEUROD1,NEUROD2,NEUROG1,NEUROG2,OLIG1,OLIG2,OLIG3,TCF21,TFAP4	33	pos.Average_303__merged_pattern_45	1	1	Heart	vCM
73	73|BHLH_HD:MEIS/TGIF/TBX#2	73.BHLH_HD:MEIS.TGIF.TBX#2	positive	6585	73.BHLH_HD:MEIS.TGIF.TBX#2__cwm.fwd.png	73.BHLH_HD:MEIS.TGIF.TBX#2__cwm.rev.png	TTAAGTTGATATATTACATATG	BHLH_HD:MEIS/TGIF/TBX#2	BHLH_HD:MEIS/PKNOX	heterocomposite	ZNF276	M04496_2.00	0.413109	ZFP91,ZNF276,ZNF692	AC0337: ZNF276	2354	pos.Spleen__Average_399__merged_pattern_0	3	3	Spleen	Fibroblast
74	74|BHLH_HD:PBX1/PDX1	74.BHLH_HD:PBX1.PDX1	positive	252	74.BHLH_HD:PBX1.PDX1__cwm.fwd.png	74.BHLH_HD:PBX1.PDX1__cwm.rev.png	TGATTGATGGGGACAGGTG	BHLH_HD:PBX1/PDX1	BHLH_HD	heterocomposite	PDX1	M09147_2.00	0.00458877	PDX1	AC0557: HOXA1,PBX1,PDX1	21	pos.Average_293__merged_pattern_9	1	1	Muscle	myocytes (fast/Type II)
75	75|BHLH_HD:PITX/OTX#1	75.BHLH_HD:PITX.OTX#1	positive	405	75.BHLH_HD:PITX.OTX#1__cwm.fwd.png	75.BHLH_HD:PITX.OTX#1__cwm.rev.png	GGATTAAGGTAGCAGCTG	BHLH_HD:PITX/OTX#1	BHLH_HD	heterocomposite	PITX1	M03083_2.00	0.131877	PITX1,PITX2,PITX3	AC0564: CRX,DMBX1,DPRX,GATA1,GSC,GSC2,OTX1,OTX2,PITX1,PITX2,PITX3,RHOXF2	118	pos.Average_271__merged_pattern_10	2	2	Eye	rod,bipolar
76	76|BHLH_HD:PITX/OTX#2	76.BHLH_HD:PITX.OTX#2	positive	263	76.BHLH_HD:PITX.OTX#2__cwm.fwd.png	76.BHLH_HD:PITX.OTX#2__cwm.rev.png	CAGATGGGGATTA	BHLH_HD:PITX/OTX#2	BHLH_HD	heterocomposite	MZF1	MA0056.2	0.184726	MYNN,MZF1,OSR2,PRDM14,PRDM5,PRDM6,WT1,ZBTB14,ZBTB16,ZBTB24,ZBTB40,ZBTB44,ZBTB48,ZBTB49,ZFP1,ZFP28,ZFP3,ZFP41,ZFP64,ZFP90,ZIM3,ZKSCAN8,ZNF10,ZNF121,ZNF135,ZNF141,ZNF154,ZNF16,ZNF165,ZNF18,ZNF184,ZNF189,ZNF197,ZNF205,ZNF23,ZNF239,ZNF250,ZNF254,ZNF257,ZNF263,ZNF266,ZNF267,ZNF273,ZNF274,ZNF317,ZNF320,ZNF329,ZNF331,ZNF337,ZNF34,ZNF35,ZNF394,ZNF416,ZNF425,ZNF429,ZNF433,ZNF441,ZNF444,ZNF449,ZNF454,ZNF480,ZNF483,ZNF485,ZNF502,ZNF506,ZNF527,ZNF528,ZNF529,ZNF530,ZNF534,ZNF547,ZNF549,ZNF550,ZNF554,ZNF560,ZNF565,ZNF578,ZNF584,ZNF586,ZNF610,ZNF623,ZNF626,ZNF660,ZNF662,ZNF664,ZNF667,ZNF677,ZNF680,ZNF681,ZNF682,ZNF684,ZNF7,ZNF707,ZNF708,ZNF713,ZNF714,ZNF74,ZNF749,ZNF766,ZNF768,ZNF789,ZNF79,ZNF790,ZNF791,ZNF793,ZNF85,ZNF879,ZNF880,ZNF90,ZSCAN16,ZSCAN21,ZSCAN22	AC0176: MZF1	21	pos.Average_294__merged_pattern_38	1	1	Eye	cone
77	77|BHLH_HD:PITX/OTX#3	77.BHLH_HD:PITX.OTX#3	positive	224	77.BHLH_HD:PITX.OTX#3__cwm.fwd.png	77.BHLH_HD:PITX.OTX#3__cwm.rev.png	GGATTAGCCATCTG	BHLH_HD:PITX/OTX#3	BHLH_HD	heterocomposite	CRX	M00270_2.00	4.56E-02	CRX,OTX1,OTX2	AC0576: CRX,HOXA3,PAX3,PAX4,POU5F1B,PROP1,TLX2,VSX2	53	pos.Average_271__merged_pattern_12	1	1	Eye	rod
78	78|BHLH_HD_HD	78.BHLH_HD_HD	positive	32	78.BHLH_HD_HD__cwm.fwd.png	78.BHLH_HD_HD__cwm.rev.png	ATCTGTTTTTAATTATGATTAAT	BHLH_HD_HD	BHLH_HD	heterocomposite	TWIST1	M08722_2.00	3.24E-04	FIGLA,HAND1,HAND2,PTF1A,TWIST1,TWIST2	AC0609: ATOH1,HAND2,LYL1,NEUROD1,NEUROD2,NEUROG2,OLIG2,OLIG3,PTF1A,TAL1::TCF3,TWIST1,ZBTB18,ZBTB42	35	pos.Average_303__merged_pattern_41	1	1	Skin	fibroblast
79	79|BHLH_IKZF1	79.BHLH_IKZF1	positive	56762	79.BHLH_IKZF1__cwm.fwd.png	79.BHLH_IKZF1__cwm.rev.png	CAGCTGCTTCCTG	BHLH_IKZF1	BHLH_IKZF1	heterocomposite	LYL1	M08714_2.00	1.39E-04	LYL1,NHLH1,NHLH2,TAL1	AC0609: ATOH1,HAND2,LYL1,NEUROD1,NEUROD2,NEUROG2,OLIG2,OLIG3,PTF1A,TAL1::TCF3,TWIST1,ZBTB18,ZBTB42	172	pos.Average_306__merged_pattern_46	1	1	Liver	B cell progenitor
80	80|BHLH_MEF2#1	80.BHLH_MEF2#1	positive	62467	80.BHLH_MEF2#1__cwm.fwd.png	80.BHLH_MEF2#1__cwm.rev.png	GTCAGCTGCTATTTTTAG	BHLH_MEF2#1	BHLH_MEF2	heterocomposite	MEF2D	M09250_2.00	0.00254104	MEF2A,MEF2B,MEF2C,MEF2D	AC0361: MEF2A,MEF2B,MEF2C,MEF2D	214	pos.Average_295__merged_pattern_3	4	4	Eye,Heart,Muscle	extraocular muscle,vCM,fibroblast,myocytes (fast/Type II)
81	81|BHLH_MEF2#2	81.BHLH_MEF2#2	positive	790	81.BHLH_MEF2#2__cwm.fwd.png	81.BHLH_MEF2#2__cwm.rev.png	CTATAAATAGATACCAGCTG	BHLH_MEF2#2	BHLH_MEF2	heterocomposite	MEF2D	M09250_2.00	0.00416228	MEF2A,MEF2B,MEF2C,MEF2D	AC0361: MEF2A,MEF2B,MEF2C,MEF2D	51	pos.Average_295__merged_pattern_11	1	1	Muscle	smooth muscle
82	82|BHLH_MEF2#3	82.BHLH_MEF2#3	positive	400	82.BHLH_MEF2#3__cwm.fwd.png	82.BHLH_MEF2#3__cwm.rev.png	CTAAAAATAGCCCGGCAGCTG	BHLH_MEF2#3	BHLH_MEF2	heterocomposite	MEF2A	MA0052.1	0.00108767	MEF2A,MEF2B,MEF2C,MEF2D	AC0361: MEF2A,MEF2B,MEF2C,MEF2D	33	pos.Average_295__merged_pattern_14	1	1	Eye	extraocular muscle
83	83|BHLH_MEF2#4	83.BHLH_MEF2#4	positive	363	83.BHLH_MEF2#4__cwm.fwd.png	83.BHLH_MEF2#4__cwm.rev.png	CTATTTTTAGCAAACAGCTG	BHLH_MEF2#4	BHLH_MEF2	heterocomposite	MEF2A	MA0052.1	0.00239406	MEF2A,MEF2B,MEF2C,MEF2D	AC0361: MEF2A,MEF2B,MEF2C,MEF2D	119	pos.Average_295__merged_pattern_4	3	3	Eye,Muscle	extraocular muscle,myocytes (fast/Type II),myocytes (slow/Type I)
84	84|BHLH_NFI	84.BHLH_NFI	positive	8078	84.BHLH_NFI__cwm.fwd.png	84.BHLH_NFI__cwm.rev.png	TTGGCAGAATTCCAGCTGG	BHLH_NFI	BHLH_NFI	heterocomposite	NFIC	M09378_2.00	0.104555	NFIA,NFIB,NFIC,NFIX	AC0082: NFIA,NFIB,NFIC,NFIC::TLX1,NFIX	180	pos.Average_276__merged_pattern_37	2	2	Brain,Muscle	excitatory neurons,fibroblasts
85	85|BHLH_NFI#1	85.BHLH_NFI#1	positive	1601	85.BHLH_NFI#1__cwm.fwd.png	85.BHLH_NFI#1__cwm.rev.png	TGGCTGCCTGCCAACAGCTG	BHLH_NFI#1	BHLH_NFI	heterocomposite	NFIC	M09378_2.00	0.0734203	NFIA,NFIB,NFIC,NFIX	AC0082: NFIA,NFIB,NFIC,NFIC::TLX1,NFIX	35	pos.Average_303__merged_pattern_42	1	1	Skin	skeletal muscle
86	86|BHLH_NFI#2	86.BHLH_NFI#2	positive	1592	86.BHLH_NFI#2__cwm.fwd.png	86.BHLH_NFI#2__cwm.rev.png	GCACCCTGCCAAGAACAGCTG	BHLH_NFI#2	BHLH_NFI	heterocomposite	NFIC	M09378_2.00	0.03	NFIA,NFIB,NFIC,NFIX	AC0082: NFIA,NFIB,NFIC,NFIC::TLX1,NFIX	146	pos.Average_276__merged_pattern_41	2	2	Brain,Skin	excitatory neurons,fibroblast
87	87|BHLH_NFI#3	87.BHLH_NFI#3	positive	738	87.BHLH_NFI#3__cwm.fwd.png	87.BHLH_NFI#3__cwm.rev.png	GGAAGGCTGCCAAGCATCTGGC	BHLH_NFI#3	BHLH_NFI	heterocomposite	NFIC	M09378_2.00	0.0492126	NFIA,NFIB,NFIC,NFIX	AC0082: NFIA,NFIB,NFIC,NFIC::TLX1,NFIX	535	pos.Average_276__merged_pattern_18	6	6	Brain,Muscle,Skin,Thymus	excitatory neurons,myocytes (fast/Type II),myocytes (slow/Type I),skeletal muscle,fibroblast,fibroblasts
88	88|BHLH_NFIhalf	88.BHLH_NFIhalf	positive	3073	88.BHLH_NFIhalf__cwm.fwd.png	88.BHLH_NFIhalf__cwm.rev.png	CAGCTGTTTTCTTTTGGC	BHLH_NFIhalf	BHLH_NFI	heterocomposite	TWIST1	M08722_2.00	0.447355	FIGLA,HAND1,HAND2,PTF1A,TWIST1,TWIST2	AC0609: ATOH1,HAND2,LYL1,NEUROD1,NEUROD2,NEUROG2,OLIG2,OLIG3,PTF1A,TAL1::TCF3,TWIST1,ZBTB18,ZBTB42	99	pos.Average_303__merged_pattern_25	2	2	Skin	fibroblast,schwann
89	89|BHLH_RUNX#1	89.BHLH_RUNX#1	positive	1602	89.BHLH_RUNX#1__cwm.fwd.png	89.BHLH_RUNX#1__cwm.rev.png	GCAGGTGCTGTGGT	BHLH_RUNX#1	BHLH_RUNX	heterocomposite	TCF12	M09458_2.00	0.0324289	TCF12,TCF3,TCF4	AC0608: ATOH1,BHLHA15,BHLHE22,FERD3L,MSC,MYF5,MYF6,MYOD1,MYOG,OLIG2,PTF1A,TCF12,TCF21,TFAP4,TFAP4::FLI1	40	pos.Average_276__merged_pattern_78	1	1	Thymus	CD8+ CD4+ thymocytes
90	90|BHLH_RUNX#2	90.BHLH_RUNX#2	positive	670	90.BHLH_RUNX#2__cwm.fwd.png	90.BHLH_RUNX#2__cwm.rev.png	GCAGGTGTTTGTGGT	BHLH_RUNX#2	BHLH_RUNX	heterocomposite	ERF::FIGLA	MA1934.1	0.0414143	not found in HOCOMOCO	AC0610: ASCL1,ASCL2,BHLHA15,ERF::FIGLA,ETV2::FIGLA,ETV5::FIGLA,FIGLA,HAND2,MESP1,MYF6,MYOD1,SNAI1,SNAI2,TCF12,TCF3,TCF4,TCF7L2,TFAP4::ETV1,ZEB1,ZNF273	113	pos.Average_294__merged_pattern_16	2	2	Thymus	CD8+ CD4+ thymocytes
91	91|BHLH_RUNX#3	91.BHLH_RUNX#3	positive	7109	91.BHLH_RUNX#3__cwm.fwd.png	91.BHLH_RUNX#3__cwm.rev.png	CAGCTGTGGTT	BHLH_RUNX#3	BHLH_RUNX	heterocomposite	TFAP4	M09802_2.00	0.432101	TFAP4	AC0611: NHLH1,NHLH2,TFAP4,ZBTB18	74	pos.Average_294__merged_pattern_20	2	2	Thymus	dendritic cells,cortical TEC
92	92|BHLH_RUNX#4	92.BHLH_RUNX#4	positive	377	92.BHLH_RUNX#4__cwm.fwd.png	92.BHLH_RUNX#4__cwm.rev.png	TGTGGTTACAGCTG	BHLH_RUNX#4	BHLH_RUNX	heterocomposite	RUNX1	M11258_2.00	5.12E-01	RUNX1,RUNX2,RUNX3	AC0015: RUNX1,RUNX2,RUNX3	34	pos.Average_276__merged_pattern_85	1	1	Thymus	CD8+ CD4+ thymocytes
93	93|BHLH_SP/KLF#1	93.BHLH_SP.KLF#1	positive	336	93.BHLH_SP.KLF#1__cwm.fwd.png	93.BHLH_SP.KLF#1__cwm.rev.png	CAGCTGCTGGGGGGCGGGG	BHLH_SP/KLF#1	BHLH_SP/KLF	heterocomposite	SP1	MA0079.2	2.39E-05	SP1,SP2,SP3,SP4,SP5,SP7,SP8,SP9	AC0110: MAZ,PATZ1,SP1,SP5,ZNF148,ZNF281,ZNF304,ZNF444,ZNF460,ZNF468,ZNF543	40	pos.Average_212__merged_pattern_27	1	1	Eye	extraocular muscle
94	94|BHLH_SP/KLF#2	94.BHLH_SP.KLF#2	positive	4020	94.BHLH_SP.KLF#2__cwm.fwd.png	94.BHLH_SP.KLF#2__cwm.rev.png	GCCCCTCCCCCCCTGCACCTG	BHLH_SP/KLF#2	BHLH_SP/KLF	heterocomposite	SP1	M08096_2.00	8.28E-04	SP1,SP2,SP3,SP4,SP5,SP7,SP8,SP9	AC0108: EGR2,KLF1,KLF10,KLF11,KLF12,KLF13,KLF14,KLF15,KLF16,KLF17,KLF2,KLF3,KLF4,KLF5,KLF6,KLF7,KLF9,SALL4,SP1,SP2,SP3,SP4,SP8,SP9,ZNF460	30	pos.Average_212__merged_pattern_28	1	1	Thymus	cortical TEC
95	95|BHLH_ZEB/SNAI	95.BHLH_ZEB.SNAI	positive	112	95.BHLH_ZEB.SNAI__cwm.fwd.png	95.BHLH_ZEB.SNAI__cwm.rev.png	ACCTGAAGTAATCCATCTG	BHLH_ZEB/SNAI	BHLH_ZEB/SNAI	heterocomposite	OLIG2	M08742_2.00	0.14252	ATOH1,ATOH8,BHLHA15,BHLHE22,BHLHE23,FERD3L,NEUROD1,NEUROD2,NEUROG1,NEUROG2,OLIG1,OLIG2,OLIG3	AC0609: ATOH1,HAND2,LYL1,NEUROD1,NEUROD2,NEUROG2,OLIG2,OLIG3,PTF1A,TAL1::TCF3,TWIST1,ZBTB18,ZBTB42	20	pos.Average_303__merged_pattern_60	1	1	Heart	fibroblast
96	96|BHLH_ZEB/SNAI_ZEB/SNAI	96.BHLH_ZEB.SNAI_ZEB.SNAI	negative	1173	96.BHLH_ZEB.SNAI_ZEB.SNAI__cwm.fwd.png	96.BHLH_ZEB.SNAI_ZEB.SNAI__cwm.rev.png	GGATACCAGATGGTCCTATTCACAT	BHLH_ZEB/SNAI_ZEB/SNAI	BHLH_ZEB/SNAI_ZEB/SNAI	heterocomposite	OLIG2	M04226_2.00	0.00178091	ATOH1,ATOH8,BHLHA15,BHLHE22,BHLHE23,FERD3L,NEUROD1,NEUROD2,NEUROG1,NEUROG2,OLIG1,OLIG2,OLIG3	AC0607: ATOH1,ATOH7,BHLHA15,BHLHE22,BHLHE23,FERD3L,MESP2,MSC,MSGN1,NEUROD1,NEUROD2,NEUROG1,NEUROG2,OLIG1,OLIG2,OLIG3,TCF21,TFAP4	35	neg.Average_12__merged_pattern_6	1	1	Skin	fibroblast
97	97|BHLH_p53	97.BHLH_p53	positive	241	97.BHLH_p53__cwm.fwd.png	97.BHLH_p53__cwm.rev.png	CATGTCCTGGCTTGCACCTG	BHLH_p53	BHLH_p53	heterocomposite	ZNF563	M08368_2.00	0.0132238	ZNF124,ZNF136,ZNF440,ZNF490,ZNF563,ZNF564,ZNF627,ZNF669,ZNF77	AC0461: ZNF563	27	pos.Average_229__merged_pattern_4	1	1	Thymus	cortical TEC
98	98|BHLHpartial	98.BHLHpartial	positive	42782	98.BHLHpartial__cwm.fwd.png	98.BHLHpartial__cwm.rev.png	GATAAAATCAAGCTGT	BHLHpartial	BHLH	partial	TWIST1	M08722_2.00	0.998327	FIGLA,HAND1,HAND2,PTF1A,TWIST1,TWIST2	AC0609: ATOH1,HAND2,LYL1,NEUROD1,NEUROD2,NEUROG2,OLIG2,OLIG3,PTF1A,TAL1::TCF3,TWIST1,ZBTB18,ZBTB42	364	pos.Average_303__merged_pattern_13	1	1	StomachEsophagus	fibroblasts
99	99|BZIP:ATF/CREB#1	99.BZIP:ATF.CREB#1	positive	2819019	99.BZIP:ATF.CREB#1__cwm.fwd.png	99.BZIP:ATF.CREB#1__cwm.rev.png	TGACGTCA	BZIP:ATF/CREB#1	BZIP	base	ATF3	M07825_2.00	0.00171898	ATF3,JDP2	AC0547: ATF1,ATF2,ATF3,ATF4,ATF6,ATF6B,ATF7,BACH2,BATF3,CREB1,CREB3,CREB3L4,CREB5,CREM,FOS,FOS::JUN,FOSB,FOSB::JUN,FOSB::JUNB,FOSL1,FOSL1::JUN,FOSL1::JUND,FOSL2,FOSL2::JUN,FOSL2::JUNB,FOSL2::JUND,JDP2,JUN,JUN::JUNB,JUNB,JUND,XBP1,ZNF614	602331	pos.Average_280__merged_pattern_0	280	189	Adrenal,Brain,Eye,Heart,Liver,Lung,Muscle,Skin,Spleen,StomachEsophagus,Thymus,Thyroid	adrenal cortex,excitatory neurons,dorsal radial glia,CGE-derived inhibitory neurons,smooth muscle cells,endothelial,oligodendrocyte precursor cells,macrophages,MGE-derived inhibitory neurons,retinal progenitor cell,fibroblast,RPE,horizontal,smooth muscle,astrocyte,myogenic progenitor,ciliated pigmented epithelium,schwann,melanocyte,immune,rod,amacrine,trabecular meshwork,extraocular muscle,retinal ganglion,bipolar,cone,vascular endothelium,vCM,endocardial,neuronal,epicardial,aCM,cycling vCM,pericyte,erythroblast,hepatocyte,B cell progenitor,megakaryocyte,cholangiocyte,Kupffer,stellate,airway epithelial progenitor,airway fibroblast,lymphatics,airway smooth muscle,pulmonary neuroendocrine,ciliated,mesothelial,vascular endothelial,pericytes,myocytes (fast/Type II),myocytes (slow/Type I),myogenic progenitors,keratinocytes,myoblasts,myocytes,fibroblasts,myoblasts (cycling),tenogenic cells,skeletal muscle,interfollicular cells,lymphatic endothelium,melanocyte progenitor,macrophage,keratinocyte,epidermal progenitor,Fibroblast,Erythroblast,Pericyte,Endothelial progenitor,B cells,T cells,Endothelial,chief and neck cells,cycling stromal,epithelial basal/keratinocyte,interstitial cells of Cajal,ciliated epithelium,endocrine cells,MYH3+ smooth muscle,parietal cells,keratinocytes/tuft cells,enteric glia,enteric neurons,CD8+ CD4+ thymocytes,vascular smooth muscle,dendritic cells,medullary TEC (myoid Type I),medullary TEC (myoid Type IIa),cortical TEC,endothelial cells,medullary TEC (myoid),thyroid follicular,stromal
100	100|BZIP:ATF/CREB#2	100.BZIP:ATF.CREB#2	positive	32455	100.BZIP:ATF.CREB#2__cwm.fwd.png	100.BZIP:ATF.CREB#2__cwm.rev.png	TGATGTCATCAC	BZIP:ATF/CREB#2	BZIP	base_with_flank	ATF3	M04324_2.00	0.02947	ATF3,JDP2	AC0547: ATF1,ATF2,ATF3,ATF4,ATF6,ATF6B,ATF7,BACH2,BATF3,CREB1,CREB3,CREB3L4,CREB5,CREM,FOS,FOS::JUN,FOSB,FOSB::JUN,FOSB::JUNB,FOSL1,FOSL1::JUN,FOSL1::JUND,FOSL2,FOSL2::JUN,FOSL2::JUNB,FOSL2::JUND,JDP2,JUN,JUN::JUNB,JUNB,JUND,XBP1,ZNF614	45	pos.Average_280__merged_pattern_37	1	1	Heart	epicardial
101	101|BZIP:ATF/CREB#3	101.BZIP:ATF.CREB#3	positive	16072	101.BZIP:ATF.CREB#3__cwm.fwd.png	101.BZIP:ATF.CREB#3__cwm.rev.png	TGAGGTCATTTCC	BZIP:ATF/CREB#3	BZIP	base_with_flank	ZNF200	M08232_2.00	0.28577	not found in HOCOMOCO	AC0622: EHF,ELF1,ELF2,ELF3,ELF4,ELF5,ETS2,ETV4,ETV5,FEV,FLI1,RUNX1,SPI1,SPIB,SPIC,ZNF200	51	pos.Average_306__merged_pattern_77	1	1	Skin	fibroblast
102	102|BZIP:ATF/CREB#4	102.BZIP:ATF.CREB#4	positive	5680	102.BZIP:ATF.CREB#4__cwm.fwd.png	102.BZIP:ATF.CREB#4__cwm.rev.png	CGGTGACATCACGGATAGGGCG	BZIP:ATF/CREB#4	BZIP	base_with_flank	CREB1	M04262_2.00	0.0476332	ATF1,CREB1,CREM	AC0547: ATF1,ATF2,ATF3,ATF4,ATF6,ATF6B,ATF7,BACH2,BATF3,CREB1,CREB3,CREB3L4,CREB5,CREM,FOS,FOS::JUN,FOSB,FOSB::JUN,FOSB::JUNB,FOSL1,FOSL1::JUN,FOSL1::JUND,FOSL2,FOSL2::JUN,FOSL2::JUNB,FOSL2::JUND,JDP2,JUN,JUN::JUNB,JUNB,JUND,XBP1,ZNF614	47	pos.Average_116__merged_pattern_0	2	2	Muscle,Skin	smooth muscle,keratinocyte
103	103|BZIP:ATF/CREB#5	103.BZIP:ATF.CREB#5	positive	2628	103.BZIP:ATF.CREB#5__cwm.fwd.png	103.BZIP:ATF.CREB#5__cwm.rev.png	TTTCCATGACATCAT	BZIP:ATF/CREB#5	BZIP	base_with_flank	CREM	M04230_2.00	0.073649	ATF1,CREB1,CREM	AC0547: ATF1,ATF2,ATF3,ATF4,ATF6,ATF6B,ATF7,BACH2,BATF3,CREB1,CREB3,CREB3L4,CREB5,CREM,FOS,FOS::JUN,FOSB,FOSB::JUN,FOSB::JUNB,FOSL1,FOSL1::JUN,FOSL1::JUND,FOSL2,FOSL2::JUN,FOSL2::JUNB,FOSL2::JUND,JDP2,JUN,JUN::JUNB,JUNB,JUND,XBP1,ZNF614	31	pos.Average_85__merged_pattern_6	1	1	Muscle	endothelial
104	104|BZIP:ATF/CREB_ETS	104.BZIP:ATF.CREB_ETS	positive	54904	104.BZIP:ATF.CREB_ETS__cwm.fwd.png	104.BZIP:ATF.CREB_ETS__cwm.rev.png	TGACGTCATTTCC	BZIP:ATF/CREB_ETS	BZIP_ETS	heterocomposite	JUN	M07836_2.00	0.0273204	JUN,JUNB,JUND	AC0547: ATF1,ATF2,ATF3,ATF4,ATF6,ATF6B,ATF7,BACH2,BATF3,CREB1,CREB3,CREB3L4,CREB5,CREM,FOS,FOS::JUN,FOSB,FOSB::JUN,FOSB::JUNB,FOSL1,FOSL1::JUN,FOSL1::JUND,FOSL2,FOSL2::JUN,FOSL2::JUNB,FOSL2::JUND,JDP2,JUN,JUN::JUNB,JUNB,JUND,XBP1,ZNF614	358	pos.Average_85__merged_pattern_2	1	1	Muscle	endothelial
105	105|BZIP:ATF/CREB_ETS:ELF/ETV	105.BZIP:ATF.CREB_ETS:ELF.ETV	positive	107756	105.BZIP:ATF.CREB_ETS:ELF.ETV__cwm.fwd.png	105.BZIP:ATF.CREB_ETS:ELF.ETV__cwm.rev.png	CGGAAGTGACGC	BZIP:ATF/CREB_ETS:ELF/ETV	BZIP_ETS	heterocomposite	ELK1::SREBF2	MA1933.1	7.46E-03	not found in HOCOMOCO	AC0626: EHF,ELF1,ELF2,ELF3,ELF4,ELF5,ELK1,ELK1::HOXA1,ELK1::HOXB13,ELK1::SREBF2,ELK3,ELK4,ERF,ERF::FOXI1,ERF::HOXB13,ERF::NHLH1,ERG,ETS1,ETS2,ETV1,ETV2,ETV2::DRGX,ETV2::HOXB13,ETV3,ETV4,ETV5,ETV5::DRGX,ETV5::HOXA2,ETV6,ETV7,FEV,FLI1,FLI1::DRGX,FOXJ2::ELF1,GABPA,HOXB2::ELK1,HOXD12::ELK1,NR2C2,SPDEF,ZBTB7A,ZNF200,ZNF519	69227	pos.Average_306__merged_pattern_1	186	166	Adrenal,Brain,Eye,Heart,Liver,Lung,Muscle,Skin,Spleen,StomachEsophagus,Thymus,Thyroid	adrenal cortex,excitatory neurons,dorsal radial glia,CGE-derived inhibitory neurons,smooth muscle cells,oligodendrocyte precursor cells,endothelial,macrophages,MGE-derived inhibitory neurons,retinal progenitor cell,fibroblast,RPE,horizontal,smooth muscle,astrocyte,myogenic progenitor,ciliated pigmented epithelium,schwann,melanocyte,immune,rod,amacrine,trabecular meshwork,extraocular muscle,retinal ganglion,bipolar,cone,vascular endothelium,vCM,endocardial,neuronal,epicardial,aCM,cycling vCM,pericyte,erythroblast,hepatocyte,B cell progenitor,megakaryocyte,Kupffer,stellate,airway fibroblast,airway epithelial progenitor,lymphatics,airway smooth muscle,ciliated,mesothelial,vascular endothelial,pericytes,myocytes (fast/Type II),myocytes (slow/Type I),myogenic progenitors,keratinocytes,myoblasts,myocytes,fibroblasts,myoblasts (cycling),tenogenic cells,skeletal muscle,interfollicular cells,lymphatic endothelium,melanocyte progenitor,macrophage,keratinocyte,epidermal progenitor,Fibroblast,Erythroblast,B cells,T cells,Endothelial,chief and neck cells,cycling stromal,epithelial basal/keratinocyte,interstitial cells of Cajal,ciliated epithelium,endocrine cells,MYH3+ smooth muscle,parietal cells,keratinocytes/tuft cells,enteric glia,CD8+ CD4+ thymocytes,vascular smooth muscle,medullary TEC (myoid Type I),medullary TEC (myoid Type IIa),cortical TEC,endothelial cells,medullary TEC (myoid),thyroid follicular,stromal
106	106|BZIP:ATF/CREB_MEF2	106.BZIP:ATF.CREB_MEF2	positive	283	106.BZIP:ATF.CREB_MEF2__cwm.fwd.png	106.BZIP:ATF.CREB_MEF2__cwm.rev.png	ATGAGGTCATTTCTATTTTTAG	BZIP:ATF/CREB_MEF2	BZIP_MEF2	heterocomposite	FOSL1	M04035_2.00	0.00260886	FOS,FOSB,FOSL1,FOSL2	AC0547: ATF1,ATF2,ATF3,ATF4,ATF6,ATF6B,ATF7,BACH2,BATF3,CREB1,CREB3,CREB3L4,CREB5,CREM,FOS,FOS::JUN,FOSB,FOSB::JUN,FOSB::JUNB,FOSL1,FOSL1::JUN,FOSL1::JUND,FOSL2,FOSL2::JUN,FOSL2::JUNB,FOSL2::JUND,JDP2,JUN,JUN::JUNB,JUNB,JUND,XBP1,ZNF614	71	pos.Average_85__merged_pattern_3	1	1	Thymus	medullary TEC (myoid Type IIa)
107	107|BZIP:ATF/CREB_NFIhalf	107.BZIP:ATF.CREB_NFIhalf	positive	719	107.BZIP:ATF.CREB_NFIhalf__cwm.fwd.png	107.BZIP:ATF.CREB_NFIhalf__cwm.rev.png	GCCAAAGAAGATGACCTCAT	BZIP:ATF/CREB_NFIhalf	BZIP_NFI	heterocomposite	FOSL2::JUN	MA1131.1	2.36E-04	not found in HOCOMOCO	AC0547: ATF1,ATF2,ATF3,ATF4,ATF6,ATF6B,ATF7,BACH2,BATF3,CREB1,CREB3,CREB3L4,CREB5,CREM,FOS,FOS::JUN,FOSB,FOSB::JUN,FOSB::JUNB,FOSL1,FOSL1::JUN,FOSL1::JUND,FOSL2,FOSL2::JUN,FOSL2::JUNB,FOSL2::JUND,JDP2,JUN,JUN::JUNB,JUNB,JUND,XBP1,ZNF614	28	pos.Average_85__merged_pattern_7	1	1	Skin	fibroblast
108	108|BZIP:ATF/CREB_SOX_SOX	108.BZIP:ATF.CREB_SOX_SOX	positive	1163	108.BZIP:ATF.CREB_SOX_SOX__cwm.fwd.png	108.BZIP:ATF.CREB_SOX_SOX__cwm.rev.png	AGAATGACGTCATTGT	BZIP:ATF/CREB_SOX_SOX	BZIP_SOX	heterocomposite	FOSL1	M04035_2.00	0.00153861	FOS,FOSB,FOSL1,FOSL2	AC0547: ATF1,ATF2,ATF3,ATF4,ATF6,ATF6B,ATF7,BACH2,BATF3,CREB1,CREB3,CREB3L4,CREB5,CREM,FOS,FOS::JUN,FOSB,FOSB::JUN,FOSB::JUNB,FOSL1,FOSL1::JUN,FOSL1::JUND,FOSL2,FOSL2::JUN,FOSL2::JUNB,FOSL2::JUND,JDP2,JUN,JUN::JUNB,JUNB,JUND,XBP1,ZNF614	35	pos.Average_280__merged_pattern_39	1	1	Heart	neuronal
109	109|BZIP:ATF/CREB_SP/KLF#1	109.BZIP:ATF.CREB_SP.KLF#1	positive	1187	109.BZIP:ATF.CREB_SP.KLF#1__cwm.fwd.png	109.BZIP:ATF.CREB_SP.KLF#1__cwm.rev.png	TCACGTCACTCGCGGCCCCGCCC	BZIP:ATF/CREB_SP/KLF#1	BZIP_SP/KLF	heterocomposite	ATF3	M07825_2.00	4.26E-03	ATF3,JDP2	AC0547: ATF1,ATF2,ATF3,ATF4,ATF6,ATF6B,ATF7,BACH2,BATF3,CREB1,CREB3,CREB3L4,CREB5,CREM,FOS,FOS::JUN,FOSB,FOSB::JUN,FOSB::JUNB,FOSL1,FOSL1::JUN,FOSL1::JUND,FOSL2,FOSL2::JUN,FOSL2::JUNB,FOSL2::JUND,JDP2,JUN,JUN::JUNB,JUNB,JUND,XBP1,ZNF614	20	pos.Average_212__merged_pattern_32	1	1	Eye	fibroblast
110	110|BZIP:ATF/CREB_SP/KLF#2	110.BZIP:ATF.CREB_SP.KLF#2	positive	5079	110.BZIP:ATF.CREB_SP.KLF#2__cwm.fwd.png	110.BZIP:ATF.CREB_SP.KLF#2__cwm.rev.png	CCGCCCCGGCCGTGACGTCA	BZIP:ATF/CREB_SP/KLF#2	SP/KLF_unresolved	heterocomposite	ATF3	M07825_2.00	0.0168899	ATF3,JDP2	AC0547: ATF1,ATF2,ATF3,ATF4,ATF6,ATF6B,ATF7,BACH2,BATF3,CREB1,CREB3,CREB3L4,CREB5,CREM,FOS,FOS::JUN,FOSB,FOSB::JUN,FOSB::JUNB,FOSL1,FOSL1::JUN,FOSL1::JUND,FOSL2,FOSL2::JUN,FOSL2::JUNB,FOSL2::JUND,JDP2,JUN,JUN::JUNB,JUNB,JUND,XBP1,ZNF614	79	pos.Average_280__merged_pattern_33	3	3	Brain,StomachEsophagus,Thyroid	excitatory neurons,smooth muscle,thyroid follicular
111	111|BZIP:ATF/CREB_TEAD#1	111.BZIP:ATF.CREB_TEAD#1	positive	4474	111.BZIP:ATF.CREB_TEAD#1__cwm.fwd.png	111.BZIP:ATF.CREB_TEAD#1__cwm.rev.png	ATGACGTCATCCCAAAAGAATG	BZIP:ATF/CREB_TEAD#1	BZIP_TEAD	heterocomposite	ATF2	M08788_2.00	1.61E-05	ATF2,ATF7,CREB5	AC0547: ATF1,ATF2,ATF3,ATF4,ATF6,ATF6B,ATF7,BACH2,BATF3,CREB1,CREB3,CREB3L4,CREB5,CREM,FOS,FOS::JUN,FOSB,FOSB::JUN,FOSB::JUNB,FOSL1,FOSL1::JUN,FOSL1::JUND,FOSL2,FOSL2::JUN,FOSL2::JUNB,FOSL2::JUND,JDP2,JUN,JUN::JUNB,JUNB,JUND,XBP1,ZNF614	1421	pos.Average_306__merged_pattern_12	2	2	Skin	fibroblast,schwann
112	112|BZIP:ATF/CREB_TEAD#2	112.BZIP:ATF.CREB_TEAD#2	positive	8044	112.BZIP:ATF.CREB_TEAD#2__cwm.fwd.png	112.BZIP:ATF.CREB_TEAD#2__cwm.rev.png	ACATTCTTTTCTGATGAGGTA	BZIP:ATF/CREB_TEAD#2	BZIP_TEAD	heterocomposite	JUN	M07834_2.00	5.22E-03	JUN,JUNB,JUND	AC0241: JUN,NFE2L1	374	pos.Average_286__merged_pattern_3	1	1	Heart	fibroblast
113	113|BZIP:BACH/NFE#1	113.BZIP:BACH.NFE#1	positive	350440	113.BZIP:BACH.NFE#1__cwm.fwd.png	113.BZIP:BACH.NFE#1__cwm.rev.png	GCTGCGTCAT	BZIP:BACH/NFE#1	BZIP	base	NFE2	M09486_2.00	4.14E-02	BACH1,BACH2,NFE2,NFE2L1,NFE2L2	AC0239: BACH1,BACH2,MAF::NFE2,MAFG::NFE2L1,MAFK,NFE2,NFE2L2	106	pos.Average_287__merged_pattern_9	1	1	Liver	megakaryocyte
114	114|BZIP:BACH/NFE#2	114.BZIP:BACH.NFE#2	positive	4946	114.BZIP:BACH.NFE#2__cwm.fwd.png	114.BZIP:BACH.NFE#2__cwm.rev.png	CTTGCTGAGTCATG	BZIP:BACH/NFE#2	BZIP	base_with_flank	NFE2	M08793_2.00	9.43E-04	BACH1,BACH2,NFE2,NFE2L1,NFE2L2	AC0239: BACH1,BACH2,MAF::NFE2,MAFG::NFE2L1,MAFK,NFE2,NFE2L2	25	pos.Average_287__merged_pattern_15	1	1	Skin	keratinocyte
115	115|BZIP:CEBP#1	115.BZIP:CEBP#1	positive	1174356	115.BZIP:CEBP#1__cwm.fwd.png	115.BZIP:CEBP#1__cwm.rev.png	ATTGTGCAAT	BZIP:CEBP#1	BZIP:CEBP	base	CEBPB	M08804_2.00	1.32E-10	CEBPA,CEBPB,CEBPD,CEBPE,CEBPG,DDIT3	AC0402: CEBPA,CEBPB,CEBPD,CEBPE,CEBPG,DBP,HLF,NFIL3	169903	pos.Average_258__merged_pattern_0	67	44	Adrenal,Brain,Liver,Lung,Muscle,Skin,Spleen,StomachEsophagus,Thymus	adrenal cortex,smooth muscle cells,endothelial,hepatocyte,cholangiocyte,Kupffer,erythroblast,stellate,airway epithelial progenitor,airway fibroblast,lymphatics,immune,pulmonary neuroendocrine,ciliated,mesothelial,vascular endothelial,airway smooth muscle,pericytes,smooth muscle,keratinocytes,fibroblast,keratinocyte,vascular endothelium,skeletal muscle,T cells,ciliated epithelium,keratinocytes/tuft cells,cortical TEC
116	116|BZIP:CEBP#3	116.BZIP:CEBP#3	positive	617	116.BZIP:CEBP#3__cwm.fwd.png	116.BZIP:CEBP#3__cwm.rev.png	CAAAGTTTCAGTTTTGCAA	BZIP:CEBP#3	BZIP:CEBP	base_with_flank	IRF5	M05538_2.00	0.370191	IRF1,IRF2,IRF3,IRF4,IRF5,IRF6,IRF7,IRF8,IRF9	AC0188: IRF1,IRF2,IRF3,IRF4,IRF5,IRF7,IRF8,IRF9,STAT1,STAT1::STAT2,STAT2,ZNF71	71	pos.Average_258__merged_pattern_3	1	1	Liver	hepatocyte
117	117|BZIP:CEBP#4	117.BZIP:CEBP#4	positive	488	117.BZIP:CEBP#4__cwm.fwd.png	117.BZIP:CEBP#4__cwm.rev.png	TTGTGCAAGAGGTCAAAG	BZIP:CEBP#4	BZIP:CEBP	base_with_flank	NR2E1	M02394_2.00	0.477921	NR2E1	AC0414: NR1H4,NR2C1,NR2C2,NR2E1,NR2E3,NR2F1,NR2F2,NR2F6,NR4A1,NR4A2,RARA,RARB,RARG,RORA,RXRA,RXRB	30	pos.Average_258__merged_pattern_9	1	1	Liver	hepatocyte
118	118|BZIP:CEBPB_FOX	118.BZIP:CEBPB_FOX	positive	832	118.BZIP:CEBPB_FOX__cwm.fwd.png	118.BZIP:CEBPB_FOX__cwm.rev.png	GTAAATATTGCGCAAT	BZIP:CEBPB_FOX	BZIP_FOX	heterocomposite	CEBPE	M02729_2.00	3.81E-03	CEBPA,CEBPB,CEBPD,CEBPE,CEBPG,DDIT3	AC0402: CEBPA,CEBPB,CEBPD,CEBPE,CEBPG,DBP,HLF,NFIL3	79	pos.Average_288__merged_pattern_17	2	2	Lung	ciliated,airway epithelial progenitor
119	119|BZIP:CEBP_ETS	119.BZIP:CEBP_ETS	positive	16518	119.BZIP:CEBP_ETS__cwm.fwd.png	119.BZIP:CEBP_ETS__cwm.rev.png	TTGTGCAATTTCC	BZIP:CEBP_ETS	BZIP:CEBP	base_with_flank	CEBPA	M08076_2.00	0.288443	CEBPA,CEBPB,CEBPD,CEBPE,CEBPG,DDIT3	AC0402: CEBPA,CEBPB,CEBPD,CEBPE,CEBPG,DBP,HLF,NFIL3	61	pos.Average_258__merged_pattern_4	2	2	Lung	lymphatics,vascular endothelial
120	120|BZIP:CEBP_FOX#1	120.BZIP:CEBP_FOX#1	positive	672	120.BZIP:CEBP_FOX#1__cwm.fwd.png	120.BZIP:CEBP_FOX#1__cwm.rev.png	ATTGCACAACTATGTAAATA	BZIP:CEBP_FOX#1	BZIP:CEBP_FOX	heterocomposite	CEBPA	MA0102.3	6.10E-06	CEBPA,CEBPB,CEBPD,CEBPE,CEBPG,DDIT3	AC0402: CEBPA,CEBPB,CEBPD,CEBPE,CEBPG,DBP,HLF,NFIL3	46	pos.Average_288__merged_pattern_29	2	2	Lung	immune,pericytes
121	121|BZIP:CEBP_FOX#2	121.BZIP:CEBP_FOX#2	positive	5437	121.BZIP:CEBP_FOX#2__cwm.fwd.png	121.BZIP:CEBP_FOX#2__cwm.rev.png	GTTGTGCAATATTTAC	BZIP:CEBP_FOX#2	BZIP:CEBP_FOX	heterocomposite	CEBPB	MA0466.1	2.80E-02	CEBPA,CEBPB,CEBPD,CEBPE,CEBPG,DDIT3	AC0402: CEBPA,CEBPB,CEBPD,CEBPE,CEBPG,DBP,HLF,NFIL3	143	pos.Average_257__merged_pattern_1	1	1	Liver	hepatocyte
122	122|BZIP:CEBP_FOX#3	122.BZIP:CEBP_FOX#3	positive	453	122.BZIP:CEBP_FOX#3__cwm.fwd.png	122.BZIP:CEBP_FOX#3__cwm.rev.png	GCAAACAGGATTACATAAT	BZIP:CEBP_FOX#3	BZIP:CEBP_FOX	heterocomposite	CEBPB	MA0466.1	0.0190771	CEBPA,CEBPB,CEBPD,CEBPE,CEBPG,DDIT3	AC0402: CEBPA,CEBPB,CEBPD,CEBPE,CEBPG,DBP,HLF,NFIL3	28	pos.Average_258__merged_pattern_10	1	1	Liver	hepatocyte
123	123|BZIP:CEBP_NFI	123.BZIP:CEBP_NFI	positive	125	123.BZIP:CEBP_NFI__cwm.fwd.png	123.BZIP:CEBP_NFI__cwm.rev.png	GCCAAAAAATGGTTACACAAT	BZIP:CEBP_NFI	BZIP:CEBP_NFI	heterocomposite	CEBPB	M07831_2.00	5.47E-05	CEBPA,CEBPB,CEBPD,CEBPE,CEBPG,DDIT3	AC0402: CEBPA,CEBPB,CEBPD,CEBPE,CEBPG,DBP,HLF,NFIL3	36	pos.Average_258__merged_pattern_7	1	1	Skin	fibroblast
124	124|BZIP:CEBP_NR2/RXR	124.BZIP:CEBP_NR2.RXR	positive	280	124.BZIP:CEBP_NR2.RXR__cwm.fwd.png	124.BZIP:CEBP_NR2.RXR__cwm.rev.png	TTGTGCAATCTGACCTTTG	BZIP:CEBP_NR2/RXR	BZIP:CEBP_NR	heterocomposite	NR2F2	M08223_2.00	0.00426049	NR2F1,NR2F2,NR2F6	AC0414: NR1H4,NR2C1,NR2C2,NR2E1,NR2E3,NR2F1,NR2F2,NR2F6,NR4A1,NR4A2,RARA,RARB,RARG,RORA,RXRA,RXRB	93	pos.Average_258__merged_pattern_1	3	3	Liver	hepatocyte
125	125|BZIP:CEBP_TEAD	125.BZIP:CEBP_TEAD	positive	35210	125.BZIP:CEBP_TEAD__cwm.fwd.png	125.BZIP:CEBP_TEAD__cwm.rev.png	AATGCAGTGGCGCAA	BZIP:CEBP_TEAD	BZIP:CEBP_TEAD	heterocomposite	ZNF496	M07609_2.00	1.14E-04	not found in HOCOMOCO	AC0405: ZNF496	237	pos.Average_253__merged_pattern_0	2	2	Muscle,Skin	smooth muscle,epidermal progenitor
126	126|BZIP:DBP/HLF#1	126.BZIP:DBP.HLF#1	positive	15073	126.BZIP:DBP.HLF#1__cwm.fwd.png	126.BZIP:DBP.HLF#1__cwm.rev.png	CTGGTTTACGTCA	BZIP:DBP/HLF#1	BZIP	base_with_flank	CREB1	M09948_2.00	0.216003	ATF1,CREB1,CREM	AC0547: ATF1,ATF2,ATF3,ATF4,ATF6,ATF6B,ATF7,BACH2,BATF3,CREB1,CREB3,CREB3L4,CREB5,CREM,FOS,FOS::JUN,FOSB,FOSB::JUN,FOSB::JUNB,FOSL1,FOSL1::JUN,FOSL1::JUND,FOSL2,FOSL2::JUN,FOSL2::JUNB,FOSL2::JUND,JDP2,JUN,JUN::JUNB,JUNB,JUND,XBP1,ZNF614	104	pos.Average_303__merged_pattern_23	2	2	StomachEsophagus	smooth muscle,cycling stromal
127	127|BZIP:DBP/HLF#2	127.BZIP:DBP.HLF#2	positive	2952	127.BZIP:DBP.HLF#2__cwm.fwd.png	127.BZIP:DBP.HLF#2__cwm.rev.png	GGATCCAATTACGT	BZIP:DBP/HLF#2	BZIP	base	ZNF32	M04535_2.00	0.161781	ZIK1,ZNF32	AC0032: SIX1,SIX2,ZNF32	46	pos.Average_207__merged_pattern_2	1	1	Skin	skeletal muscle
128	128|BZIP:DBP/HLF_FOX	128.BZIP:DBP.HLF_FOX	positive	769	128.BZIP:DBP.HLF_FOX__cwm.fwd.png	128.BZIP:DBP.HLF_FOX__cwm.rev.png	GTTTGCACAATGACGTAA	BZIP:DBP/HLF_FOX	FOX_BZIP	heterocomposite	ATF1	M08792_2.00	0.202307	ATF1,CREB1,CREM	AC0547: ATF1,ATF2,ATF3,ATF4,ATF6,ATF6B,ATF7,BACH2,BATF3,CREB1,CREB3,CREB3L4,CREB5,CREM,FOS,FOS::JUN,FOSB,FOSB::JUN,FOSB::JUNB,FOSL1,FOSL1::JUN,FOSL1::JUND,FOSL2,FOSL2::JUN,FOSL2::JUNB,FOSL2::JUND,JDP2,JUN,JUN::JUNB,JUNB,JUND,XBP1,ZNF614	57	pos.Average_280__merged_pattern_35	2	2	StomachEsophagus	smooth muscle,keratinocytes/tuft cells
129	129|BZIP:DBP/HLF_NFIhalf	129.BZIP:DBP.HLF_NFIhalf	positive	169	129.BZIP:DBP.HLF_NFIhalf__cwm.fwd.png	129.BZIP:DBP.HLF_NFIhalf__cwm.rev.png	GCCAAGAAATTACATCAT	BZIP:DBP/HLF_NFIhalf	BZIP_NFI	heterocomposite	NFIL3	M04034_2.00	0.0231121	DBP,HLF,NFIL3,TEF	AC0403: ATF2,ATF4,CEBPG,DBP,HLF,NFIL3,TEF	25	pos.Average_276__merged_pattern_95	1	1	Muscle	smooth muscle
130	130|BZIP:DBP/HLF_NKX	130.BZIP:DBP.HLF_NKX	positive	1173	130.BZIP:DBP.HLF_NKX__cwm.fwd.png	130.BZIP:DBP.HLF_NKX__cwm.rev.png	AAGTGGATTACGTAA	BZIP:DBP/HLF_NKX	BZIP_NKX	heterocomposite	CEBPE	M02729_2.00	6.33E-02	CEBPA,CEBPB,CEBPD,CEBPE,CEBPG,DDIT3	AC0402: CEBPA,CEBPB,CEBPD,CEBPE,CEBPG,DBP,HLF,NFIL3	76	pos.Average_258__merged_pattern_2	1	1	Lung	airway epithelial progenitor
131	131|BZIP:FOSL	131.BZIP:FOSL	positive	414	131.BZIP:FOSL__cwm.fwd.png	131.BZIP:FOSL__cwm.rev.png	ACGTCACTGATGACCTT	BZIP:FOSL	BZIP	base_with_flank	FOSL1	M04036_2.00	0.00973648	FOS,FOSB,FOSL1,FOSL2	AC0508: FOSL1	25	pos.Average_280__merged_pattern_45	1	1	Adrenal	adrenal cortex
132	132|BZIP:FOSL/JUND#1	132.BZIP:FOSL.JUND#1	positive	1765471	132.BZIP:FOSL.JUND#1__cwm.fwd.png	132.BZIP:FOSL.JUND#1__cwm.rev.png	ATGACTCA	BZIP:FOSL/JUND#1	BZIP	base	JUN	M08806_2.00	2.08E-05	JUN,JUNB,JUND	AC0242: ATF3,BACH1,BACH2,BATF,BATF::JUN,BATF3,BNC2,CREB1,FOS,FOS::JUN,FOS::JUNB,FOS::JUND,FOSB,FOSB::JUNB,FOSL1,FOSL1::JUN,FOSL1::JUNB,FOSL1::JUND,FOSL2,FOSL2::JUN,FOSL2::JUNB,FOSL2::JUND,JDP2,JUN,JUN::JUNB,JUNB,JUND,NFE2,NFE2L1	213597	pos.Average_287__merged_pattern_0	114	112	Adrenal,Eye,Heart,Liver,Lung,Muscle,Skin,Spleen,StomachEsophagus,Thymus	adrenal cortex,fibroblast,extraocular muscle,vascular endothelium,vCM,endocardial,immune,epicardial,aCM,cycling vCM,pericyte,erythroblast,hepatocyte,endothelial,B cell progenitor,megakaryocyte,cholangiocyte,Kupffer,stellate,airway epithelial progenitor,airway fibroblast,lymphatics,pulmonary neuroendocrine,ciliated,vascular endothelial,airway smooth muscle,pericytes,myocytes (fast/Type II),smooth muscle,keratinocytes,macrophages,myocytes (slow/Type I),myocytes,myogenic progenitors,fibroblasts,myoblasts (cycling),tenogenic cells,melanocyte,skeletal muscle,interfollicular cells,lymphatic endothelium,melanocyte progenitor,macrophage,keratinocyte,schwann,Fibroblast,Erythroblast,Endothelial progenitor,T cells,Endothelial,chief and neck cells,cycling stromal,epithelial basal/keratinocyte,ciliated epithelium,MYH3+ smooth muscle,parietal cells,keratinocytes/tuft cells,enteric glia,enteric neurons,CD8+ CD4+ thymocytes,dendritic cells,medullary TEC (myoid Type IIa),cortical TEC,endothelial cells,medullary TEC (myoid)
133	133|BZIP:FOSL/JUND#2	133.BZIP:FOSL.JUND#2	positive	279	133.BZIP:FOSL.JUND#2__cwm.fwd.png	133.BZIP:FOSL.JUND#2__cwm.rev.png	CCACCCTGACTCATTCCGATTACCTGCTC	BZIP:FOSL/JUND#2	BZIP	base_with_flank	ZNF383	M07689_2.00	0.262772	ZNF383,ZNF566,ZNF582,ZNF621	AC0169: HKR1,KLF15,MAZ,PATZ1,PRDM9,VEZF1,WT1,ZBTB17,ZIM2,ZNF260,ZNF263,ZNF341,ZNF37A,ZNF383,ZNF432,ZNF467,ZNF529,ZNF71,ZNF774,ZNF880	91	pos.Skin__Skin_c17__pos_patterns.pattern_23__merged_pattern_0	1	1	Skin	keratinocyte
134	134|BZIP:FOSL/JUND#3	134.BZIP:FOSL.JUND#3	positive	15230	134.BZIP:FOSL.JUND#3__cwm.fwd.png	134.BZIP:FOSL.JUND#3__cwm.rev.png	GGAAATGACTCA	BZIP:FOSL/JUND#3	BZIP	base_with_flank	JUN	M08073_2.00	0.0052895	JUN,JUNB,JUND	AC0242: ATF3,BACH1,BACH2,BATF,BATF::JUN,BATF3,BNC2,CREB1,FOS,FOS::JUN,FOS::JUNB,FOS::JUND,FOSB,FOSB::JUNB,FOSL1,FOSL1::JUN,FOSL1::JUNB,FOSL1::JUND,FOSL2,FOSL2::JUN,FOSL2::JUNB,FOSL2::JUND,JDP2,JUN,JUN::JUNB,JUNB,JUND,NFE2,NFE2L1	59	pos.Average_306__merged_pattern_72	2	2	Heart,Skin	aCM,melanocyte
135	135|BZIP:FOSL/JUND#4	135.BZIP:FOSL.JUND#4	positive	3126	135.BZIP:FOSL.JUND#4__cwm.fwd.png	135.BZIP:FOSL.JUND#4__cwm.rev.png	TGAGTCATAGGAA	BZIP:FOSL/JUND#4	BZIP	base_with_flank	JUNB	M05838_2.00	0.001706	JUN,JUNB,JUND	AC0242: ATF3,BACH1,BACH2,BATF,BATF::JUN,BATF3,BNC2,CREB1,FOS,FOS::JUN,FOS::JUNB,FOS::JUND,FOSB,FOSB::JUNB,FOSL1,FOSL1::JUN,FOSL1::JUNB,FOSL1::JUND,FOSL2,FOSL2::JUN,FOSL2::JUNB,FOSL2::JUND,JDP2,JUN,JUN::JUNB,JUNB,JUND,NFE2,NFE2L1	35	pos.Average_287__merged_pattern_10	1	1	Muscle	endothelial
136	136|BZIP:FOSL/JUND#5	136.BZIP:FOSL.JUND#5	positive	631	136.BZIP:FOSL.JUND#5__cwm.fwd.png	136.BZIP:FOSL.JUND#5__cwm.rev.png	ATGAATCATCCCTTTGT	BZIP:FOSL/JUND#5	BZIP	base_with_flank	JUN	M07837_2.00	0.0243369	JUN,JUNB,JUND	AC0242: ATF3,BACH1,BACH2,BATF,BATF::JUN,BATF3,BNC2,CREB1,FOS,FOS::JUN,FOS::JUNB,FOS::JUND,FOSB,FOSB::JUNB,FOSL1,FOSL1::JUN,FOSL1::JUNB,FOSL1::JUND,FOSL2,FOSL2::JUN,FOSL2::JUNB,FOSL2::JUND,JDP2,JUN,JUN::JUNB,JUNB,JUND,NFE2,NFE2L1	34	pos.Skin__Skin_c7__pos_patterns.pattern_42__merged_pattern_0	1	1	Skin	schwann
137	137|BZIP:FOSL/JUND#6	137.BZIP:FOSL.JUND#6	positive	582	137.BZIP:FOSL.JUND#6__cwm.fwd.png	137.BZIP:FOSL.JUND#6__cwm.rev.png	TGAGTCACAAGGAC	BZIP:FOSL/JUND#6	BZIP	base_with_flank	FOS	M08802_2.00	0.458645	FOS,FOSB,FOSL1,FOSL2	AC0242: ATF3,BACH1,BACH2,BATF,BATF::JUN,BATF3,BNC2,CREB1,FOS,FOS::JUN,FOS::JUNB,FOS::JUND,FOSB,FOSB::JUNB,FOSL1,FOSL1::JUN,FOSL1::JUNB,FOSL1::JUND,FOSL2,FOSL2::JUN,FOSL2::JUNB,FOSL2::JUND,JDP2,JUN,JUN::JUNB,JUNB,JUND,NFE2,NFE2L1	28	pos.Average_287__merged_pattern_13	1	1	Adrenal	adrenal cortex
138	138|BZIP:FOSL/JUND#7	138.BZIP:FOSL.JUND#7	positive	37902	138.BZIP:FOSL.JUND#7__cwm.fwd.png	138.BZIP:FOSL.JUND#7__cwm.rev.png	TGAGTCATGTG	BZIP:FOSL/JUND#7	BZIP	base_with_flank	JUNB	M05838_2.00	9.39E-02	JUN,JUNB,JUND	AC0242: ATF3,BACH1,BACH2,BATF,BATF::JUN,BATF3,BNC2,CREB1,FOS,FOS::JUN,FOS::JUNB,FOS::JUND,FOSB,FOSB::JUNB,FOSL1,FOSL1::JUN,FOSL1::JUNB,FOSL1::JUND,FOSL2,FOSL2::JUN,FOSL2::JUNB,FOSL2::JUND,JDP2,JUN,JUN::JUNB,JUNB,JUND,NFE2,NFE2L1	20	pos.Average_280__merged_pattern_48	1	1	StomachEsophagus	smooth muscle
139	139|BZIP:FOSL/JUND_ETS	139.BZIP:FOSL.JUND_ETS	positive	1265	139.BZIP:FOSL.JUND_ETS__cwm.fwd.png	139.BZIP:FOSL.JUND_ETS__cwm.rev.png	GGAAGCATGAGTCA	BZIP:FOSL/JUND_ETS	BZIP_ETS	heterocomposite	NFE2L1	M04008_2.00	0.0380636	BACH1,BACH2,NFE2,NFE2L1,NFE2L2	AC0242: ATF3,BACH1,BACH2,BATF,BATF::JUN,BATF3,BNC2,CREB1,FOS,FOS::JUN,FOS::JUNB,FOS::JUND,FOSB,FOSB::JUNB,FOSL1,FOSL1::JUN,FOSL1::JUNB,FOSL1::JUND,FOSL2,FOSL2::JUN,FOSL2::JUNB,FOSL2::JUND,JDP2,JUN,JUN::JUNB,JUNB,JUND,NFE2,NFE2L1	24	pos.Average_287__merged_pattern_16	1	1	Heart	endocardial
140	140|BZIP:FOSL/JUND_FOX	140.BZIP:FOSL.JUND_FOX	positive	1863	140.BZIP:FOSL.JUND_FOX__cwm.fwd.png	140.BZIP:FOSL.JUND_FOX__cwm.rev.png	TATGTAAACAATGACTCA	BZIP:FOSL/JUND_FOX	BZIP_FOX	heterocomposite	FOXB1	M03029_2.00	7.31E-04	FOXB1	AC0382: FOXA1,FOXA2,FOXA3,FOXB1,FOXC1,FOXC2,FOXD2,FOXD3	32	pos.Average_288__merged_pattern_37	1	1	StomachEsophagus	smooth muscle
141	141|BZIP:FOSL/JUND_IKZF1	141.BZIP:FOSL.JUND_IKZF1	positive	20419	141.BZIP:FOSL.JUND_IKZF1__cwm.fwd.png	141.BZIP:FOSL.JUND_IKZF1__cwm.rev.png	TGAGTCATTTCC	BZIP:FOSL/JUND_IKZF1	BZIP_IKZF1	heterocomposite	BATF::JUN	MA0462.1	0.00261757	not found in HOCOMOCO	AC0242: ATF3,BACH1,BACH2,BATF,BATF::JUN,BATF3,BNC2,CREB1,FOS,FOS::JUN,FOS::JUNB,FOS::JUND,FOSB,FOSB::JUNB,FOSL1,FOSL1::JUN,FOSL1::JUNB,FOSL1::JUND,FOSL2,FOSL2::JUN,FOSL2::JUNB,FOSL2::JUND,JDP2,JUN,JUN::JUNB,JUNB,JUND,NFE2,NFE2L1	508	pos.Average_287__merged_pattern_3	7	7	Liver,Lung,Muscle,Spleen,StomachEsophagus,Thymus	Kupffer,lymphatics,vascular endothelial,endothelial,Endothelial,chief and neck cells,dendritic cells
142	142|BZIP:FOSL/JUND_NR:ESRRA/NR5A#1	142.BZIP:FOSL.JUND_NR:ESRRA.NR5A#1	positive	633	142.BZIP:FOSL.JUND_NR:ESRRA.NR5A#1__cwm.fwd.png	142.BZIP:FOSL.JUND_NR:ESRRA.NR5A#1__cwm.rev.png	ATGACTCACTGCAGCCTTGA	BZIP:FOSL/JUND_NR:ESRRA/NR5A#1	BZIP_NR	heterocomposite	JUNB	M05838_2.00	2.45E-02	JUN,JUNB,JUND	AC0242: ATF3,BACH1,BACH2,BATF,BATF::JUN,BATF3,BNC2,CREB1,FOS,FOS::JUN,FOS::JUNB,FOS::JUND,FOSB,FOSB::JUNB,FOSL1,FOSL1::JUN,FOSL1::JUNB,FOSL1::JUND,FOSL2,FOSL2::JUN,FOSL2::JUNB,FOSL2::JUND,JDP2,JUN,JUN::JUNB,JUNB,JUND,NFE2,NFE2L1	739	pos.Average_287__merged_pattern_2	4	4	Adrenal	adrenal cortex
143	143|BZIP:FOSL/JUND_NR:ESRRA/NR5A#2	143.BZIP:FOSL.JUND_NR:ESRRA.NR5A#2	positive	475	143.BZIP:FOSL.JUND_NR:ESRRA.NR5A#2__cwm.fwd.png	143.BZIP:FOSL.JUND_NR:ESRRA.NR5A#2__cwm.rev.png	TGACCTTGGGTGAGTCA	BZIP:FOSL/JUND_NR:ESRRA/NR5A#2	BZIP_NR	heterocomposite	ESRRB	M09272_2.00	0.015513	ESR1,ESR2,ESRRA,ESRRB,ESRRG	AC0422: ESR1,ESRRA,ESRRB,ESRRG,NR5A1,NR5A2	444	pos.Average_287__merged_pattern_6	2	2	Adrenal	adrenal cortex
144	144|BZIP:FOSL/JUND_TEAD	144.BZIP:FOSL.JUND_TEAD	positive	3887	144.BZIP:FOSL.JUND_TEAD__cwm.fwd.png	144.BZIP:FOSL.JUND_TEAD__cwm.rev.png	ACATTCCTGAGTTATGACTCA	BZIP:FOSL/JUND_TEAD	BZIP_TEAD	heterocomposite	JUN	M07834_2.00	1.75E-04	JUN,JUNB,JUND	AC0241: JUN,NFE2L1	120	pos.Average_286__merged_pattern_6	1	1	Heart	fibroblast
145	145|BZIP:JUND/CREB1	145.BZIP:JUND.CREB1	positive	576326	145.BZIP:JUND.CREB1__cwm.fwd.png	145.BZIP:JUND.CREB1__cwm.rev.png	GTGACGCA	BZIP:JUND/CREB1	BZIP	base	JUND	M04281_2.00	0.192031	JUN,JUNB,JUND	AC0390: CREB1,JUND	470	pos.Average_287__merged_pattern_4	1	1	Thymus	cortical TEC
146	146|BZIP:MAFG/MAFF_BZIP:MAFG/MAFF	146.BZIP:MAFG.MAFF_BZIP:MAFG.MAFF	positive	75372	146.BZIP:MAFG.MAFF_BZIP:MAFG.MAFF__cwm.fwd.png	146.BZIP:MAFG.MAFF_BZIP:MAFG.MAFF__cwm.rev.png	TGCTGACTCAGC	BZIP:MAFG/MAFF_BZIP:MAFG/MAFF	BZIP_BZIP	homocomposite	MAFB	M08811_2.00	1.62E-07	MAF,MAFA,MAFB,NRL	AC0244: BACH1,MAF,MAFA,MAFB,MAFF,MAFG,MAFK,NRL	4442	pos.Average_287__merged_pattern_1	3	2	Liver,Spleen	Kupffer,T cells
147	147|BZIP:MAFG/MAFF_TEAD	147.BZIP:MAFG.MAFF_TEAD	positive	43443	147.BZIP:MAFG.MAFF_TEAD__cwm.fwd.png	147.BZIP:MAFG.MAFF_TEAD__cwm.rev.png	GGAATGTCAGC	BZIP:MAFG/MAFF_TEAD	BZIP_TEAD	heterocomposite	TEAD3	M03576_2.00	1	TEAD1,TEAD2,TEAD3,TEAD4	AC0201: TEAD1,TEAD2,TEAD3,TEAD4	51	pos.Average_286__merged_pattern_9	1	1	Heart	cycling vCM
148	148|CTCF#1	148.CTCF#1	positive	2754874	148.CTCF#1__cwm.fwd.png	148.CTCF#1__cwm.rev.png	CCACCAGGGGGCGC	CTCF#1	CTCF	base	CTCF	M07892_2.00	2.86E-16	CTCF,CTCFL	AC0078: CTCF,CTCFL,ZNF2,ZNF223,ZNF552	2803327	pos.Average_305__merged_pattern_0	195	189	Adrenal,Brain,Eye,Heart,Liver,Lung,Muscle,Skin,Spleen,StomachEsophagus,Thymus,Thyroid	adrenal cortex,excitatory neurons,dorsal radial glia,CGE-derived inhibitory neurons,smooth muscle cells,endothelial,oligodendrocyte precursor cells,macrophages,MGE-derived inhibitory neurons,retinal progenitor cell,fibroblast,RPE,horizontal,smooth muscle,astrocyte,myogenic progenitor,ciliated pigmented epithelium,schwann,melanocyte,immune,rod,amacrine,trabecular meshwork,extraocular muscle,retinal ganglion,bipolar,cone,vascular endothelium,vCM,endocardial,neuronal,epicardial,aCM,cycling vCM,pericyte,erythroblast,hepatocyte,B cell progenitor,megakaryocyte,cholangiocyte,Kupffer,stellate,airway epithelial progenitor,airway fibroblast,lymphatics,airway smooth muscle,pulmonary neuroendocrine,ciliated,mesothelial,vascular endothelial,pericytes,myocytes (fast/Type II),myocytes (slow/Type I),myogenic progenitors,keratinocytes,myoblasts,myocytes,fibroblasts,myoblasts (cycling),tenogenic cells,skeletal muscle,interfollicular cells,lymphatic endothelium,melanocyte progenitor,macrophage,keratinocyte,epidermal progenitor,Fibroblast,Erythroblast,Pericyte,Endothelial progenitor,B cells,T cells,Endothelial,chief and neck cells,cycling stromal,epithelial basal/keratinocyte,interstitial cells of Cajal,ciliated epithelium,endocrine cells,MYH3+ smooth muscle,parietal cells,keratinocytes/tuft cells,enteric glia,enteric neurons,CD8+ CD4+ thymocytes,vascular smooth muscle,dendritic cells,medullary TEC (myoid Type I),medullary TEC (myoid Type IIa),cortical TEC,endothelial cells,medullary TEC (myoid),thyroid follicular,stromal
149	149|CTCF#2	149.CTCF#2	positive	685693	149.CTCF#2__cwm.fwd.png	149.CTCF#2__cwm.rev.png	AGCCCTCTAGTGG	CTCF#2	CTCF	base	CTCF	M07901_2.00	2.74E-03	CTCF,CTCFL	AC0078: CTCF,CTCFL,ZNF2,ZNF223,ZNF552	600	pos.Average_305__merged_pattern_2	11	11	Adrenal,Brain,Eye,Muscle,Thymus	adrenal cortex,excitatory neurons,endothelial,MGE-derived inhibitory neurons,immune,keratinocytes,myocytes,dendritic cells,medullary TEC (myoid Type I),B cells
150	150|CTCF#4	150.CTCF#4	positive	711556	150.CTCF#4__cwm.fwd.png	150.CTCF#4__cwm.rev.png	AGCGCCCCCAGCGG	CTCF#4	CTCF	base	ZNF2	M07780_2.00	1.73E-02	ZNF140,ZNF2,ZNF302	AC0078: CTCF,CTCFL,ZNF2,ZNF223,ZNF552	105	pos.Average_115__merged_pattern_0	2	2	Lung,Skin	ciliated,fibroblast
151	151|CTCF#5	151.CTCF#5	positive	40739	151.CTCF#5__cwm.fwd.png	151.CTCF#5__cwm.rev.png	CGGCAGGGGGCGCGCGCG	CTCF#5	CTCF	base_with_flank	CTCF	M07910_2.00	9.76E-04	CTCF,CTCFL	AC0078: CTCF,CTCFL,ZNF2,ZNF223,ZNF552	54	pos.Average_159__merged_pattern_5	2	2	Eye	fibroblast,retinal ganglion
152	152|CTCF_TBP	152.CTCF_TBP	positive	15074	152.CTCF_TBP__cwm.fwd.png	152.CTCF_TBP__cwm.rev.png	GTGCCCCCTGGTGGCTATAT	CTCF_TBP	CTCF_TBP	heterocomposite	ZNF223	M07654_2.00	4.13E-07	ZNF222,ZNF223,ZNF224,ZNF284	AC0078: CTCF,CTCFL,ZNF2,ZNF223,ZNF552	23	pos.Average_305__merged_pattern_13	1	1	Skin	skeletal muscle
153	153|CTCF_ZEB/SNAI	153.CTCF_ZEB.SNAI	positive	12335	153.CTCF_ZEB.SNAI__cwm.fwd.png	153.CTCF_ZEB.SNAI__cwm.rev.png	AGGTGCCCTCTAGTGG	CTCF_ZEB/SNAI	CTCF_ZEB/SNAI	heterocomposite	CTCF	M07890_2.00	4.00E-06	CTCF,CTCFL	AC0078: CTCF,CTCFL,ZNF2,ZNF223,ZNF552	78	pos.Average_305__merged_pattern_8	3	3	Heart,Muscle,Spleen	neuronal,pericytes,Pericyte
154	154|CTCFupstream	154.CTCFupstream	positive	24523	154.CTCFupstream__cwm.fwd.png	154.CTCFupstream__cwm.rev.png	CTGGTGGCCGAAGGCGGAACTGCA	CTCFupstream	CTCF	base	CTCF	MA1929.1	3.55E-05	CTCF,CTCFL	AC0078: CTCF,CTCFL,ZNF2,ZNF223,ZNF552	73	pos.Average_306__merged_pattern_70	3	3	Lung,Skin	airway fibroblast,ciliated,fibroblast
155	155|EBF	155.EBF	positive	378776	155.EBF__cwm.fwd.png	155.EBF__cwm.rev.png	TCCCTAGGGA	EBF	EBF	base	EBF1	MA0154.3	8.18E-06	EBF1,EBF2,EBF3	AC0046: EBF1,EBF3	17876	pos.Average_272__merged_pattern_0	14	13	Eye,Heart,Muscle,Skin,Spleen	retinal ganglion,fibroblast,pericyte,pericytes,fibroblasts,vascular endothelium,schwann,B cells
156	156|EBF_ETS:ELF/ETV	156.EBF_ETS:ELF.ETV	positive	1096	156.EBF_ETS:ELF.ETV__cwm.fwd.png	156.EBF_ETS:ELF.ETV__cwm.rev.png	TCCCAGGGGAGGAAGT	EBF_ETS:ELF/ETV	EBF_ETS	heterocomposite	ZNF695	M07724_2.00	5.94E-02	not found in HOCOMOCO	AC0227: BCL11A,IRF4,IRF8,SPI1,SPIB,ZNF695	47	pos.Average_272__merged_pattern_2	1	1	Heart	pericyte
157	157|ETS:ELF/ETV#1	157.ETS:ELF.ETV#1	positive	7880559	157.ETS:ELF.ETV#1__cwm.fwd.png	157.ETS:ELF.ETV#1__cwm.rev.png	CCGGAAGT	ETS:ELF/ETV#1	ETS	base	ETV1	M09528_2.00	1.99E-05	ELK1,ELK3,ELK4,ETV1,ETV4,ETV5	AC0626: EHF,ELF1,ELF2,ELF3,ELF4,ELF5,ELK1,ELK1::HOXA1,ELK1::HOXB13,ELK1::SREBF2,ELK3,ELK4,ERF,ERF::FOXI1,ERF::HOXB13,ERF::NHLH1,ERG,ETS1,ETS2,ETV1,ETV2,ETV2::DRGX,ETV2::HOXB13,ETV3,ETV4,ETV5,ETV5::DRGX,ETV5::HOXA2,ETV6,ETV7,FEV,FLI1,FLI1::DRGX,FOXJ2::ELF1,GABPA,HOXB2::ELK1,HOXD12::ELK1,NR2C2,SPDEF,ZBTB7A,ZNF200,ZNF519	963916	pos.Average_306__merged_pattern_0	311	189	Adrenal,Brain,Eye,Heart,Liver,Lung,Muscle,Skin,Spleen,StomachEsophagus,Thymus,Thyroid	adrenal cortex,excitatory neurons,dorsal radial glia,CGE-derived inhibitory neurons,smooth muscle cells,endothelial,oligodendrocyte precursor cells,macrophages,MGE-derived inhibitory neurons,retinal progenitor cell,fibroblast,RPE,horizontal,smooth muscle,astrocyte,myogenic progenitor,ciliated pigmented epithelium,schwann,melanocyte,immune,rod,amacrine,trabecular meshwork,extraocular muscle,retinal ganglion,bipolar,cone,vascular endothelium,vCM,endocardial,neuronal,epicardial,aCM,cycling vCM,pericyte,erythroblast,hepatocyte,B cell progenitor,megakaryocyte,cholangiocyte,Kupffer,stellate,airway epithelial progenitor,airway fibroblast,lymphatics,airway smooth muscle,pulmonary neuroendocrine,ciliated,mesothelial,vascular endothelial,pericytes,myocytes (fast/Type II),myocytes (slow/Type I),myogenic progenitors,keratinocytes,myoblasts,myocytes,fibroblasts,myoblasts (cycling),tenogenic cells,skeletal muscle,interfollicular cells,lymphatic endothelium,melanocyte progenitor,macrophage,keratinocyte,epidermal progenitor,Fibroblast,Erythroblast,Pericyte,Endothelial progenitor,B cells,T cells,Endothelial,chief and neck cells,cycling stromal,epithelial basal/keratinocyte,interstitial cells of Cajal,ciliated epithelium,endocrine cells,MYH3+ smooth muscle,parietal cells,keratinocytes/tuft cells,enteric glia,enteric neurons,CD8+ CD4+ thymocytes,vascular smooth muscle,dendritic cells,medullary TEC (myoid Type I),medullary TEC (myoid Type IIa),cortical TEC,endothelial cells,medullary TEC (myoid),thyroid follicular,stromal
158	158|ETS:ELF/ETV#2	158.ETS:ELF.ETV#2	positive	273352	158.ETS:ELF.ETV#2__cwm.fwd.png	158.ETS:ELF.ETV#2__cwm.rev.png	TTCCGGTTCCG	ETS:ELF/ETV#2	ETS	base_with_flank	ETV6	M02990_2.00	1.14E-06	ETV6,ETV7	AC0626: EHF,ELF1,ELF2,ELF3,ELF4,ELF5,ELK1,ELK1::HOXA1,ELK1::HOXB13,ELK1::SREBF2,ELK3,ELK4,ERF,ERF::FOXI1,ERF::HOXB13,ERF::NHLH1,ERG,ETS1,ETS2,ETV1,ETV2,ETV2::DRGX,ETV2::HOXB13,ETV3,ETV4,ETV5,ETV5::DRGX,ETV5::HOXA2,ETV6,ETV7,FEV,FLI1,FLI1::DRGX,FOXJ2::ELF1,GABPA,HOXB2::ELK1,HOXD12::ELK1,NR2C2,SPDEF,ZBTB7A,ZNF200,ZNF519	18928	pos.Average_306__merged_pattern_4	81	81	Adrenal,Brain,Eye,Lung,Muscle,Skin,StomachEsophagus,Thymus,Thyroid	adrenal cortex,excitatory neurons,CGE-derived inhibitory neurons,smooth muscle cells,endothelial,oligodendrocyte precursor cells,macrophages,MGE-derived inhibitory neurons,RPE,smooth muscle,astrocyte,ciliated pigmented epithelium,schwann,melanocyte,immune,trabecular meshwork,extraocular muscle,bipolar,cone,vascular endothelium,airway epithelial progenitor,airway smooth muscle,pulmonary neuroendocrine,megakaryocyte,myocytes (slow/Type I),myogenic progenitors,keratinocytes,fibroblasts,myoblasts (cycling),tenogenic cells,fibroblast,interfollicular cells,melanocyte progenitor,macrophage,keratinocyte,epidermal progenitor,pericyte,chief and neck cells,cycling stromal,interstitial cells of Cajal,endocrine cells,MYH3+ smooth muscle,lymphatics,parietal cells,keratinocytes/tuft cells,enteric glia,CD8+ CD4+ thymocytes,dendritic cells,medullary TEC (myoid Type I),medullary TEC (myoid Type IIa),endothelial cells,medullary TEC (myoid),stromal,skeletal muscle,thyroid follicular
159	159|ETS:ELF/ETV#3	159.ETS:ELF.ETV#3	positive	269377	159.ETS:ELF.ETV#3__cwm.fwd.png	159.ETS:ELF.ETV#3__cwm.rev.png	GGGAGGAAG	ETS:ELF/ETV#3	ETS	base_with_flank	ETV7	MA1708.1	1.44E-01	ETV6,ETV7	AC0626: EHF,ELF1,ELF2,ELF3,ELF4,ELF5,ELK1,ELK1::HOXA1,ELK1::HOXB13,ELK1::SREBF2,ELK3,ELK4,ERF,ERF::FOXI1,ERF::HOXB13,ERF::NHLH1,ERG,ETS1,ETS2,ETV1,ETV2,ETV2::DRGX,ETV2::HOXB13,ETV3,ETV4,ETV5,ETV5::DRGX,ETV5::HOXA2,ETV6,ETV7,FEV,FLI1,FLI1::DRGX,FOXJ2::ELF1,GABPA,HOXB2::ELK1,HOXD12::ELK1,NR2C2,SPDEF,ZBTB7A,ZNF200,ZNF519	1702	pos.Average_306__merged_pattern_9	12	12	Heart,Lung,Skin,Spleen,Thymus	endocardial,vascular endothelial,vascular endothelium,Fibroblast,B cells,T cells,Endothelial progenitor,CD8+ CD4+ thymocytes,dendritic cells
160	160|ETS:ELF/ETV#4	160.ETS:ELF.ETV#4	positive	716339	160.ETS:ELF.ETV#4__cwm.fwd.png	160.ETS:ELF.ETV#4__cwm.rev.png	CGGATGT	ETS:ELF/ETV#4	ETS	base	SPDEF	M02973_2.00	1.33E-01	SPDEF	AC0626: EHF,ELF1,ELF2,ELF3,ELF4,ELF5,ELK1,ELK1::HOXA1,ELK1::HOXB13,ELK1::SREBF2,ELK3,ELK4,ERF,ERF::FOXI1,ERF::HOXB13,ERF::NHLH1,ERG,ETS1,ETS2,ETV1,ETV2,ETV2::DRGX,ETV2::HOXB13,ETV3,ETV4,ETV5,ETV5::DRGX,ETV5::HOXA2,ETV6,ETV7,FEV,FLI1,FLI1::DRGX,FOXJ2::ELF1,GABPA,HOXB2::ELK1,HOXD12::ELK1,NR2C2,SPDEF,ZBTB7A,ZNF200,ZNF519	90	pos.Average_286__merged_pattern_7	1	1	Thymus	macrophages
161	161|ETS:ELF/ETV#5	161.ETS:ELF.ETV#5	positive	37241	161.ETS:ELF.ETV#5__cwm.fwd.png	161.ETS:ELF.ETV#5__cwm.rev.png	CTGGCATTTCCGGTT	ETS:ELF/ETV#5	ETS	base_with_flank	ETV2	M02967_2.00	3.07E-04	ERF,ERG,ETS1,ETS2,ETV2,ETV3,FEV,FLI1,GABPA	AC0626: EHF,ELF1,ELF2,ELF3,ELF4,ELF5,ELK1,ELK1::HOXA1,ELK1::HOXB13,ELK1::SREBF2,ELK3,ELK4,ERF,ERF::FOXI1,ERF::HOXB13,ERF::NHLH1,ERG,ETS1,ETS2,ETV1,ETV2,ETV2::DRGX,ETV2::HOXB13,ETV3,ETV4,ETV5,ETV5::DRGX,ETV5::HOXA2,ETV6,ETV7,FEV,FLI1,FLI1::DRGX,FOXJ2::ELF1,GABPA,HOXB2::ELK1,HOXD12::ELK1,NR2C2,SPDEF,ZBTB7A,ZNF200,ZNF519	83	pos.Average_306__merged_pattern_67	2	2	Brain,Lung	smooth muscle cells,ciliated
162	162|ETS:ELF/ETV_ETS:ELF/ETV#1	162.ETS:ELF.ETV_ETS:ELF.ETV#1	positive	69991	162.ETS:ELF.ETV_ETS:ELF.ETV#1__cwm.fwd.png	162.ETS:ELF.ETV_ETS:ELF.ETV#1__cwm.rev.png	TTCCGCTTCCG	ETS:ELF/ETV_ETS:ELF/ETV#1	ETS_ETS	homocomposite	ETV6	M02990_2.00	1.77E-06	ETV6,ETV7	AC0626: EHF,ELF1,ELF2,ELF3,ELF4,ELF5,ELK1,ELK1::HOXA1,ELK1::HOXB13,ELK1::SREBF2,ELK3,ELK4,ERF,ERF::FOXI1,ERF::HOXB13,ERF::NHLH1,ERG,ETS1,ETS2,ETV1,ETV2,ETV2::DRGX,ETV2::HOXB13,ETV3,ETV4,ETV5,ETV5::DRGX,ETV5::HOXA2,ETV6,ETV7,FEV,FLI1,FLI1::DRGX,FOXJ2::ELF1,GABPA,HOXB2::ELK1,HOXD12::ELK1,NR2C2,SPDEF,ZBTB7A,ZNF200,ZNF519	3657	pos.Average_190__merged_pattern_0	19	18	Heart,Liver	vCM,fibroblast,endocardial,neuronal,epicardial,aCM,cycling vCM,B cell progenitor,cholangiocyte,hepatocyte,erythroblast
163	163|ETS:ELF/ETV_FOX	163.ETS:ELF.ETV_FOX	positive	10117	163.ETS:ELF.ETV_FOX__cwm.fwd.png	163.ETS:ELF.ETV_FOX__cwm.rev.png	CAGGAAGTAAAC	ETS:ELF/ETV_FOX	ETS_FOX	heterocomposite	ELF3	M04788_2.00	0.0272933	EHF,ELF3,ELF5	AC0622: EHF,ELF1,ELF2,ELF3,ELF4,ELF5,ETS2,ETV4,ETV5,FEV,FLI1,RUNX1,SPI1,SPIB,SPIC,ZNF200	23	pos.Average_306__merged_pattern_97	1	1	StomachEsophagus	ciliated epithelium
164	164|ETS:ELF/ETV_NFY	164.ETS:ELF.ETV_NFY	positive	6312	164.ETS:ELF.ETV_NFY__cwm.fwd.png	164.ETS:ELF.ETV_NFY__cwm.rev.png	TCCGGCCCTCTGATTGG	ETS:ELF/ETV_NFY	ETS_NFY	heterocomposite	FOXI1	M09095_2.00	0.16736	FOXI1	AC0525: FOXI1,NFYA,NFYB,NFYC,PBX3	144	pos.Average_276__merged_pattern_43	6	6	Eye,Heart,Liver,Spleen,Thymus	vascular endothelium,immune,endothelial,Endothelial progenitor,T cells,CD8+ CD4+ thymocytes
165	165|ETS:ELF/ETV_SP/KLF#1	165.ETS:ELF.ETV_SP.KLF#1	positive	31062	165.ETS:ELF.ETV_SP.KLF#1__cwm.fwd.png	165.ETS:ELF.ETV_SP.KLF#1__cwm.rev.png	GGGCGGGACTTCCGG	ETS:ELF/ETV_SP/KLF#1	ETS_SP/KLF	heterocomposite	ELK4	MA0076.1	0.187115	ELK1,ELK3,ELK4,ETV1,ETV4,ETV5	AC0626: EHF,ELF1,ELF2,ELF3,ELF4,ELF5,ELK1,ELK1::HOXA1,ELK1::HOXB13,ELK1::SREBF2,ELK3,ELK4,ERF,ERF::FOXI1,ERF::HOXB13,ERF::NHLH1,ERG,ETS1,ETS2,ETV1,ETV2,ETV2::DRGX,ETV2::HOXB13,ETV3,ETV4,ETV5,ETV5::DRGX,ETV5::HOXA2,ETV6,ETV7,FEV,FLI1,FLI1::DRGX,FOXJ2::ELF1,GABPA,HOXB2::ELK1,HOXD12::ELK1,NR2C2,SPDEF,ZBTB7A,ZNF200,ZNF519	9652	pos.Average_306__merged_pattern_6	111	100	Adrenal,Brain,Eye,Heart,Liver,Lung,Muscle,Skin,Spleen,StomachEsophagus,Thymus,Thyroid	adrenal cortex,excitatory neurons,endothelial,oligodendrocyte precursor cells,MGE-derived inhibitory neurons,horizontal,ciliated pigmented epithelium,rod,amacrine,trabecular meshwork,extraocular muscle,retinal ganglion,bipolar,vCM,fibroblast,endocardial,neuronal,epicardial,aCM,cycling vCM,pericyte,erythroblast,hepatocyte,B cell progenitor,megakaryocyte,cholangiocyte,Kupffer,stellate,airway fibroblast,airway epithelial progenitor,lymphatics,airway smooth muscle,pulmonary neuroendocrine,ciliated,vascular endothelial,pericytes,myocytes (fast/Type II),smooth muscle,myocytes (slow/Type I),myogenic progenitors,macrophages,myocytes,fibroblasts,myoblasts (cycling),tenogenic cells,skeletal muscle,vascular endothelium,Fibroblast,Pericyte,B cells,T cells,Endothelial progenitor,Endothelial,chief and neck cells,endocrine cells,MYH3+ smooth muscle,keratinocytes/tuft cells,CD8+ CD4+ thymocytes,vascular smooth muscle,dendritic cells,medullary TEC (myoid Type I),medullary TEC (myoid Type IIa),cortical TEC,endothelial cells,medullary TEC (myoid),thyroid follicular
166	166|ETS:ELF/ETV_SP/KLF#2	166.ETS:ELF.ETV_SP.KLF#2	positive	23872	166.ETS:ELF.ETV_SP.KLF#2__cwm.fwd.png	166.ETS:ELF.ETV_SP.KLF#2__cwm.rev.png	GGGCGGGGCCGGAAG	ETS:ELF/ETV_SP/KLF#2	ETS_SP/KLF	heterocomposite	KLF6	M08857_2.00	0.00305298	KLF1,KLF10,KLF11,KLF12,KLF13,KLF14,KLF15,KLF16,KLF17,KLF2,KLF3,KLF4,KLF5,KLF6,KLF7,KLF8,KLF9	AC0109: KLF12,KLF15,KLF3,KLF6,SP1,SP2,SP3,SP4,ZNF180,ZNF441	3401	pos.Average_212__merged_pattern_1	61	61	Brain,Eye,Heart,Liver,Lung,Muscle,Skin,Spleen,StomachEsophagus,Thymus,Thyroid	smooth muscle cells,excitatory neurons,MGE-derived inhibitory neurons,fibroblast,cone,vascular endothelium,vCM,endocardial,aCM,pericyte,endothelial,airway epithelial progenitor,airway fibroblast,airway smooth muscle,vascular endothelial,pericytes,myocytes (fast/Type II),smooth muscle,macrophages,fibroblasts,tenogenic cells,melanocyte,interfollicular cells,lymphatic endothelium,keratinocyte,schwann,skeletal muscle,Fibroblast,Endothelial progenitor,B cells,T cells,Endothelial,epithelial basal/keratinocyte,ciliated epithelium,parietal cells,enteric glia,CD8+ CD4+ thymocytes,thyroid follicular
167	167|ETS:ELF/SPIB#1	167.ETS:ELF.SPIB#1	positive	377134	167.ETS:ELF.SPIB#1__cwm.fwd.png	167.ETS:ELF.SPIB#1__cwm.rev.png	GGAAGGAAG	ETS:ELF/SPIB#1	ETS	base	ETV4	M04794_2.00	0.00506294	ELK1,ELK3,ELK4,ETV1,ETV4,ETV5	AC0622: EHF,ELF1,ELF2,ELF3,ELF4,ELF5,ETS2,ETV4,ETV5,FEV,FLI1,RUNX1,SPI1,SPIB,SPIC,ZNF200	21471	pos.Average_306__merged_pattern_3	32	27	Eye,Heart,Liver,Lung,Muscle,Skin,Spleen,StomachEsophagus,Thymus	vascular endothelium,endocardial,endothelial,Kupffer,lymphatics,vascular endothelial,lymphatic endothelium,Fibroblast,Endothelial progenitor,B cells,T cells,Endothelial,CD8+ CD4+ thymocytes,dendritic cells,macrophages,cortical TEC,endothelial cells
168	168|ETS:ELF/SPIB#2	168.ETS:ELF.SPIB#2	positive	112576	168.ETS:ELF.SPIB#2__cwm.fwd.png	168.ETS:ELF.SPIB#2__cwm.rev.png	AAAGCAGAAGT	ETS:ELF/SPIB#2	ETS	base	SPI1	M02965_2.00	0.0363566	SPI1,SPIB	AC0622: EHF,ELF1,ELF2,ELF3,ELF4,ELF5,ETS2,ETV4,ETV5,FEV,FLI1,RUNX1,SPI1,SPIB,SPIC,ZNF200	2225	pos.Average_80__merged_pattern_0	3	3	Heart,Thymus	immune,dendritic cells,macrophages
169	169|ETS:ELF/SPIB_ETS:ELF/SPIB#1	169.ETS:ELF.SPIB_ETS:ELF.SPIB#1	positive	37598	169.ETS:ELF.SPIB_ETS:ELF.SPIB#1__cwm.fwd.png	169.ETS:ELF.SPIB_ETS:ELF.SPIB#1__cwm.rev.png	ACTTCCTTTTCC	ETS:ELF/SPIB_ETS:ELF/SPIB#1	ETS_ETS	homocomposite	IKZF1	MA1508.1	0.0772994	not found in HOCOMOCO	AC0621: ERF::FOXO1,ETV2::FOXI1,ETV5::FOXI1,ETV5::FOXO1,FLI1::FOXI1,FOXO1::ELF1,FOXO1::ELK1,FOXO1::ELK3,FOXO1::FLI1,IKZF1	275	pos.Average_190__merged_pattern_3	1	1	Heart	endocardial
170	170|ETS:ELF/SPIB_ETS:ELF/SPIB#10	170.ETS:ELF.SPIB_ETS:ELF.SPIB#10	positive	33730	170.ETS:ELF.SPIB_ETS:ELF.SPIB#10__cwm.fwd.png	170.ETS:ELF.SPIB_ETS:ELF.SPIB#10__cwm.rev.png	CAGGAAAAGGAAGC	ETS:ELF/SPIB_ETS:ELF/SPIB#10	ETS_ETS	homocomposite	ETV6	M02990_2.00	0.124831	ETV6,ETV7	AC0626: EHF,ELF1,ELF2,ELF3,ELF4,ELF5,ELK1,ELK1::HOXA1,ELK1::HOXB13,ELK1::SREBF2,ELK3,ELK4,ERF,ERF::FOXI1,ERF::HOXB13,ERF::NHLH1,ERG,ETS1,ETS2,ETV1,ETV2,ETV2::DRGX,ETV2::HOXB13,ETV3,ETV4,ETV5,ETV5::DRGX,ETV5::HOXA2,ETV6,ETV7,FEV,FLI1,FLI1::DRGX,FOXJ2::ELF1,GABPA,HOXB2::ELK1,HOXD12::ELK1,NR2C2,SPDEF,ZBTB7A,ZNF200,ZNF519	160	pos.Average_306__merged_pattern_49	1	1	Lung	vascular endothelial
171	171|ETS:ELF/SPIB_ETS:ELF/SPIB#11	171.ETS:ELF.SPIB_ETS:ELF.SPIB#11	positive	8214	171.ETS:ELF.SPIB_ETS:ELF.SPIB#11__cwm.fwd.png	171.ETS:ELF.SPIB_ETS:ELF.SPIB#11__cwm.rev.png	AGGAAGTGGATTTCC	ETS:ELF/SPIB_ETS:ELF/SPIB#11	ETS_ETS	homocomposite	SPI1	MA0080.2	1.89E-01	SPI1,SPIB	AC0622: EHF,ELF1,ELF2,ELF3,ELF4,ELF5,ETS2,ETV4,ETV5,FEV,FLI1,RUNX1,SPI1,SPIB,SPIC,ZNF200	168	pos.Average_306__merged_pattern_47	1	1	Spleen	Endothelial progenitor
172	172|ETS:ELF/SPIB_ETS:ELF/SPIB#12	172.ETS:ELF.SPIB_ETS:ELF.SPIB#12	positive	12959	172.ETS:ELF.SPIB_ETS:ELF.SPIB#12__cwm.fwd.png	172.ETS:ELF.SPIB_ETS:ELF.SPIB#12__cwm.rev.png	TTCCTGAACAGGAAA	ETS:ELF/SPIB_ETS:ELF/SPIB#12	ETS_ETS	homocomposite	FEV	MA0156.1	0.572129	ERF,ERG,ETS1,ETS2,ETV2,ETV3,FEV,FLI1,GABPA	AC0622: EHF,ELF1,ELF2,ELF3,ELF4,ELF5,ETS2,ETV4,ETV5,FEV,FLI1,RUNX1,SPI1,SPIB,SPIC,ZNF200	164	pos.Average_306__merged_pattern_48	1	1	Spleen	Endothelial progenitor
173	173|ETS:ELF/SPIB_ETS:ELF/SPIB#13	173.ETS:ELF.SPIB_ETS:ELF.SPIB#13	positive	12673	173.ETS:ELF.SPIB_ETS:ELF.SPIB#13__cwm.fwd.png	173.ETS:ELF.SPIB_ETS:ELF.SPIB#13__cwm.rev.png	AGGAAGTGGCACTTCC	ETS:ELF/SPIB_ETS:ELF/SPIB#13	ETS_ETS	homocomposite	ETV3	M04739_2.00	1.75E-11	ERF,ERG,ETS1,ETS2,ETV2,ETV3,FEV,FLI1,GABPA	AC0626: EHF,ELF1,ELF2,ELF3,ELF4,ELF5,ELK1,ELK1::HOXA1,ELK1::HOXB13,ELK1::SREBF2,ELK3,ELK4,ERF,ERF::FOXI1,ERF::HOXB13,ERF::NHLH1,ERG,ETS1,ETS2,ETV1,ETV2,ETV2::DRGX,ETV2::HOXB13,ETV3,ETV4,ETV5,ETV5::DRGX,ETV5::HOXA2,ETV6,ETV7,FEV,FLI1,FLI1::DRGX,FOXJ2::ELF1,GABPA,HOXB2::ELK1,HOXD12::ELK1,NR2C2,SPDEF,ZBTB7A,ZNF200,ZNF519	1015	pos.Average_306__merged_pattern_17	4	4	Heart,Spleen	endocardial,Fibroblast,Endothelial progenitor,T cells
174	174|ETS:ELF/SPIB_ETS:ELF/SPIB#14	174.ETS:ELF.SPIB_ETS:ELF.SPIB#14	positive	12903	174.ETS:ELF.SPIB_ETS:ELF.SPIB#14__cwm.fwd.png	174.ETS:ELF.SPIB_ETS:ELF.SPIB#14__cwm.rev.png	TCCTGTAACAGGAAG	ETS:ELF/SPIB_ETS:ELF/SPIB#14	ETS_ETS	homocomposite	ETV2	M04721_2.00	0.266351	ERF,ERG,ETS1,ETS2,ETV2,ETV3,FEV,FLI1,GABPA	AC0626: EHF,ELF1,ELF2,ELF3,ELF4,ELF5,ELK1,ELK1::HOXA1,ELK1::HOXB13,ELK1::SREBF2,ELK3,ELK4,ERF,ERF::FOXI1,ERF::HOXB13,ERF::NHLH1,ERG,ETS1,ETS2,ETV1,ETV2,ETV2::DRGX,ETV2::HOXB13,ETV3,ETV4,ETV5,ETV5::DRGX,ETV5::HOXA2,ETV6,ETV7,FEV,FLI1,FLI1::DRGX,FOXJ2::ELF1,GABPA,HOXB2::ELK1,HOXD12::ELK1,NR2C2,SPDEF,ZBTB7A,ZNF200,ZNF519	457	pos.Average_306__merged_pattern_29	3	3	Lung,Spleen	lymphatics,Endothelial progenitor
175	175|ETS:ELF/SPIB_ETS:ELF/SPIB#15	175.ETS:ELF.SPIB_ETS:ELF.SPIB#15	positive	8743	175.ETS:ELF.SPIB_ETS:ELF.SPIB#15__cwm.fwd.png	175.ETS:ELF.SPIB_ETS:ELF.SPIB#15__cwm.rev.png	GGAAATGGAGTATTTCC	ETS:ELF/SPIB_ETS:ELF/SPIB#15	ETS_ETS	homocomposite	ZNF200	M08232_2.00	1	not found in HOCOMOCO	AC0622: EHF,ELF1,ELF2,ELF3,ELF4,ELF5,ETS2,ETV4,ETV5,FEV,FLI1,RUNX1,SPI1,SPIB,SPIC,ZNF200	463	pos.Average_306__merged_pattern_32	3	3	Heart,Spleen	endocardial,Endothelial progenitor
176	176|ETS:ELF/SPIB_ETS:ELF/SPIB#16	176.ETS:ELF.SPIB_ETS:ELF.SPIB#16	positive	20705	176.ETS:ELF.SPIB_ETS:ELF.SPIB#16__cwm.fwd.png	176.ETS:ELF.SPIB_ETS:ELF.SPIB#16__cwm.rev.png	TCCTGACAGGAAA	ETS:ELF/SPIB_ETS:ELF/SPIB#16	ETS_ETS	homocomposite	ZNF563	M08368_2.00	0.643521	ZNF124,ZNF136,ZNF440,ZNF490,ZNF563,ZNF564,ZNF627,ZNF669,ZNF77	AC0461: ZNF563	847	pos.Average_306__merged_pattern_20	4	4	Heart,Skin,Spleen	endocardial,vascular endothelium,Endothelial progenitor,T cells
177	177|ETS:ELF/SPIB_ETS:ELF/SPIB#2	177.ETS:ELF.SPIB_ETS:ELF.SPIB#2	positive	107934	177.ETS:ELF.SPIB_ETS:ELF.SPIB#2__cwm.fwd.png	177.ETS:ELF.SPIB_ETS:ELF.SPIB#2__cwm.rev.png	TTCCTGTTTCC	ETS:ELF/SPIB_ETS:ELF/SPIB#2	ETS_ETS	homocomposite	ETV2	M09048_2.00	0.0240466	ERF,ERG,ETS1,ETS2,ETV2,ETV3,FEV,FLI1,GABPA	AC0626: EHF,ELF1,ELF2,ELF3,ELF4,ELF5,ELK1,ELK1::HOXA1,ELK1::HOXB13,ELK1::SREBF2,ELK3,ELK4,ERF,ERF::FOXI1,ERF::HOXB13,ERF::NHLH1,ERG,ETS1,ETS2,ETV1,ETV2,ETV2::DRGX,ETV2::HOXB13,ETV3,ETV4,ETV5,ETV5::DRGX,ETV5::HOXA2,ETV6,ETV7,FEV,FLI1,FLI1::DRGX,FOXJ2::ELF1,GABPA,HOXB2::ELK1,HOXD12::ELK1,NR2C2,SPDEF,ZBTB7A,ZNF200,ZNF519	1598	pos.Average_306__merged_pattern_10	5	4	Liver,Spleen	endothelial,megakaryocyte,Endothelial progenitor
178	178|ETS:ELF/SPIB_ETS:ELF/SPIB#3	178.ETS:ELF.SPIB_ETS:ELF.SPIB#3	positive	44688	178.ETS:ELF.SPIB_ETS:ELF.SPIB#3__cwm.fwd.png	178.ETS:ELF.SPIB_ETS:ELF.SPIB#3__cwm.rev.png	CTTCCTGTTTTCC	ETS:ELF/SPIB_ETS:ELF/SPIB#3	ETS_ETS	homocomposite	FOXO1::FLI1	MA1956.1	0.0262972	not found in HOCOMOCO	AC0621: ERF::FOXO1,ETV2::FOXI1,ETV5::FOXI1,ETV5::FOXO1,FLI1::FOXI1,FOXO1::ELF1,FOXO1::ELK1,FOXO1::ELK3,FOXO1::FLI1,IKZF1	240	pos.Average_306__merged_pattern_41	2	2	Lung,Spleen	vascular endothelial,Endothelial progenitor
179	179|ETS:ELF/SPIB_ETS:ELF/SPIB#4	179.ETS:ELF.SPIB_ETS:ELF.SPIB#4	positive	27776	179.ETS:ELF.SPIB_ETS:ELF.SPIB#4__cwm.fwd.png	179.ETS:ELF.SPIB_ETS:ELF.SPIB#4__cwm.rev.png	TCCTGCACTTCCTG	ETS:ELF/SPIB_ETS:ELF/SPIB#4	ETS_ETS	homocomposite	ERG	M09536_2.00	0.0245402	ERF,ERG,ETS1,ETS2,ETV2,ETV3,FEV,FLI1,GABPA	AC0626: EHF,ELF1,ELF2,ELF3,ELF4,ELF5,ELK1,ELK1::HOXA1,ELK1::HOXB13,ELK1::SREBF2,ELK3,ELK4,ERF,ERF::FOXI1,ERF::HOXB13,ERF::NHLH1,ERG,ETS1,ETS2,ETV1,ETV2,ETV2::DRGX,ETV2::HOXB13,ETV3,ETV4,ETV5,ETV5::DRGX,ETV5::HOXA2,ETV6,ETV7,FEV,FLI1,FLI1::DRGX,FOXJ2::ELF1,GABPA,HOXB2::ELK1,HOXD12::ELK1,NR2C2,SPDEF,ZBTB7A,ZNF200,ZNF519	313	pos.Average_306__merged_pattern_37	2	2	Heart,Spleen	endocardial,Endothelial progenitor
180	180|ETS:ELF/SPIB_ETS:ELF/SPIB#5	180.ETS:ELF.SPIB_ETS:ELF.SPIB#5	positive	9871	180.ETS:ELF.SPIB_ETS:ELF.SPIB#5__cwm.fwd.png	180.ETS:ELF.SPIB_ETS:ELF.SPIB#5__cwm.rev.png	AGGAAGTAGCTGCTTCC	ETS:ELF/SPIB_ETS:ELF/SPIB#5	ETS_ETS	homocomposite	SPI1	MA0080.2	0.159655	SPI1,SPIB	AC0622: EHF,ELF1,ELF2,ELF3,ELF4,ELF5,ETS2,ETV4,ETV5,FEV,FLI1,RUNX1,SPI1,SPIB,SPIC,ZNF200	1061	pos.Average_306__merged_pattern_16	4	4	Heart,Liver,Spleen	endocardial,endothelial,Endothelial progenitor
181	181|ETS:ELF/SPIB_ETS:ELF/SPIB#6	181.ETS:ELF.SPIB_ETS:ELF.SPIB#6	positive	9820	181.ETS:ELF.SPIB_ETS:ELF.SPIB#6__cwm.fwd.png	181.ETS:ELF.SPIB_ETS:ELF.SPIB#6__cwm.rev.png	TTCCTGTCCACTTCC	ETS:ELF/SPIB_ETS:ELF/SPIB#6	ETS_ETS	homocomposite	ELF3	M04788_2.00	0.121436	EHF,ELF3,ELF5	AC0622: EHF,ELF1,ELF2,ELF3,ELF4,ELF5,ETS2,ETV4,ETV5,FEV,FLI1,RUNX1,SPI1,SPIB,SPIC,ZNF200	519	pos.Average_306__merged_pattern_27	2	2	Heart,Spleen	endocardial,Endothelial progenitor
182	182|ETS:ELF/SPIB_ETS:ELF/SPIB#7	182.ETS:ELF.SPIB_ETS:ELF.SPIB#7	positive	9386	182.ETS:ELF.SPIB_ETS:ELF.SPIB#7__cwm.fwd.png	182.ETS:ELF.SPIB_ETS:ELF.SPIB#7__cwm.rev.png	CTTCCTGTCTTACTTCC	ETS:ELF/SPIB_ETS:ELF/SPIB#7	ETS_ETS	homocomposite	IKZF1	MA1508.1	1.31E-02	not found in HOCOMOCO	AC0621: ERF::FOXO1,ETV2::FOXI1,ETV5::FOXI1,ETV5::FOXO1,FLI1::FOXI1,FOXO1::ELF1,FOXO1::ELK1,FOXO1::ELK3,FOXO1::FLI1,IKZF1	727	pos.Average_306__merged_pattern_23	2	2	Heart,Spleen	endocardial,Endothelial progenitor
183	183|ETS:ELF/SPIB_ETS:ELF/SPIB#8	183.ETS:ELF.SPIB_ETS:ELF.SPIB#8	positive	7766	183.ETS:ELF.SPIB_ETS:ELF.SPIB#8__cwm.fwd.png	183.ETS:ELF.SPIB_ETS:ELF.SPIB#8__cwm.rev.png	CTTCCTGTCTCTACTTCC	ETS:ELF/SPIB_ETS:ELF/SPIB#8	ETS_ETS	homocomposite	IKZF1	MA1508.1	0.0144	not found in HOCOMOCO	AC0621: ERF::FOXO1,ETV2::FOXI1,ETV5::FOXI1,ETV5::FOXO1,FLI1::FOXI1,FOXO1::ELF1,FOXO1::ELK1,FOXO1::ELK3,FOXO1::FLI1,IKZF1	816	pos.Average_306__merged_pattern_21	3	2	Heart,Spleen	endocardial,Endothelial progenitor
184	184|ETS:ELF/SPIB_ETS:ELF/SPIB#9	184.ETS:ELF.SPIB_ETS:ELF.SPIB#9	positive	6060	184.ETS:ELF.SPIB_ETS:ELF.SPIB#9__cwm.fwd.png	184.ETS:ELF.SPIB_ETS:ELF.SPIB#9__cwm.rev.png	ACTTCCTGTCTCTTATTTCC	ETS:ELF/SPIB_ETS:ELF/SPIB#9	ETS_ETS	homocomposite	IKZF1	MA1508.1	2.38E-04	not found in HOCOMOCO	AC0621: ERF::FOXO1,ETV2::FOXI1,ETV5::FOXI1,ETV5::FOXO1,FLI1::FOXI1,FOXO1::ELF1,FOXO1::ELK1,FOXO1::ELK3,FOXO1::FLI1,IKZF1	150	pos.Average_306__merged_pattern_50	1	1	Heart	endocardial
185	185|ETS:ELF/SPIB_FOX	185.ETS:ELF.SPIB_FOX	positive	32893	185.ETS:ELF.SPIB_FOX__cwm.fwd.png	185.ETS:ELF.SPIB_FOX__cwm.rev.png	TGTTTACATTCC	ETS:ELF/SPIB_FOX	ETS_FOX	heterocomposite	FOXK1	M09094_2.00	0.0388725	FOXK1,FOXK2	AC0379: FOXC1,FOXC2,FOXD2,FOXD3,FOXG1,FOXI1,FOXJ3,FOXK1,FOXL2,FOXO4,FOXP1,FOXQ1,FOXR1	176	pos.Average_286__merged_pattern_5	2	2	Brain,Lung	smooth muscle cells,airway epithelial progenitor
186	186|ETS:ELF/SPIB_GATA#1	186.ETS:ELF.SPIB_GATA#1	positive	1987	186.ETS:ELF.SPIB_GATA#1__cwm.fwd.png	186.ETS:ELF.SPIB_GATA#1__cwm.rev.png	ACTTCCCTTATC	ETS:ELF/SPIB_GATA#1	ETS_GATA	heterocomposite	SPIB	M04806_2.00	0.328566	SPI1,SPIB	AC0622: EHF,ELF1,ELF2,ELF3,ELF4,ELF5,ETS2,ETV4,ETV5,FEV,FLI1,RUNX1,SPI1,SPIB,SPIC,ZNF200	20	pos.Average_306__merged_pattern_101	1	1	Liver	B cell progenitor
187	187|ETS:ELF/SPIB_GATA#2	187.ETS:ELF.SPIB_GATA#2	positive	27058	187.ETS:ELF.SPIB_GATA#2__cwm.fwd.png	187.ETS:ELF.SPIB_GATA#2__cwm.rev.png	GATAAGGAAGT	ETS:ELF/SPIB_GATA#2	ETS_GATA	heterocomposite	SPI1	MA0080.2	0.381455	SPI1,SPIB	AC0622: EHF,ELF1,ELF2,ELF3,ELF4,ELF5,ETS2,ETV4,ETV5,FEV,FLI1,RUNX1,SPI1,SPIB,SPIC,ZNF200	21	pos.Average_306__merged_pattern_99	1	1	Liver	Kupffer
188	188|ETS:ELF/SPIB_NFI#1	188.ETS:ELF.SPIB_NFI#1	positive	3960	188.ETS:ELF.SPIB_NFI#1__cwm.fwd.png	188.ETS:ELF.SPIB_NFI#1__cwm.rev.png	CTGGCTCCTTTCCAACTTCC	ETS:ELF/SPIB_NFI#1	ETS_NFI	heterocomposite	NFIA	M09379_2.00	0.0214799	NFIA,NFIB,NFIC,NFIX	AC0082: NFIA,NFIB,NFIC,NFIC::TLX1,NFIX	47	pos.Average_276__merged_pattern_72	1	1	Heart	endocardial
189	189|ETS:ELF/SPIB_NFI#2	189.ETS:ELF.SPIB_NFI#2	positive	542	189.ETS:ELF.SPIB_NFI#2__cwm.fwd.png	189.ETS:ELF.SPIB_NFI#2__cwm.rev.png	GGCACTGTGCCAGGTTACTTCCTG	ETS:ELF/SPIB_NFI#2	ETS_NFI	heterocomposite	FEV	MA0156.1	0.00620613	ERF,ERG,ETS1,ETS2,ETV2,ETV3,FEV,FLI1,GABPA	AC0622: EHF,ELF1,ELF2,ELF3,ELF4,ELF5,ETS2,ETV4,ETV5,FEV,FLI1,RUNX1,SPI1,SPIB,SPIC,ZNF200	25	pos.Average_276__merged_pattern_97	1	1	Spleen	Endothelial progenitor
190	190|ETS:ELF/SPIB_NFI#3	190.ETS:ELF.SPIB_NFI#3	positive	703	190.ETS:ELF.SPIB_NFI#3__cwm.fwd.png	190.ETS:ELF.SPIB_NFI#3__cwm.rev.png	GCACGCTGCCAAGTCCACTTCC	ETS:ELF/SPIB_NFI#3	ETS_NFI	heterocomposite	ZNF200	M08232_2.00	0.0322758	not found in HOCOMOCO	AC0622: EHF,ELF1,ELF2,ELF3,ELF4,ELF5,ETS2,ETV4,ETV5,FEV,FLI1,RUNX1,SPI1,SPIB,SPIC,ZNF200	41	pos.Average_306__merged_pattern_84	1	1	Spleen	Endothelial progenitor
191	191|ETS:ELF/SPIB_NFI#4	191.ETS:ELF.SPIB_NFI#4	positive	107219	191.ETS:ELF.SPIB_NFI#4__cwm.fwd.png	191.ETS:ELF.SPIB_NFI#4__cwm.rev.png	ATTTCCTGCCAA	ETS:ELF/SPIB_NFI#4	ETS_NFI	heterocomposite	E2F8	MA0865.1	0.151222	E2F1,E2F2,E2F3,E2F4,E2F6,E2F7,E2F8	AC0159: E2F1,E2F2,E2F5,E2F7,E2F8	441	pos.Average_306__merged_pattern_30	4	4	Muscle,Skin,Spleen,Thymus	tenogenic cells,vascular endothelium,Fibroblast,CD8+ CD4+ thymocytes
192	192|ETS:ELF/SPIB_NFIhalf	192.ETS:ELF.SPIB_NFIhalf	positive	826353	192.ETS:ELF.SPIB_NFIhalf__cwm.fwd.png	192.ETS:ELF.SPIB_NFIhalf__cwm.rev.png	GGAAGTCTGCCA	ETS:ELF/SPIB_NFIhalf	ETS_NFI	heterocomposite	ZNF200	M08232_2.00	0.362644	not found in HOCOMOCO	AC0622: EHF,ELF1,ELF2,ELF3,ELF4,ELF5,ETS2,ETV4,ETV5,FEV,FLI1,RUNX1,SPI1,SPIB,SPIC,ZNF200	31	pos.Average_276__merged_pattern_89	1	1	Spleen	Endothelial progenitor
193	193|ETS:ELF/SPIB_NFY	193.ETS:ELF.SPIB_NFY	positive	16592	193.ETS:ELF.SPIB_NFY__cwm.fwd.png	193.ETS:ELF.SPIB_NFY__cwm.rev.png	TTCCTGATTGG	ETS:ELF/SPIB_NFY	ETS_NFY	heterocomposite	NKX2-2	MA1645.1	0.732473	NKX2-2,NKX2-8	AC0518: MSANTD3,NKX2-1,NKX2-2,NKX2-5	23	pos.Average_276__merged_pattern_101	1	1	Eye	vascular endothelium
194	194|ETS:ELF/SPIB_NR	194.ETS:ELF.SPIB_NR	positive	257	194.ETS:ELF.SPIB_NR__cwm.fwd.png	194.ETS:ELF.SPIB_NR__cwm.rev.png	GGAAGTGGCTTGGCCTTG	ETS:ELF/SPIB_NR	ETS_NR	heterocomposite	ZNF200	M08232_2.00	0.0579843	not found in HOCOMOCO	AC0622: EHF,ELF1,ELF2,ELF3,ELF4,ELF5,ETS2,ETV4,ETV5,FEV,FLI1,RUNX1,SPI1,SPIB,SPIC,ZNF200	35	pos.Average_256__merged_pattern_12	1	1	Spleen	Endothelial progenitor
195	195|ETS:ELF/SPIB_NR:ESRRA/NR5A#1	195.ETS:ELF.SPIB_NR:ESRRA.NR5A#1	positive	949	195.ETS:ELF.SPIB_NR:ESRRA.NR5A#1__cwm.fwd.png	195.ETS:ELF.SPIB_NR:ESRRA.NR5A#1__cwm.rev.png	CAAGGTCACAGGAA	ETS:ELF/SPIB_NR:ESRRA/NR5A#1	ETS_NR	heterocomposite	NR4A2	M08461_2.00	0.0728014	NR4A1,NR4A2	AC0414: NR1H4,NR2C1,NR2C2,NR2E1,NR2E3,NR2F1,NR2F2,NR2F6,NR4A1,NR4A2,RARA,RARB,RARG,RORA,RXRA,RXRB	591	pos.Average_256__merged_pattern_2	2	2	Spleen	Endothelial progenitor
196	196|ETS:ELF/SPIB_NR:ESRRA/NR5A#2	196.ETS:ELF.SPIB_NR:ESRRA.NR5A#2	positive	565	196.ETS:ELF.SPIB_NR:ESRRA.NR5A#2__cwm.fwd.png	196.ETS:ELF.SPIB_NR:ESRRA.NR5A#2__cwm.rev.png	TTCCTGTTTTCAAGGTC	ETS:ELF/SPIB_NR:ESRRA/NR5A#2	ETS_NR	heterocomposite	FOXO1	M09091_2.00	0.511352	FOXO1,FOXO3,FOXO4,FOXO6	AC0387: AR,FOXA1,FOXA2,FOXA3,FOXB1,FOXC1,FOXC2,FOXD1,FOXD2,FOXD3,FOXE1,FOXF1,FOXF2,FOXG1,FOXI1,FOXJ2,FOXJ3,FOXK1,FOXK2,FOXL1,FOXM1,FOXN3,FOXO1,FOXO3,FOXO4,FOXO6,FOXP1,FOXP2,FOXP3,FOXQ1	428	pos.Average_256__merged_pattern_3	1	1	Spleen	Endothelial progenitor
197	197|ETS:ELF/SPIB_NR:ESRRA/NR5A#3	197.ETS:ELF.SPIB_NR:ESRRA.NR5A#3	positive	423	197.ETS:ELF.SPIB_NR:ESRRA.NR5A#3__cwm.fwd.png	197.ETS:ELF.SPIB_NR:ESRRA.NR5A#3__cwm.rev.png	GGAAGTCCCAAGGTCA	ETS:ELF/SPIB_NR:ESRRA/NR5A#3	ETS_NR	heterocomposite	ESRRB	M09272_2.00	0.00300501	ESR1,ESR2,ESRRA,ESRRB,ESRRG	AC0422: ESR1,ESRRA,ESRRB,ESRRG,NR5A1,NR5A2	221	pos.Average_256__merged_pattern_6	1	1	Spleen	Endothelial progenitor
198	198|ETS:ELF/SPIB_NR:ESRRA/NR5A#4	198.ETS:ELF.SPIB_NR:ESRRA.NR5A#4	positive	653	198.ETS:ELF.SPIB_NR:ESRRA.NR5A#4__cwm.fwd.png	198.ETS:ELF.SPIB_NR:ESRRA.NR5A#4__cwm.rev.png	GACCTTGAGCACTTCCT	ETS:ELF/SPIB_NR:ESRRA/NR5A#4	ETS_NR	heterocomposite	SPI1	MA0080.2	0.254381	SPI1,SPIB	AC0622: EHF,ELF1,ELF2,ELF3,ELF4,ELF5,ETS2,ETV4,ETV5,FEV,FLI1,RUNX1,SPI1,SPIB,SPIC,ZNF200	330	pos.Average_306__merged_pattern_36	1	1	Spleen	Endothelial progenitor
199	199|ETS:ELF/SPIB_NR:ESRRA/NR5A#5	199.ETS:ELF.SPIB_NR:ESRRA.NR5A#5	positive	1278	199.ETS:ELF.SPIB_NR:ESRRA.NR5A#5__cwm.fwd.png	199.ETS:ELF.SPIB_NR:ESRRA.NR5A#5__cwm.rev.png	CTTCCTGTCCTTG	ETS:ELF/SPIB_NR:ESRRA/NR5A#5	ETS_NR	heterocomposite	ZNF84	M07736_2.00	6.45E-01	not found in HOCOMOCO	AC0173: ZNF484,ZNF527,ZNF84	189	pos.Average_306__merged_pattern_43	1	1	Spleen	Endothelial progenitor
200	200|ETS:ELF/SPIB_RUNX	200.ETS:ELF.SPIB_RUNX	positive	4765	200.ETS:ELF.SPIB_RUNX__cwm.fwd.png	200.ETS:ELF.SPIB_RUNX__cwm.rev.png	CCACATCCTTCC	ETS:ELF/SPIB_RUNX	ETS_RUNX	heterocomposite	ETV5	M04801_2.00	0.134316	ELK1,ELK3,ELK4,ETV1,ETV4,ETV5	AC0622: EHF,ELF1,ELF2,ELF3,ELF4,ELF5,ETS2,ETV4,ETV5,FEV,FLI1,RUNX1,SPI1,SPIB,SPIC,ZNF200	20	pos.Average_286__merged_pattern_13	1	1	Spleen	T cells
201	201|ETS:ELF/SPIB_RUNX#1	201.ETS:ELF.SPIB_RUNX#1	positive	70699	201.ETS:ELF.SPIB_RUNX#1__cwm.fwd.png	201.ETS:ELF.SPIB_RUNX#1__cwm.rev.png	CAGGATGTGGT	ETS:ELF/SPIB_RUNX#1	ETS_RUNX	heterocomposite	RUNX1	M09631_2.00	1.47E-05	RUNX1,RUNX2,RUNX3	AC0622: EHF,ELF1,ELF2,ELF3,ELF4,ELF5,ETS2,ETV4,ETV5,FEV,FLI1,RUNX1,SPI1,SPIB,SPIC,ZNF200	1671	pos.Average_276__merged_pattern_12	2	2	Thymus	CD8+ CD4+ thymocytes,cortical TEC
202	202|ETS:ELF/SPIB_RUNX#2	202.ETS:ELF.SPIB_RUNX#2	positive	55218	202.ETS:ELF.SPIB_RUNX#2__cwm.fwd.png	202.ETS:ELF.SPIB_RUNX#2__cwm.rev.png	ACTTCCTGTGGT	ETS:ELF/SPIB_RUNX#2	ETS_RUNX	heterocomposite	FOXO1::ELK1	MA1954.1	0.162446	not found in HOCOMOCO	AC0621: ERF::FOXO1,ETV2::FOXI1,ETV5::FOXI1,ETV5::FOXO1,FLI1::FOXI1,FOXO1::ELF1,FOXO1::ELK1,FOXO1::ELK3,FOXO1::FLI1,IKZF1	102	pos.Average_276__merged_pattern_48	2	2	Thymus	CD8+ CD4+ thymocytes,cortical TEC
203	203|ETS:ELF/SPIB_SOX#1	203.ETS:ELF.SPIB_SOX#1	positive	2163	203.ETS:ELF.SPIB_SOX#1__cwm.fwd.png	203.ETS:ELF.SPIB_SOX#1__cwm.rev.png	TTGTTTTCCACTTCC	ETS:ELF/SPIB_SOX#1	ETS_SOX	heterocomposite	ELF3	M04787_2.00	0.0968858	EHF,ELF3,ELF5	AC0622: EHF,ELF1,ELF2,ELF3,ELF4,ELF5,ETS2,ETV4,ETV5,FEV,FLI1,RUNX1,SPI1,SPIB,SPIC,ZNF200	127	pos.Average_306__merged_pattern_54	1	1	Heart	endocardial
204	204|ETS:ELF/SPIB_SOX#2	204.ETS:ELF.SPIB_SOX#2	positive	4045	204.ETS:ELF.SPIB_SOX#2__cwm.fwd.png	204.ETS:ELF.SPIB_SOX#2__cwm.rev.png	ACAATGCACTTCC	ETS:ELF/SPIB_SOX#2	ETS_SOX	heterocomposite	SOX10	MA0442.1	0.591668	SOX10,SOX8,SOX9	AC0259: SOX10,SOX2,SOX3,SOX4,SOX8,SOX9	108	pos.Average_306__merged_pattern_60	1	1	Heart	endocardial
205	205|ETS:ELF/SPIB_SOX#3	205.ETS:ELF.SPIB_SOX#3	positive	20977	205.ETS:ELF.SPIB_SOX#3__cwm.fwd.png	205.ETS:ELF.SPIB_SOX#3__cwm.rev.png	CTTCCTGCCATTGT	ETS:ELF/SPIB_SOX#3	ETS_SOX	heterocomposite	NFIB	MA1643.1	0.37258	NFIA,NFIB,NFIC,NFIX	AC0082: NFIA,NFIB,NFIC,NFIC::TLX1,NFIX	6575	pos.Average_306__merged_pattern_8	5	5	Heart,Lung,Muscle,Spleen	endocardial,vascular endothelial,endothelial,Endothelial progenitor
206	206|ETS:ELF/SPIB_SOX#4	206.ETS:ELF.SPIB_SOX#4	positive	6011	206.ETS:ELF.SPIB_SOX#4__cwm.fwd.png	206.ETS:ELF.SPIB_SOX#4__cwm.rev.png	TTGTTTTACTTCC	ETS:ELF/SPIB_SOX#4	ETS_SOX	heterocomposite	SPI1	M07945_2.00	0.17041	SPI1,SPIB	AC0227: BCL11A,IRF4,IRF8,SPI1,SPIB,ZNF695	85	pos.Average_306__merged_pattern_65	1	1	Heart	endocardial
207	207|ETS:ELF/SPIB_SOX#5	207.ETS:ELF.SPIB_SOX#5	positive	2347	207.ETS:ELF.SPIB_SOX#5__cwm.fwd.png	207.ETS:ELF.SPIB_SOX#5__cwm.rev.png	TTTCCTGTCCATTGT	ETS:ELF/SPIB_SOX#5	ETS_SOX	heterocomposite	ZNF713	M04575_2.00	0.38034	MYNN,MZF1,OSR2,PRDM14,PRDM5,PRDM6,WT1,ZBTB14,ZBTB16,ZBTB24,ZBTB40,ZBTB44,ZBTB48,ZBTB49,ZFP1,ZFP28,ZFP3,ZFP41,ZFP64,ZFP90,ZIM3,ZKSCAN8,ZNF10,ZNF121,ZNF135,ZNF141,ZNF154,ZNF16,ZNF165,ZNF18,ZNF184,ZNF189,ZNF197,ZNF205,ZNF23,ZNF239,ZNF250,ZNF254,ZNF257,ZNF263,ZNF266,ZNF267,ZNF273,ZNF274,ZNF317,ZNF320,ZNF329,ZNF331,ZNF337,ZNF34,ZNF35,ZNF394,ZNF416,ZNF425,ZNF429,ZNF433,ZNF441,ZNF444,ZNF449,ZNF454,ZNF480,ZNF483,ZNF485,ZNF502,ZNF506,ZNF527,ZNF528,ZNF529,ZNF530,ZNF534,ZNF547,ZNF549,ZNF550,ZNF554,ZNF560,ZNF565,ZNF578,ZNF584,ZNF586,ZNF610,ZNF623,ZNF626,ZNF660,ZNF662,ZNF664,ZNF667,ZNF677,ZNF680,ZNF681,ZNF682,ZNF684,ZNF7,ZNF707,ZNF708,ZNF713,ZNF714,ZNF74,ZNF749,ZNF766,ZNF768,ZNF789,ZNF79,ZNF790,ZNF791,ZNF793,ZNF85,ZNF879,ZNF880,ZNF90,ZSCAN16,ZSCAN21,ZSCAN22	AC0444: ZNF713	31	pos.Average_276__merged_pattern_88	1	1	Skin	vascular endothelium
208	208|ETS:ELF/SPIB_SOX#6	208.ETS:ELF.SPIB_SOX#6	positive	163837	208.ETS:ELF.SPIB_SOX#6__cwm.fwd.png	208.ETS:ELF.SPIB_SOX#6__cwm.rev.png	CTTCCTTTGT	ETS:ELF/SPIB_SOX#6	ETS_SOX	heterocomposite	SOX2	M09397_2.00	0.596573	SOX1,SOX14,SOX2,SOX21,SOX3	AC0259: SOX10,SOX2,SOX3,SOX4,SOX8,SOX9	51	pos.Average_306__merged_pattern_79	1	1	Heart	endocardial
209	209|ETS:ELF/SPIB_SP/KLF	209.ETS:ELF.SPIB_SP.KLF	positive	3518	209.ETS:ELF.SPIB_SP.KLF__cwm.fwd.png	209.ETS:ELF.SPIB_SP.KLF__cwm.rev.png	CCACCCAGTTCGAACTTCCTG	ETS:ELF/SPIB_SP/KLF	ETS_SP/KLF	heterocomposite	SPI1	MA0080.2	0.34094	SPI1,SPIB	AC0622: EHF,ELF1,ELF2,ELF3,ELF4,ELF5,ETS2,ETV4,ETV5,FEV,FLI1,RUNX1,SPI1,SPIB,SPIC,ZNF200	192	pos.Thymus__Average_257__merged_pattern_0	2	2	Thymus	CD8+ CD4+ thymocytes
210	210|ETS:ELF/SPIB_ZEB/SNAI	210.ETS:ELF.SPIB_ZEB.SNAI	positive	80426	210.ETS:ELF.SPIB_ZEB.SNAI__cwm.fwd.png	210.ETS:ELF.SPIB_ZEB.SNAI__cwm.rev.png	GGTGCTTCCTGT	ETS:ELF/SPIB_ZEB/SNAI	ETS_ZEB/SNAI	heterocomposite	ETV2	M09048_2.00	0.0089046	ERF,ERG,ETS1,ETS2,ETV2,ETV3,FEV,FLI1,GABPA	AC0626: EHF,ELF1,ELF2,ELF3,ELF4,ELF5,ELK1,ELK1::HOXA1,ELK1::HOXB13,ELK1::SREBF2,ELK3,ELK4,ERF,ERF::FOXI1,ERF::HOXB13,ERF::NHLH1,ERG,ETS1,ETS2,ETV1,ETV2,ETV2::DRGX,ETV2::HOXB13,ETV3,ETV4,ETV5,ETV5::DRGX,ETV5::HOXA2,ETV6,ETV7,FEV,FLI1,FLI1::DRGX,FOXJ2::ELF1,GABPA,HOXB2::ELK1,HOXD12::ELK1,NR2C2,SPDEF,ZBTB7A,ZNF200,ZNF519	24	pos.Average_306__merged_pattern_96	1	1	Spleen	Fibroblast
211	211|ETS:ELF/SPIB_unresolved	211.ETS:ELF.SPIB_unresolved	positive	13660	211.ETS:ELF.SPIB_unresolved__cwm.fwd.png	211.ETS:ELF.SPIB_unresolved__cwm.rev.png	ACTTCCTCAAAAATTTAAATA	ETS:ELF/SPIB_unresolved	ETS_unresolved	heterocomposite	SPIB	M04804_2.00	1.52E-01	SPI1,SPIB	AC0622: EHF,ELF1,ELF2,ELF3,ELF4,ELF5,ETS2,ETV4,ETV5,FEV,FLI1,RUNX1,SPI1,SPIB,SPIC,ZNF200	45	pos.Average_306__merged_pattern_82	1	1	Heart	immune
212	212|ETS:ERG/FLI	212.ETS:ERG.FLI	positive	113718	212.ETS:ERG.FLI__cwm.fwd.png	212.ETS:ERG.FLI__cwm.rev.png	GGATTTCCT	ETS:ERG/FLI	ETS	base	ERG	M02998_2.00	2.28E-01	ERF,ERG,ETS1,ETS2,ETV2,ETV3,FEV,FLI1,GABPA	AC0617: ERG,ETV3,FLI1	1004	pos.Average_306__merged_pattern_18	2	2	Heart,Lung	endocardial,vascular endothelial
213	213|ETS:ETS/SIX	213.ETS:ETS.SIX	positive	1125	213.ETS:ETS.SIX__cwm.fwd.png	213.ETS:ETS.SIX__cwm.rev.png	CGGAACTACAATTCCCAGCATGCCCCGC	ETS:ETS/SIX	ETS	base	ETS1	M07950_2.00	3.87E-17	ERF,ERG,ETS1,ETS2,ETV2,ETV3,FEV,FLI1,GABPA	AC0155: ETS1,SIX5,THAP11,ZNF143	55	pos.Average_161__merged_pattern_6	1	1	StomachEsophagus	mesothelial
214	214|ETS:SPI1/BCL11A	214.ETS:SPI1.BCL11A	positive	119318	214.ETS:SPI1.BCL11A__cwm.fwd.png	214.ETS:SPI1.BCL11A__cwm.rev.png	GGAAGTGAAAC	ETS:SPI1/BCL11A	BCL11A/IRF/SPI	base	IRF8	M09236_2.00	4.26E-06	IRF1,IRF2,IRF3,IRF4,IRF5,IRF6,IRF7,IRF8,IRF9	AC0227: BCL11A,IRF4,IRF8,SPI1,SPIB,ZNF695	19222	pos.Average_296__merged_pattern_1	15	10	Liver,Spleen,Thymus	Kupffer,Fibroblast,B cells,T cells,CD8+ CD4+ thymocytes,dendritic cells,macrophages,cortical TEC
215	215|ETS_ETS#1	215.ETS_ETS#1	positive	76320	215.ETS_ETS#1__cwm.fwd.png	215.ETS_ETS#1__cwm.rev.png	NA	ETS_ETS#1	ETS_ETS	homocomposite	ETV4	M04794_2.00	2.04E-01	ELK1,ELK3,ELK4,ETV1,ETV4,ETV5	AC0622: EHF,ELF1,ELF2,ELF3,ELF4,ELF5,ETS2,ETV4,ETV5,FEV,FLI1,RUNX1,SPI1,SPIB,SPIC,ZNF200	110	pos.Average_306__merged_pattern_59	4	4	Muscle,StomachEsophagus,Thymus	endothelial,CD8+ CD4+ thymocytes,B cells
216	216|ETS_ETS#2	216.ETS_ETS#2	positive	98	216.ETS_ETS#2__cwm.fwd.png	216.ETS_ETS#2__cwm.rev.png	AAGGAAAAAGGAAGGAAA	ETS_ETS#2	ETS_ETS	homocomposite	ETV4	M04794_2.00	0.0601751	ELK1,ELK3,ELK4,ETV1,ETV4,ETV5	AC0622: EHF,ELF1,ELF2,ELF3,ELF4,ELF5,ETS2,ETV4,ETV5,FEV,FLI1,RUNX1,SPI1,SPIB,SPIC,ZNF200	29	pos.Average_306__merged_pattern_91	1	1	Spleen	Endothelial progenitor
217	217|ETS_FOX#1	217.ETS_FOX#1	positive	163900	217.ETS_FOX#1__cwm.fwd.png	217.ETS_FOX#1__cwm.rev.png	ACTTCCTGTTTAC	ETS_FOX#1	ETS_FOX	heterocomposite	FLI1::FOXI1	MA1950.1	9.11E-07	not found in HOCOMOCO	AC0621: ERF::FOXO1,ETV2::FOXI1,ETV5::FOXI1,ETV5::FOXO1,FLI1::FOXI1,FOXO1::ELF1,FOXO1::ELK1,FOXO1::ELK3,FOXO1::FLI1,IKZF1	648	pos.Average_306__merged_pattern_25	6	6	Liver,Lung	hepatocyte,stellate,lymphatics,pulmonary neuroendocrine,ciliated,pericytes
218	218|ETS_FOX#2	218.ETS_FOX#2	positive	4562	218.ETS_FOX#2__cwm.fwd.png	218.ETS_FOX#2__cwm.rev.png	TTCCTTGTTTGC	ETS_FOX#2	ETS_FOX	heterocomposite	FOXK1	M08120_2.00	0.131908	FOXK1,FOXK2	AC0387: AR,FOXA1,FOXA2,FOXA3,FOXB1,FOXC1,FOXC2,FOXD1,FOXD2,FOXD3,FOXE1,FOXF1,FOXF2,FOXG1,FOXI1,FOXJ2,FOXJ3,FOXK1,FOXK2,FOXL1,FOXM1,FOXN3,FOXO1,FOXO3,FOXO4,FOXO6,FOXP1,FOXP2,FOXP3,FOXQ1	22	pos.Average_306__merged_pattern_98	1	1	StomachEsophagus	ciliated epithelium
219	219|ETS_IKZF1	219.ETS_IKZF1	positive	125725	219.ETS_IKZF1__cwm.fwd.png	219.ETS_IKZF1__cwm.rev.png	GGAAAGGAAA	ETS_IKZF1	ETS_IKZF1	heterocomposite	IRF3	M03331_2.00	0.271679	IRF1,IRF2,IRF3,IRF4,IRF5,IRF6,IRF7,IRF8,IRF9	AC0188: IRF1,IRF2,IRF3,IRF4,IRF5,IRF7,IRF8,IRF9,STAT1,STAT1::STAT2,STAT2,ZNF71	78	pos.Average_306__merged_pattern_69	1	1	Spleen	Endothelial progenitor
220	220|ETS_NFAT#1	220.ETS_NFAT#1	positive	141	220.ETS_NFAT#1__cwm.fwd.png	220.ETS_NFAT#1__cwm.rev.png	TCCTTCCTCAGGAAA	ETS_NFAT#1	ETS_NFAT	heterocomposite	STAT6	M09414_2.00	0.746449	STAT1,STAT2,STAT3,STAT4,STAT5A,STAT5B,STAT6	AC0205: NFATC1,NFATC2,NFATC3,NFATC4,STAT6	39	pos.Spleen__Average_288__merged_pattern_0	1	1	Spleen	Endothelial progenitor
221	221|ETS_NFAT#2	221.ETS_NFAT#2	positive	15031	221.ETS_NFAT#2__cwm.fwd.png	221.ETS_NFAT#2__cwm.rev.png	TTCCTCAGGAAG	ETS_NFAT#2	ETS_NFAT	heterocomposite	STAT6	M09414_2.00	0.194768	STAT1,STAT2,STAT3,STAT4,STAT5A,STAT5B,STAT6	AC0205: NFATC1,NFATC2,NFATC3,NFATC4,STAT6	327	pos.Spleen__Average_288__merged_pattern_1	1	1	Spleen	Endothelial progenitor
222	222|ETS_NFI	222.ETS_NFI	positive	55436	222.ETS_NFI__cwm.fwd.png	222.ETS_NFI__cwm.rev.png	TGGCAGGAAGCCA	ETS_NFI	ETS_NFI	heterocomposite	NFIC	M09378_2.00	0.0117888	NFIA,NFIB,NFIC,NFIX	AC0082: NFIA,NFIB,NFIC,NFIC::TLX1,NFIX	278	pos.Average_306__merged_pattern_39	3	3	Muscle,Spleen	endothelial,Endothelial progenitor
223	223|ETS_NR:ESRRA/NR5A#1	223.ETS_NR:ESRRA.NR5A#1	positive	430	223.ETS_NR:ESRRA.NR5A#1__cwm.fwd.png	223.ETS_NR:ESRRA.NR5A#1__cwm.rev.png	TCCTGGATCTCAAGGCC	ETS_NR:ESRRA/NR5A#1	ETS_NR	heterocomposite	GLI4	M08394_2.00	0.0963251	GLI4,ZKSCAN1,ZNF24,ZSCAN23,ZSCAN31	AC0429: GLI4	213	pos.Average_256__merged_pattern_7	1	1	Spleen	Endothelial progenitor
224	224|ETS_NR:ESRRA/NR5A#2	224.ETS_NR:ESRRA.NR5A#2	positive	912	224.ETS_NR:ESRRA.NR5A#2__cwm.fwd.png	224.ETS_NR:ESRRA.NR5A#2__cwm.rev.png	CAAGGTCATTTCC	ETS_NR:ESRRA/NR5A#2	ETS_NR	heterocomposite	NR5A2	M05589_2.00	0.103072	NR5A1,NR5A2	AC0407: NR2C1,NR5A2,PPARD,RARA,RARB,RARG,RORB,RORC,RXRA,RXRB,RXRG,THRB	318	pos.Average_256__merged_pattern_5	1	1	Spleen	Endothelial progenitor
225	225|ETS_SOX	225.ETS_SOX	positive	564	225.ETS_SOX__cwm.fwd.png	225.ETS_SOX__cwm.rev.png	AACAATGGGACTTCCT	ETS_SOX	ETS_SOX	heterocomposite	SOX2	M05897_2.00	6.43E-03	SOX1,SOX14,SOX2,SOX21,SOX3	AC0261: SOX10,SOX13,SOX14,SOX15,SOX17,SOX18,SOX2,SOX3,SOX30,SOX5,SOX6,SOX8,SOX9,SRY,ZNF317	68	pos.Average_276__merged_pattern_57	1	1	Spleen	Endothelial progenitor
226	226|ETS_SP/KLF#1	226.ETS_SP.KLF#1	positive	259021	226.ETS_SP.KLF#1__cwm.fwd.png	226.ETS_SP.KLF#1__cwm.rev.png	CCCGCCCCTTCCG	ETS_SP/KLF#1	ETS_SP/KLF	heterocomposite	SP2	M08092_2.00	0.0147228	SP1,SP2,SP3,SP4,SP5,SP7,SP8,SP9	AC0108: EGR2,KLF1,KLF10,KLF11,KLF12,KLF13,KLF14,KLF15,KLF16,KLF17,KLF2,KLF3,KLF4,KLF5,KLF6,KLF7,KLF9,SALL4,SP1,SP2,SP3,SP4,SP8,SP9,ZNF460	1590	pos.Average_306__merged_pattern_11	8	8	Heart,Skin,Spleen,StomachEsophagus,Thymus	endocardial,fibroblast,Endothelial progenitor,B cells,T cells,keratinocytes/tuft cells,fibroblasts
227	227|ETS_SP/KLF#2	227.ETS_SP.KLF#2	positive	9889	227.ETS_SP.KLF#2__cwm.fwd.png	227.ETS_SP.KLF#2__cwm.rev.png	ACTTCCGGGGCGGGGC	ETS_SP/KLF#2	ETS_SP/KLF	heterocomposite	KLF12	MA0742.2	7.58E-04	KLF1,KLF10,KLF11,KLF12,KLF13,KLF14,KLF15,KLF16,KLF17,KLF2,KLF3,KLF4,KLF5,KLF6,KLF7,KLF8,KLF9	AC0108: EGR2,KLF1,KLF10,KLF11,KLF12,KLF13,KLF14,KLF15,KLF16,KLF17,KLF2,KLF3,KLF4,KLF5,KLF6,KLF7,KLF9,SALL4,SP1,SP2,SP3,SP4,SP8,SP9,ZNF460	740	pos.Average_212__merged_pattern_10	21	21	Brain,Eye,Liver,Lung,Muscle,Skin,StomachEsophagus,Thymus	dorsal radial glia,fibroblast,erythroblast,hepatocyte,airway fibroblast,ciliated,airway epithelial progenitor,pericytes,smooth muscle,melanocyte,vascular endothelium,skeletal muscle,parietal cells,fibroblasts,enteric glia,CD8+ CD4+ thymocytes,medullary TEC (myoid Type IIa)
228	228|ETS_SP/KLF#3	228.ETS_SP.KLF#3	positive	123771	228.ETS_SP.KLF#3__cwm.fwd.png	228.ETS_SP.KLF#3__cwm.rev.png	CCGGAAGGGCGGGGC	ETS_SP/KLF#3	ETS_SP/KLF	heterocomposite	KLF6	M08857_2.00	0.00462904	KLF1,KLF10,KLF11,KLF12,KLF13,KLF14,KLF15,KLF16,KLF17,KLF2,KLF3,KLF4,KLF5,KLF6,KLF7,KLF8,KLF9	AC0109: KLF12,KLF15,KLF3,KLF6,SP1,SP2,SP3,SP4,ZNF180,ZNF441	479	pos.Average_212__merged_pattern_11	8	8	Brain,Eye,Liver,Lung,Spleen,StomachEsophagus	excitatory neurons,horizontal,stellate,ciliated,vascular endothelial,Fibroblast,pericytes,enteric neurons
229	229|ETS_SP/KLF#4	229.ETS_SP.KLF#4	positive	3591	229.ETS_SP.KLF#4__cwm.fwd.png	229.ETS_SP.KLF#4__cwm.rev.png	CCCCGCCCCCCTTCCTTCCT	ETS_SP/KLF#4	ETS_SP/KLF	heterocomposite	SP1	MA0079.2	2.77E-05	SP1,SP2,SP3,SP4,SP5,SP7,SP8,SP9	AC0110: MAZ,PATZ1,SP1,SP5,ZNF148,ZNF281,ZNF304,ZNF444,ZNF460,ZNF468,ZNF543	137	pos.Average_212__merged_pattern_19	1	1	Heart	endocardial
230	230|ETS_SP/KLF#5	230.ETS_SP.KLF#5	positive	22675	230.ETS_SP.KLF#5__cwm.fwd.png	230.ETS_SP.KLF#5__cwm.rev.png	GGGGGAGGGGACAGGAA	ETS_SP/KLF#5	ETS_SP/KLF	heterocomposite	SP5	MA1965.1	7.63E-03	SP1,SP2,SP3,SP4,SP5,SP7,SP8,SP9	AC0110: MAZ,PATZ1,SP1,SP5,ZNF148,ZNF281,ZNF304,ZNF444,ZNF460,ZNF468,ZNF543	85	pos.Average_306__merged_pattern_66	1	1	Spleen	Fibroblast
231	231|ETS_SP/KLF#6	231.ETS_SP.KLF#6	positive	18248	231.ETS_SP.KLF#6__cwm.fwd.png	231.ETS_SP.KLF#6__cwm.rev.png	AGGAAGTCCCCGCCC	ETS_SP/KLF#6	ETS_SP/KLF	heterocomposite	PATZ1	M08287_2.00	2.91E-02	MAZ,PATZ1,VEZF1	AC0110: MAZ,PATZ1,SP1,SP5,ZNF148,ZNF281,ZNF304,ZNF444,ZNF460,ZNF468,ZNF543	81	pos.Average_212__merged_pattern_22	1	1	Spleen	Fibroblast
232	232|FOX#1	232.FOX#1	positive	1845744	232.FOX#1__cwm.fwd.png	232.FOX#1__cwm.rev.png	TAAGTAAACA	FOX#1	FOX	base	FOXA1	M07960_2.00	2.13E-10	FOXA1,FOXA2,FOXA3	AC0387: AR,FOXA1,FOXA2,FOXA3,FOXB1,FOXC1,FOXC2,FOXD1,FOXD2,FOXD3,FOXE1,FOXF1,FOXF2,FOXG1,FOXI1,FOXJ2,FOXJ3,FOXK1,FOXK2,FOXL1,FOXM1,FOXN3,FOXO1,FOXO3,FOXO4,FOXO6,FOXP1,FOXP2,FOXP3,FOXQ1	226866	pos.Average_288__merged_pattern_0	65	46	Brain,Liver,Lung,Muscle,Skin,StomachEsophagus,Thyroid	smooth muscle cells,endothelial,hepatocyte,cholangiocyte,erythroblast,stellate,airway epithelial progenitor,airway fibroblast,lymphatics,immune,airway smooth muscle,pulmonary neuroendocrine,ciliated,mesothelial,vascular endothelial,pericytes,smooth muscle,keratinocyte,chief and neck cells,cycling stromal,ciliated epithelium,endocrine cells,parietal cells,keratinocytes/tuft cells,fibroblasts,thyroid follicular
233	233|FOX#2	233.FOX#2	positive	678900	233.FOX#2__cwm.fwd.png	233.FOX#2__cwm.rev.png	TAAGTAAATA	FOX#2	FOX	base	FOXA1	M04820_2.00	1.08E-05	FOXA1,FOXA2,FOXA3	AC0382: FOXA1,FOXA2,FOXA3,FOXB1,FOXC1,FOXC2,FOXD2,FOXD3	34426	pos.Average_288__merged_pattern_1	27	24	Liver,Lung,Muscle,StomachEsophagus	hepatocyte,cholangiocyte,stellate,airway epithelial progenitor,airway fibroblast,lymphatics,immune,pulmonary neuroendocrine,ciliated,vascular endothelial,endothelial,chief and neck cells,smooth muscle,ciliated epithelium,parietal cells,keratinocytes/tuft cells,fibroblasts
234	234|FOX#3	234.FOX#3	positive	11862	234.FOX#3__cwm.fwd.png	234.FOX#3__cwm.rev.png	GGGTGTGTTTGCTTT	FOX#3	FOX	base_with_flank	FOXA1	M08028_2.00	0.0724657	FOXA1,FOXA2,FOXA3	AC0387: AR,FOXA1,FOXA2,FOXA3,FOXB1,FOXC1,FOXC2,FOXD1,FOXD2,FOXD3,FOXE1,FOXF1,FOXF2,FOXG1,FOXI1,FOXJ2,FOXJ3,FOXK1,FOXK2,FOXL1,FOXM1,FOXN3,FOXO1,FOXO3,FOXO4,FOXO6,FOXP1,FOXP2,FOXP3,FOXQ1	58	pos.Average_288__merged_pattern_21	1	1	StomachEsophagus	ciliated epithelium
235	235|FOX#4	235.FOX#4	positive	131115	235.FOX#4__cwm.fwd.png	235.FOX#4__cwm.rev.png	GTTTGTTTAC	FOX#4	FOX	base_with_flank	FOXC2	M04842_2.00	1.17E-03	FOXC1,FOXC2	AC0387: AR,FOXA1,FOXA2,FOXA3,FOXB1,FOXC1,FOXC2,FOXD1,FOXD2,FOXD3,FOXE1,FOXF1,FOXF2,FOXG1,FOXI1,FOXJ2,FOXJ3,FOXK1,FOXK2,FOXL1,FOXM1,FOXN3,FOXO1,FOXO3,FOXO4,FOXO6,FOXP1,FOXP2,FOXP3,FOXQ1	711	pos.Average_288__merged_pattern_9	5	4	Liver,Lung	hepatocyte,ciliated
236	236|FOX#5	236.FOX#5	positive	3357	236.FOX#5__cwm.fwd.png	236.FOX#5__cwm.rev.png	TATTTGCTGTTCTGCAA	FOX#5	FOX	base_with_flank	ETV2	M02967_2.00	1.00E+00	ERF,ERG,ETS1,ETS2,ETV2,ETV3,FEV,FLI1,GABPA	AC0626: EHF,ELF1,ELF2,ELF3,ELF4,ELF5,ELK1,ELK1::HOXA1,ELK1::HOXB13,ELK1::SREBF2,ELK3,ELK4,ERF,ERF::FOXI1,ERF::HOXB13,ERF::NHLH1,ERG,ETS1,ETS2,ETV1,ETV2,ETV2::DRGX,ETV2::HOXB13,ETV3,ETV4,ETV5,ETV5::DRGX,ETV5::HOXA2,ETV6,ETV7,FEV,FLI1,FLI1::DRGX,FOXJ2::ELF1,GABPA,HOXB2::ELK1,HOXD12::ELK1,NR2C2,SPDEF,ZBTB7A,ZNF200,ZNF519	80	pos.Liver__Liver_c1__pos_patterns.pattern_38__merged_pattern_0	1	1	Liver	hepatocyte
237	237|FOXA1	237.FOXA1	positive	19896	237.FOXA1__cwm.fwd.png	237.FOXA1__cwm.rev.png	GCCAAAATAAACAAAC	FOXA1	FOX	base	FOXA1	M09544_2.00	1.22E-04	FOXA1,FOXA2,FOXA3	AC0387: AR,FOXA1,FOXA2,FOXA3,FOXB1,FOXC1,FOXC2,FOXD1,FOXD2,FOXD3,FOXE1,FOXF1,FOXF2,FOXG1,FOXI1,FOXJ2,FOXJ3,FOXK1,FOXK2,FOXL1,FOXM1,FOXN3,FOXO1,FOXO3,FOXO4,FOXO6,FOXP1,FOXP2,FOXP3,FOXQ1	52	pos.Average_288__merged_pattern_27	1	1	Eye	trabecular meshwork
238	238|FOX_FOX#1	238.FOX_FOX#1	positive	1981	238.FOX_FOX#1__cwm.fwd.png	238.FOX_FOX#1__cwm.rev.png	TGTTTGCTCAATGCAAACA	FOX_FOX#1	FOX_FOX	homocomposite	FOXA1	MA0148.1	2.32E-07	FOXA1,FOXA2,FOXA3	AC0387: AR,FOXA1,FOXA2,FOXA3,FOXB1,FOXC1,FOXC2,FOXD1,FOXD2,FOXD3,FOXE1,FOXF1,FOXF2,FOXG1,FOXI1,FOXJ2,FOXJ3,FOXK1,FOXK2,FOXL1,FOXM1,FOXN3,FOXO1,FOXO3,FOXO4,FOXO6,FOXP1,FOXP2,FOXP3,FOXQ1	29	pos.Average_288__merged_pattern_40	1	1	Muscle	endothelial
239	239|FOX_FOX#2	239.FOX_FOX#2	positive	3477	239.FOX_FOX#2__cwm.fwd.png	239.FOX_FOX#2__cwm.rev.png	TGTTTGCTAAGCAAACA	FOX_FOX#2	FOX_FOX	homocomposite	FOXA1	M07961_2.00	1.91E-06	FOXA1,FOXA2,FOXA3	AC0387: AR,FOXA1,FOXA2,FOXA3,FOXB1,FOXC1,FOXC2,FOXD1,FOXD2,FOXD3,FOXE1,FOXF1,FOXF2,FOXG1,FOXI1,FOXJ2,FOXJ3,FOXK1,FOXK2,FOXL1,FOXM1,FOXN3,FOXO1,FOXO3,FOXO4,FOXO6,FOXP1,FOXP2,FOXP3,FOXQ1	1210	pos.Average_288__merged_pattern_8	14	11	Brain,Liver,Lung,StomachEsophagus	endothelial,smooth muscle cells,hepatocyte,cholangiocyte,airway epithelial progenitor,chief and neck cells
240	240|FOX_FOX#3	240.FOX_FOX#3	positive	10493	240.FOX_FOX#3__cwm.fwd.png	240.FOX_FOX#3__cwm.rev.png	GTTTATATAAACA	FOX_FOX#3	FOX_FOX	homocomposite	FOXQ1	M04823_2.00	2.36E-01	not found in HOCOMOCO	AC0379: FOXC1,FOXC2,FOXD2,FOXD3,FOXG1,FOXI1,FOXJ3,FOXK1,FOXL2,FOXO4,FOXP1,FOXQ1,FOXR1	307	pos.Stomach__Average_553__merged_pattern_1	1	1	StomachEsophagus	smooth muscle
241	241|FOX_GATA#1	241.FOX_GATA#1	positive	1117	241.FOX_GATA#1__cwm.fwd.png	241.FOX_GATA#1__cwm.rev.png	TGTTTGCAGAGAGATAAG	FOX_GATA#1	FOX_GATA	heterocomposite	GATA2	M10595_2.00	0.0145422	GATA1,GATA2,GATA3,GATA4,GATA5,GATA6	AC0254: GATA1,GATA2,GATA3,GATA4,GATA5,GATA6,TRPS1	37	pos.Average_248__merged_pattern_11	1	1	Liver	hepatocyte
242	242|FOX_GATA#2	242.FOX_GATA#2	positive	11848	242.FOX_GATA#2__cwm.fwd.png	242.FOX_GATA#2__cwm.rev.png	TTATCTAAAGCAAACA	FOX_GATA#2	FOX_GATA	heterocomposite	FOXA1	M08028_2.00	5.85E-04	FOXA1,FOXA2,FOXA3	AC0387: AR,FOXA1,FOXA2,FOXA3,FOXB1,FOXC1,FOXC2,FOXD1,FOXD2,FOXD3,FOXE1,FOXF1,FOXF2,FOXG1,FOXI1,FOXJ2,FOXJ3,FOXK1,FOXK2,FOXL1,FOXM1,FOXN3,FOXO1,FOXO3,FOXO4,FOXO6,FOXP1,FOXP2,FOXP3,FOXQ1	61	pos.Average_248__merged_pattern_7	1	1	Liver	hepatocyte
243	243|FOX_GATA#3	243.FOX_GATA#3	positive	419	243.FOX_GATA#3__cwm.fwd.png	243.FOX_GATA#3__cwm.rev.png	TTATCTTAAGTAAATA	FOX_GATA#3	FOX_GATA	heterocomposite	FOXA1	M08028_2.00	6.06E-02	FOXA1,FOXA2,FOXA3	AC0387: AR,FOXA1,FOXA2,FOXA3,FOXB1,FOXC1,FOXC2,FOXD1,FOXD2,FOXD3,FOXE1,FOXF1,FOXF2,FOXG1,FOXI1,FOXJ2,FOXJ3,FOXK1,FOXK2,FOXL1,FOXM1,FOXN3,FOXO1,FOXO3,FOXO4,FOXO6,FOXP1,FOXP2,FOXP3,FOXQ1	73	pos.Average_288__merged_pattern_19	2	2	StomachEsophagus	chief and neck cells,parietal cells
244	244|FOX_GATA#4	244.FOX_GATA#4	positive	1330	244.FOX_GATA#4__cwm.fwd.png	244.FOX_GATA#4__cwm.rev.png	TTATCTGTAAACA	FOX_GATA#4	FOX_GATA	heterocomposite	FOXD2	M03043_2.00	1.33E-02	FOXD2,FOXD3	AC0387: AR,FOXA1,FOXA2,FOXA3,FOXB1,FOXC1,FOXC2,FOXD1,FOXD2,FOXD3,FOXE1,FOXF1,FOXF2,FOXG1,FOXI1,FOXJ2,FOXJ3,FOXK1,FOXK2,FOXL1,FOXM1,FOXN3,FOXO1,FOXO3,FOXO4,FOXO6,FOXP1,FOXP2,FOXP3,FOXQ1	26	pos.Average_288__merged_pattern_41	1	1	Liver	hepatocyte
245	245|FOX_NFI	245.FOX_NFI	positive	5637	245.FOX_NFI__cwm.fwd.png	245.FOX_NFI__cwm.rev.png	TGTTTATTTTGGCAGGGTTCC	FOX_NFI	FOX_NFI	heterocomposite	FOXA1	M09544_2.00	4.60E-05	FOXA1,FOXA2,FOXA3	AC0387: AR,FOXA1,FOXA2,FOXA3,FOXB1,FOXC1,FOXC2,FOXD1,FOXD2,FOXD3,FOXE1,FOXF1,FOXF2,FOXG1,FOXI1,FOXJ2,FOXJ3,FOXK1,FOXK2,FOXL1,FOXM1,FOXN3,FOXO1,FOXO3,FOXO4,FOXO6,FOXP1,FOXP2,FOXP3,FOXQ1	255	pos.Average_276__merged_pattern_30	2	2	Lung,Muscle	airway epithelial progenitor,smooth muscle
246	246|FOX_NFIhalf	246.FOX_NFIhalf	positive	7283	246.FOX_NFIhalf__cwm.fwd.png	246.FOX_NFIhalf__cwm.rev.png	TGTTTACTTTGGCC	FOX_NFIhalf	FOX_NFI	heterocomposite	FOXA1	MA0148.1	4.16E-05	FOXA1,FOXA2,FOXA3	AC0387: AR,FOXA1,FOXA2,FOXA3,FOXB1,FOXC1,FOXC2,FOXD1,FOXD2,FOXD3,FOXE1,FOXF1,FOXF2,FOXG1,FOXI1,FOXJ2,FOXJ3,FOXK1,FOXK2,FOXL1,FOXM1,FOXN3,FOXO1,FOXO3,FOXO4,FOXO6,FOXP1,FOXP2,FOXP3,FOXQ1	38	pos.Average_288__merged_pattern_34	1	1	Liver	hepatocyte
247	247|FOX_NKX#1	247.FOX_NKX#1	positive	1154	247.FOX_NKX#1__cwm.fwd.png	247.FOX_NKX#1__cwm.rev.png	GCACTTGAGCCTTGAGTAAACA	FOX_NKX#1	FOX_NKX	heterocomposite	FOXD2	MA0847.3	1.08E-04	FOXD2,FOXD3	AC0387: AR,FOXA1,FOXA2,FOXA3,FOXB1,FOXC1,FOXC2,FOXD1,FOXD2,FOXD3,FOXE1,FOXF1,FOXF2,FOXG1,FOXI1,FOXJ2,FOXJ3,FOXK1,FOXK2,FOXL1,FOXM1,FOXN3,FOXO1,FOXO3,FOXO4,FOXO6,FOXP1,FOXP2,FOXP3,FOXQ1	75	pos.Average_288__merged_pattern_18	2	2	Lung	airway epithelial progenitor
248	248|FOX_NKX#2	248.FOX_NKX#2	positive	922	248.FOX_NKX#2__cwm.fwd.png	248.FOX_NKX#2__cwm.rev.png	TGTGTAAACATCTCAAGTGG	FOX_NKX#2	FOX_NKX	heterocomposite	NKX2-8	MA0673.1	4.81E-04	NKX2-2,NKX2-8	AC0519: NKX2-2,NKX2-3,NKX2-4,NKX2-5,NKX2-8,NKX3-1,NKX3-2	61	pos.Average_288__merged_pattern_20	2	2	Lung,Muscle	airway epithelial progenitor,smooth muscle
249	249|FOX_NKX#3	249.FOX_NKX#3	positive	695	249.FOX_NKX#3__cwm.fwd.png	249.FOX_NKX#3__cwm.rev.png	CCACTTAAGCTAAGTAAATA	FOX_NKX#3	FOX_NKX	heterocomposite	FOXA2	M09088_2.00	1.33E-03	FOXA1,FOXA2,FOXA3	AC0387: AR,FOXA1,FOXA2,FOXA3,FOXB1,FOXC1,FOXC2,FOXD1,FOXD2,FOXD3,FOXE1,FOXF1,FOXF2,FOXG1,FOXI1,FOXJ2,FOXJ3,FOXK1,FOXK2,FOXL1,FOXM1,FOXN3,FOXO1,FOXO3,FOXO4,FOXO6,FOXP1,FOXP2,FOXP3,FOXQ1	55	pos.Average_288__merged_pattern_24	2	2	Lung	airway epithelial progenitor
250	250|FOX_NKX#4	250.FOX_NKX#4	positive	1052	250.FOX_NKX#4__cwm.fwd.png	250.FOX_NKX#4__cwm.rev.png	TGTTTTTTTAGTGCCACTT	FOX_NKX#4	FOX_NKX	heterocomposite	FOXJ2	M09084_2.00	0.0485686	FOXJ2,FOXJ3	AC0387: AR,FOXA1,FOXA2,FOXA3,FOXB1,FOXC1,FOXC2,FOXD1,FOXD2,FOXD3,FOXE1,FOXF1,FOXF2,FOXG1,FOXI1,FOXJ2,FOXJ3,FOXK1,FOXK2,FOXL1,FOXM1,FOXN3,FOXO1,FOXO3,FOXO4,FOXO6,FOXP1,FOXP2,FOXP3,FOXQ1	31	pos.Average_288__merged_pattern_39	1	1	Thyroid	thyroid follicular
251	251|FOX_NKX#5	251.FOX_NKX#5	positive	5501	251.FOX_NKX#5__cwm.fwd.png	251.FOX_NKX#5__cwm.rev.png	AAGTGCTATGTAAATATT	FOX_NKX#5	FOX_NKX	heterocomposite	FOXC1	M03015_2.00	1.14E-04	FOXC1,FOXC2	AC0387: AR,FOXA1,FOXA2,FOXA3,FOXB1,FOXC1,FOXC2,FOXD1,FOXD2,FOXD3,FOXE1,FOXF1,FOXF2,FOXG1,FOXI1,FOXJ2,FOXJ3,FOXK1,FOXK2,FOXL1,FOXM1,FOXN3,FOXO1,FOXO3,FOXO4,FOXO6,FOXP1,FOXP2,FOXP3,FOXQ1	2457	pos.Average_288__merged_pattern_6	12	9	Brain,Lung,Muscle	smooth muscle cells,airway epithelial progenitor,lymphatics,immune,pulmonary neuroendocrine,endothelial
252	252|FOX_NKX#6	252.FOX_NKX#6	positive	3987	252.FOX_NKX#6__cwm.fwd.png	252.FOX_NKX#6__cwm.rev.png	AAGTGCTGTTTACTTA	FOX_NKX#6	FOX_NKX	heterocomposite	FOXA1	M09543_2.00	0.0305354	FOXA1,FOXA2,FOXA3	AC0387: AR,FOXA1,FOXA2,FOXA3,FOXB1,FOXC1,FOXC2,FOXD1,FOXD2,FOXD3,FOXE1,FOXF1,FOXF2,FOXG1,FOXI1,FOXJ2,FOXJ3,FOXK1,FOXK2,FOXL1,FOXM1,FOXN3,FOXO1,FOXO3,FOXO4,FOXO6,FOXP1,FOXP2,FOXP3,FOXQ1	46	pos.Average_288__merged_pattern_30	1	1	Lung	airway epithelial progenitor
253	253|FOX_NKX#7	253.FOX_NKX#7	positive	201541	253.FOX_NKX#7__cwm.fwd.png	253.FOX_NKX#7__cwm.rev.png	AAGTGTTTGC	FOX_NKX#7	FOX_NKX	heterocomposite	NKX3-2	M09138_2.00	0.487201	NKX3-1,NKX3-2	AC0519: NKX2-2,NKX2-3,NKX2-4,NKX2-5,NKX2-8,NKX3-1,NKX3-2	11144	pos.Average_288__merged_pattern_3	12	12	Brain,Lung,Muscle	endothelial,smooth muscle cells,airway epithelial progenitor,lymphatics,immune,vascular endothelial,ciliated,smooth muscle
254	254|FOX_NKX#8	254.FOX_NKX#8	positive	1263	254.FOX_NKX#8__cwm.fwd.png	254.FOX_NKX#8__cwm.rev.png	TAAGTAAACACAAGTGC	FOX_NKX#8	FOX_NKX	heterocomposite	FOXA1	M08028_2.00	0.0169473	FOXA1,FOXA2,FOXA3	AC0387: AR,FOXA1,FOXA2,FOXA3,FOXB1,FOXC1,FOXC2,FOXD1,FOXD2,FOXD3,FOXE1,FOXF1,FOXF2,FOXG1,FOXI1,FOXJ2,FOXJ3,FOXK1,FOXK2,FOXL1,FOXM1,FOXN3,FOXO1,FOXO3,FOXO4,FOXO6,FOXP1,FOXP2,FOXP3,FOXQ1	32	pos.Average_288__merged_pattern_38	1	1	Muscle	smooth muscle
255	255|FOX_NR:HNF4A/HNF4G	255.FOX_NR:HNF4A.HNF4G	positive	316	255.FOX_NR:HNF4A.HNF4G__cwm.fwd.png	255.FOX_NR:HNF4A.HNF4G__cwm.rev.png	GGTCAAAGTTCATATTTAC	FOX_NR:HNF4A/HNF4G	FOX_NR	heterocomposite	RXRG	M02746_2.00	0.0161594	RXRA,RXRB,RXRG	AC0434: HNF4A,NR1H2::RXRA,NR2C2,NR2E3,NR2F1,NR2F2,NR2F6,PPARA,PPARA::RXRA,PPARD,PPARG,PPARG::RXRA,RXRA,RXRB,RXRG,THRB	50	pos.Average_288__merged_pattern_28	2	2	Liver	hepatocyte
256	256|FOX_NR:NR2F/RXRG	256.FOX_NR:NR2F.RXRG	positive	5369	256.FOX_NR:NR2F.RXRG__cwm.fwd.png	256.FOX_NR:NR2F.RXRG__cwm.rev.png	TAAACACGTGAACAAAGGTCT	FOX_NR:NR2F/RXRG	FOX_NR	heterocomposite	SOX4	M01026_2.00	0.208399	SOX11,SOX12,SOX4	AC0259: SOX10,SOX2,SOX3,SOX4,SOX8,SOX9	34	pos.Liver__Liver_c4__pos_patterns.pattern_42__merged_pattern_0	1	1	Liver	hepatocyte
257	257|FOX_RFX	257.FOX_RFX	positive	21253	257.FOX_RFX__cwm.fwd.png	257.FOX_RFX__cwm.rev.png	TGTTTGCTTAGCAAC	FOX_RFX	FOX_RFX	heterocomposite	FOXM1	M09085_2.00	0.0124603	FOXM1	AC0387: AR,FOXA1,FOXA2,FOXA3,FOXB1,FOXC1,FOXC2,FOXD1,FOXD2,FOXD3,FOXE1,FOXF1,FOXF2,FOXG1,FOXI1,FOXJ2,FOXJ3,FOXK1,FOXK2,FOXL1,FOXM1,FOXN3,FOXO1,FOXO3,FOXO4,FOXO6,FOXP1,FOXP2,FOXP3,FOXQ1	26	pos.Average_282__merged_pattern_9	1	1	Lung	ciliated
258	258|FOX_SOX	258.FOX_SOX	positive	11135	258.FOX_SOX__cwm.fwd.png	258.FOX_SOX__cwm.rev.png	TGTTTTCCATTGT	FOX_SOX	FOX_SOX	heterocomposite	FOXG1	M03032_2.00	0.0516449	FOXG1	AC0384: FOXG1,FOXI1,FOXJ2,FOXJ3,FOXO1,FOXO3,FOXO4,FOXO6	35	pos.Average_276__merged_pattern_83	1	1	Skin	fibroblast
259	259|FOX_unresolved	259.FOX_unresolved	positive	2584	259.FOX_unresolved__cwm.fwd.png	259.FOX_unresolved__cwm.rev.png	TGCTGTTCTGCAATATTTGC	FOX_unresolved	FOX_unresolved	heterocomposite	NFIL3	MA0025.2	0.434621	DBP,HLF,NFIL3,TEF	AC0402: CEBPA,CEBPB,CEBPD,CEBPE,CEBPG,DBP,HLF,NFIL3	940	pos.Average_257__merged_pattern_0	7	7	Liver,Lung	hepatocyte,cholangiocyte,stellate,airway epithelial progenitor
260	260|GATA#1	260.GATA#1	positive	2521764	260.GATA#1__cwm.fwd.png	260.GATA#1__cwm.rev.png	TTATC	GATA#1	GATA	base	GATA1	M02739_2.00	0.26622	GATA1,GATA2,GATA3,GATA4,GATA5,GATA6	AC0252: GATA1,GATA1::TAL1,GATA2,GATA3,GATA4,GATA5,GATA6,TAL1	279495	pos.Average_248__merged_pattern_0	30	28	Adrenal,Heart,Liver,StomachEsophagus	adrenal cortex,vCM,fibroblast,endocardial,epicardial,aCM,cycling vCM,erythroblast,hepatocyte,endothelial,B cell progenitor,megakaryocyte,cholangiocyte,Kupffer,stellate,chief and neck cells,parietal cells
261	261|GATA#2	261.GATA#2	positive	41762	261.GATA#2__cwm.fwd.png	261.GATA#2__cwm.rev.png	TAATCTCCTTTGGCAACACCC	GATA#2	GATA	base_with_flank	THAP12	M02538_2.00	1.00E+00	not found in HOCOMOCO	AC0476: THAP12	120	pos.Liver__Average_407__merged_pattern_0	2	2	Liver	erythroblast
262	262|GATA#3	262.GATA#3	positive	5232	262.GATA#3__cwm.fwd.png	262.GATA#3__cwm.rev.png	GAGATAAAACAG	GATA#3	GATA	base_with_flank	LIN28B	M04664_2.00	4.27E-01	not found in HOCOMOCO	AC0330: LIN28B	60	pos.Average_248__merged_pattern_8	1	1	Heart	cycling vCM
263	263|GATA1_TAL1	263.GATA1_TAL1	positive	298530	263.GATA1_TAL1__cwm.fwd.png	263.GATA1_TAL1__cwm.rev.png	TTATCTGTCCCCACC	GATA1_TAL1	GATA_TAL1	heterocomposite	TAL1	M08734_2.00	5.11E-13	LYL1,NHLH1,NHLH2,TAL1	AC0252: GATA1,GATA1::TAL1,GATA2,GATA3,GATA4,GATA5,GATA6,TAL1	10234	pos.Average_255__merged_pattern_1	3	3	Spleen	Fibroblast,Erythroblast,Endothelial
264	264|GATA_GATA#1	264.GATA_GATA#1	positive	2850	264.GATA_GATA#1__cwm.fwd.png	264.GATA_GATA#1__cwm.rev.png	GATAAGATAAG	GATA_GATA#1	GATA_GATA	homocomposite	ZSCAN9	M04466_2.00	1.66E-04	not found in HOCOMOCO	AC0250: MECOM,ZSCAN9	549	pos.Average_248__merged_pattern_2	8	7	Adrenal,Heart,Liver,StomachEsophagus	adrenal cortex,vCM,cycling vCM,endothelial,erythroblast,chief and neck cells
265	265|GATA_GATA#2	265.GATA_GATA#2	positive	792	265.GATA_GATA#2__cwm.fwd.png	265.GATA_GATA#2__cwm.rev.png	TTATCTTTATC	GATA_GATA#2	GATA_GATA	homocomposite	GATA1	M02739_2.00	0.827093	GATA1,GATA2,GATA3,GATA4,GATA5,GATA6	AC0252: GATA1,GATA1::TAL1,GATA2,GATA3,GATA4,GATA5,GATA6,TAL1	35	pos.Average_248__merged_pattern_14	1	1	Liver	erythroblast
266	266|GATA_GATA#3	266.GATA_GATA#3	positive	6342	266.GATA_GATA#3__cwm.fwd.png	266.GATA_GATA#3__cwm.rev.png	GATAAGTCTTATC	GATA_GATA#3	GATA_GATA	homocomposite	GATA3	MA0037.2	0.190904	GATA1,GATA2,GATA3,GATA4,GATA5,GATA6	AC0254: GATA1,GATA2,GATA3,GATA4,GATA5,GATA6,TRPS1	872	pos.Average_248__merged_pattern_1	5	4	Liver	erythroblast,Kupffer
267	267|GATA_GATA#4	267.GATA_GATA#4	positive	2385	267.GATA_GATA#4__cwm.fwd.png	267.GATA_GATA#4__cwm.rev.png	GATAATCTTATC	GATA_GATA#4	GATA_GATA	homocomposite	GATA1	M02738_2.00	0.0447327	GATA1,GATA2,GATA3,GATA4,GATA5,GATA6	AC0254: GATA1,GATA2,GATA3,GATA4,GATA5,GATA6,TRPS1	489	pos.Average_248__merged_pattern_3	2	2	Liver	erythroblast
268	268|GATA_GATA#5	268.GATA_GATA#5	positive	702	268.GATA_GATA#5__cwm.fwd.png	268.GATA_GATA#5__cwm.rev.png	GATAAAACTCCTATC	GATA_GATA#5	GATA_GATA	homocomposite	GATA1	M04862_2.00	1	GATA1,GATA2,GATA3,GATA4,GATA5,GATA6	AC0001: GATA1,PROP1	55	pos.Liver__Average_401__merged_pattern_0	2	2	Liver	erythroblast,Kupffer
269	269|GATA_GATA#6	269.GATA_GATA#6	positive	702	269.GATA_GATA#6__cwm.fwd.png	269.GATA_GATA#6__cwm.rev.png	TTATCTGTATGTTGCAGATA	GATA_GATA#6	GATA_GATA	homocomposite	GATA1::TAL1	MA0140.2	0.150363	not found in HOCOMOCO	AC0252: GATA1,GATA1::TAL1,GATA2,GATA3,GATA4,GATA5,GATA6,TAL1	54	pos.Average_248__merged_pattern_10	2	2	Liver	hepatocyte,stellate
270	270|GATA_GATA#7	270.GATA_GATA#7	positive	263	270.GATA_GATA#7__cwm.fwd.png	270.GATA_GATA#7__cwm.rev.png	TTATCTCTACTTTCATATC	GATA_GATA#7	GATA_GATA	homocomposite	GATA3	M10587_2.00	0.283943	GATA1,GATA2,GATA3,GATA4,GATA5,GATA6	AC0254: GATA1,GATA2,GATA3,GATA4,GATA5,GATA6,TRPS1	29	pos.Average_248__merged_pattern_17	1	1	Liver	erythroblast
271	271|GATA_HD:MEIS/TGIF/TBX#1	271.GATA_HD:MEIS.TGIF.TBX#1	positive	2429	271.GATA_HD:MEIS.TGIF.TBX#1__cwm.fwd.png	271.GATA_HD:MEIS.TGIF.TBX#1__cwm.rev.png	GTGCTGACAGATA	GATA_HD:MEIS/TGIF/TBX#1	GATA_HD:MEIS/TGIF/TBX	heterocomposite	GATA1::TAL1	MA0140.2	1	not found in HOCOMOCO	AC0252: GATA1,GATA1::TAL1,GATA2,GATA3,GATA4,GATA5,GATA6,TAL1	22	pos.Average_276__merged_pattern_104	1	1	Heart	aCM
272	272|GATA_HD:MEIS/TGIF/TBX#2	272.GATA_HD:MEIS.TGIF.TBX#2	positive	347	272.GATA_HD:MEIS.TGIF.TBX#2__cwm.fwd.png	272.GATA_HD:MEIS.TGIF.TBX#2__cwm.rev.png	TATCACAGGAGATGACAGC	GATA_HD:MEIS/TGIF/TBX#2	GATA_HD:MEIS/TGIF/TBX	heterocomposite	TGIF1	M09159_2.00	2.64E-01	TGIF1,TGIF2	AC0612: MEIS1,MEIS2,MEIS3,TGIF1,TGIF2	95	pos.Average_276__merged_pattern_50	1	1	Heart	aCM
273	273|GATA_MEF2#1	273.GATA_MEF2#1	positive	38015	273.GATA_MEF2#1__cwm.fwd.png	273.GATA_MEF2#1__cwm.rev.png	CTATTTTTATC	GATA_MEF2#1	GATA_MEF2	heterocomposite	MEF2C	M09597_2.00	0.0716736	MEF2A,MEF2B,MEF2C,MEF2D	AC0361: MEF2A,MEF2B,MEF2C,MEF2D	29	pos.Average_248__merged_pattern_16	1	1	Heart	vCM
274	274|GATA_MEF2#2	274.GATA_MEF2#2	positive	58	274.GATA_MEF2#2__cwm.fwd.png	274.GATA_MEF2#2__cwm.rev.png	GCTATTTTTAGCCGTTGTTATC	GATA_MEF2#2	GATA_MEF2	heterocomposite	MEF2A	M03340_2.00	1.70E-04	MEF2A,MEF2B,MEF2C,MEF2D	AC0361: MEF2A,MEF2B,MEF2C,MEF2D	21	pos.Average_295__merged_pattern_22	1	1	Heart	endocardial
275	275|GATA_MEF2#3	275.GATA_MEF2#3	positive	2130	275.GATA_MEF2#3__cwm.fwd.png	275.GATA_MEF2#3__cwm.rev.png	TTATCTCATATCCAAAAATAG	GATA_MEF2#3	GATA_MEF2	heterocomposite	MEF2C	M09597_2.00	1.65E-02	MEF2A,MEF2B,MEF2C,MEF2D	AC0361: MEF2A,MEF2B,MEF2C,MEF2D	23	pos.Average_295__merged_pattern_19	1	1	Heart	vCM
276	276|GATA_MEF2#4	276.GATA_MEF2#4	positive	2172	276.GATA_MEF2#4__cwm.fwd.png	276.GATA_MEF2#4__cwm.rev.png	GGTTCTATTTTTGGCACCAGAGATA	GATA_MEF2#4	GATA_MEF2	heterocomposite	MEF2A	M07979_2.00	1.18E-05	MEF2A,MEF2B,MEF2C,MEF2D	AC0361: MEF2A,MEF2B,MEF2C,MEF2D	22	pos.Average_295__merged_pattern_20	1	1	Heart	aCM
277	277|GATA_MEF2#5	277.GATA_MEF2#5	positive	360	277.GATA_MEF2#5__cwm.fwd.png	277.GATA_MEF2#5__cwm.rev.png	GATAAGAGGCTATTTTTAG	GATA_MEF2#5	GATA_MEF2	heterocomposite	MEF2A	MA0052.1	2.02E-05	MEF2A,MEF2B,MEF2C,MEF2D	AC0361: MEF2A,MEF2B,MEF2C,MEF2D	82	pos.Average_295__merged_pattern_5	3	3	Heart	vCM,aCM
278	278|GATA_NFI	278.GATA_NFI	positive	7	278.GATA_NFI__cwm.fwd.png	278.GATA_NFI__cwm.rev.png	GATAAGATGCCTGGAATGTAGCCC	GATA_NFI	GATA_NFI	heterocomposite	TEAD1	MA0090.3	0.00687539	TEAD1,TEAD2,TEAD3,TEAD4	AC0201: TEAD1,TEAD2,TEAD3,TEAD4	76	pos.Average_248__merged_pattern_6	2	2	Heart	vCM
279	279|GATA_NR:ESRRA/NR5A#1	279.GATA_NR:ESRRA.NR5A#1	positive	727	279.GATA_NR:ESRRA.NR5A#1__cwm.fwd.png	279.GATA_NR:ESRRA.NR5A#1__cwm.rev.png	GACCTTGCTGATA	GATA_NR:ESRRA/NR5A#1	GATA_NR	heterocomposite	ZNF214	MA1975.1	1	ZNF214,ZNF285	AC0493: ZNF214	149	pos.Average_256__merged_pattern_8	1	1	Adrenal	adrenal cortex
280	280|GATA_NR:ESRRA/NR5A#2	280.GATA_NR:ESRRA.NR5A#2	positive	14285	280.GATA_NR:ESRRA.NR5A#2__cwm.fwd.png	280.GATA_NR:ESRRA.NR5A#2__cwm.rev.png	GATAACCTTG	GATA_NR:ESRRA/NR5A#2	GATA_NR	heterocomposite	ESRRG	M03414_2.00	7.15E-01	ESR1,ESR2,ESRRA,ESRRB,ESRRG	AC0422: ESR1,ESRRA,ESRRB,ESRRG,NR5A1,NR5A2	105	pos.Average_256__merged_pattern_10	1	1	StomachEsophagus	parietal cells
281	281|GATA_NR:NR4A/NR2C	281.GATA_NR:NR4A.NR2C	positive	2394	281.GATA_NR:NR4A.NR2C__cwm.fwd.png	281.GATA_NR:NR4A.NR2C__cwm.rev.png	AAGGTCAGCAGATAA	GATA_NR:NR4A/NR2C	GATA_NR	heterocomposite	RARA	M05878_2.00	0.541835	RARA,RARB,RARG	AC0414: NR1H4,NR2C1,NR2C2,NR2E1,NR2E3,NR2F1,NR2F2,NR2F6,NR4A1,NR4A2,RARA,RARB,RARG,RORA,RXRA,RXRB	108	pos.Average_289__merged_pattern_0	1	1	Adrenal	adrenal cortex
282	282|GATA_SP/KLF#1	282.GATA_SP.KLF#1	positive	304	282.GATA_SP.KLF#1__cwm.fwd.png	282.GATA_SP.KLF#1__cwm.rev.png	GATAGGGCGGGGGGCGGGGC	GATA_SP/KLF#1	GATA_SP/KLF	heterocomposite	SP2	M08092_2.00	1.48E-06	SP1,SP2,SP3,SP4,SP5,SP7,SP8,SP9	AC0108: EGR2,KLF1,KLF10,KLF11,KLF12,KLF13,KLF14,KLF15,KLF16,KLF17,KLF2,KLF3,KLF4,KLF5,KLF6,KLF7,KLF9,SALL4,SP1,SP2,SP3,SP4,SP8,SP9,ZNF460	101	pos.Average_212__merged_pattern_21	3	3	Liver	erythroblast
283	283|GATA_SP/KLF#2	283.GATA_SP.KLF#2	positive	586	283.GATA_SP.KLF#2__cwm.fwd.png	283.GATA_SP.KLF#2__cwm.rev.png	GATAAGTGGGCGGGGC	GATA_SP/KLF#2	GATA_SP/KLF	heterocomposite	SP1	M02921_2.00	0.0021388	SP1,SP2,SP3,SP4,SP5,SP7,SP8,SP9	AC0108: EGR2,KLF1,KLF10,KLF11,KLF12,KLF13,KLF14,KLF15,KLF16,KLF17,KLF2,KLF3,KLF4,KLF5,KLF6,KLF7,KLF9,SALL4,SP1,SP2,SP3,SP4,SP8,SP9,ZNF460	20	pos.Average_212__merged_pattern_33	1	1	Liver	erythroblast
284	284|GATA_SP/KLF#3	284.GATA_SP.KLF#3	positive	409	284.GATA_SP.KLF#3__cwm.fwd.png	284.GATA_SP.KLF#3__cwm.rev.png	TTATCTGGTTGGGTG	GATA_SP/KLF#3	GATA_SP/KLF	heterocomposite	GATA1	M02739_2.00	1	GATA1,GATA2,GATA3,GATA4,GATA5,GATA6	AC0252: GATA1,GATA1::TAL1,GATA2,GATA3,GATA4,GATA5,GATA6,TAL1	35	pos.Average_248__merged_pattern_13	1	1	Liver	erythroblast
285	285|GATA_TEAD	285.GATA_TEAD	positive	546	285.GATA_TEAD__cwm.fwd.png	285.GATA_TEAD__cwm.rev.png	TGATAAGACAGGAATGT	GATA_TEAD	GATA_TEAD	heterocomposite	TEAD3	M03576_2.00	0.0455025	TEAD1,TEAD2,TEAD3,TEAD4	AC0201: TEAD1,TEAD2,TEAD3,TEAD4	75	pos.Average_286__merged_pattern_8	2	2	Heart	vCM,cycling vCM
286	286|GATA_unresolved	286.GATA_unresolved	positive	2955	286.GATA_unresolved__cwm.fwd.png	286.GATA_unresolved__cwm.rev.png	CTATTCTGAGATA	GATA_unresolved	GATA_unresolved	heterocomposite	MEF2A	MA0052.4	1.00E+00	MEF2A,MEF2B,MEF2C,MEF2D	AC0361: MEF2A,MEF2B,MEF2C,MEF2D	28	pos.Heart__Heart_c2__pos_patterns.pattern_34__merged_pattern_0	1	1	Heart	aCM
287	287|GRHL	287.GRHL	positive	246554	287.GRHL__cwm.fwd.png	287.GRHL__cwm.rev.png	ACCTGTTTGTCCAG	GRHL	GRHL	base_with_flank	GRHL2	M09558_2.00	1.26E-01	GRHL1,GRHL2	AC0351: GRHL1,GRHL2,TFCP2	57	pos.Average_288__merged_pattern_23	2	2	StomachEsophagus,Thyroid	ciliated epithelium,thyroid follicular
288	288|GRHL_GRHL#1	288.GRHL_GRHL#1	positive	295363	288.GRHL_GRHL#1__cwm.fwd.png	288.GRHL_GRHL#1__cwm.rev.png	AACCGGTTTTACCAG	GRHL_GRHL#1	GRHL_GRHL	homocomposite	GRHL2	M09558_2.00	2.30E-11	GRHL1,GRHL2	AC0351: GRHL1,GRHL2,TFCP2	136421	pos.Average_251__merged_pattern_0	47	39	Brain,Eye,Heart,Lung,Muscle,Skin,StomachEsophagus,Thymus,Thyroid	endothelial,smooth muscle cells,immune,fibroblast,airway epithelial progenitor,airway fibroblast,lymphatics,pulmonary neuroendocrine,ciliated,mesothelial,vascular endothelial,airway smooth muscle,pericytes,keratinocytes,smooth muscle,interfollicular cells,keratinocyte,epidermal progenitor,skeletal muscle,chief and neck cells,epithelial basal/keratinocyte,ciliated epithelium,parietal cells,keratinocytes/tuft cells,cortical TEC,thyroid follicular
289	289|GRHL_GRHL#2	289.GRHL_GRHL#2	positive	12289	289.GRHL_GRHL#2__cwm.fwd.png	289.GRHL_GRHL#2__cwm.rev.png	AACCGGTTTGAACCGG	GRHL_GRHL#2	GRHL_GRHL	homocomposite	UBP1	M04893_2.00	6.14E-08	TFCP2,TFCP2L1,UBP1	AC0350: TFCP2,TFCP2L1,UBP1	361	pos.Average_251__merged_pattern_2	2	2	StomachEsophagus	chief and neck cells,smooth muscle
290	290|GRHL_TEAD#1	290.GRHL_TEAD#1	positive	19525	290.GRHL_TEAD#1__cwm.fwd.png	290.GRHL_TEAD#1__cwm.rev.png	GGAATGTAGCCAAACAGG	GRHL_TEAD#1	GRHL_TEAD	heterocomposite	GRHL2	M09558_2.00	0.011365	GRHL1,GRHL2	AC0351: GRHL1,GRHL2,TFCP2	1222	pos.Average_306__merged_pattern_14	2	2	Skin	keratinocyte
291	291|GRHL_TEAD#2	291.GRHL_TEAD#2	positive	3728	291.GRHL_TEAD#2__cwm.fwd.png	291.GRHL_TEAD#2__cwm.rev.png	AACTGGTCTGACTGGAATTC	GRHL_TEAD#2	GRHL_TEAD	heterocomposite	GRHL2	M09558_2.00	0.0484766	GRHL1,GRHL2	AC0351: GRHL1,GRHL2,TFCP2	60	pos.Average_251__merged_pattern_7	1	1	Skin	epidermal progenitor
292	292|GRHL_TEAD#3	292.GRHL_TEAD#3	positive	11005	292.GRHL_TEAD#3__cwm.fwd.png	292.GRHL_TEAD#3__cwm.rev.png	CCTGCTGGGCTGCATTCC	GRHL_TEAD#3	GRHL_TEAD	heterocomposite	TEAD3	MA0808.1	0.344616	TEAD1,TEAD2,TEAD3,TEAD4	AC0201: TEAD1,TEAD2,TEAD3,TEAD4	307	pos.Average_306__merged_pattern_38	1	1	Skin	epidermal progenitor
293	293|HD#1	293.HD#1	positive	89837	293.HD#1__cwm.fwd.png	293.HD#1__cwm.rev.png	GCTAATTA	HD#1	HD	base	VSX1	M05869_2.00	0.00461805	VSX1,VSX2	AC0010: ALX1,ALX3,ALX4,ARGFX,ARX,BARHL1,BARHL2,BARX1,BCL6,BSX,DLX1,DLX2,DLX3,DLX4,DLX5,DLX6,DRGX,EMX1,EMX2,EN1,EN2,ESX1,EVX1,EVX2,GBX1,GBX2,GSX1,GSX2,HESX1,HOXA1,HOXA2,HOXA4,HOXA5,HOXA7,HOXB1,HOXB2,HOXB3,HOXB4,HOXB5,HOXB6,HOXB7,HOXB8,HOXC4,HOXC8,HOXD1,HOXD3,HOXD4,HOXD8,ISX,LBX1,LBX2,LHX1,LHX2,LHX3,LHX4,LHX5,LHX6,LHX8,LHX9,LMX1A,LMX1B,MEOX1,MEOX2,MIXL1,MNX1,MSX1,MSX2,NKX2-5,NKX6-1,NKX6-2,NOBOX,NOTO,PAX3,PAX4,PAX6,PBX4,PDX1,PHOX2A,PHOX2B,POU6F1,POU6F2,PROP1,PRRX1,PRRX2,RAX,RAX2,SHOX,SHOX2,SKOR1,SKOR2,TLX2,UNCX,VAX1,VAX2,VENTX,VSX1,VSX2,ZSCAN31	10036	pos.Average_276__merged_pattern_9	11	9	Brain,Skin	excitatory neurons,dorsal radial glia,CGE-derived inhibitory neurons,MGE-derived inhibitory neurons,keratinocyte
294	294|HD#2	294.HD#2	positive	2583	294.HD#2__cwm.fwd.png	294.HD#2__cwm.rev.png	CAGGTGTTTTTAATTA	HD#2	HD	base_with_flank	TWIST1	M08722_2.00	2.05E-03	FIGLA,HAND1,HAND2,PTF1A,TWIST1,TWIST2	AC0609: ATOH1,HAND2,LYL1,NEUROD1,NEUROD2,NEUROG2,OLIG2,OLIG3,PTF1A,TAL1::TCF3,TWIST1,ZBTB18,ZBTB42	143	pos.Average_303__merged_pattern_21	4	4	Muscle,Skin	myogenic progenitors,fibroblast,pericyte
295	295|HD#3	295.HD#3	positive	9919	295.HD#3__cwm.fwd.png	295.HD#3__cwm.rev.png	TAATGATGATTAAT	HD#3	HD	base_with_flank	MEOX2	M03105_2.00	0.0727489	MEOX1,MEOX2	AC0006: MEOX2	1259	pos.Spleen__Average_399__merged_pattern_1	3	3	Spleen	Fibroblast
296	296|HD:DLX/LHX#1	296.HD:DLX.LHX#1	positive	795778	296.HD:DLX.LHX#1__cwm.fwd.png	296.HD:DLX.LHX#1__cwm.rev.png	TAATTAG	HD:DLX/LHX#1	HD	base	VSX1	M04944_2.00	2.37E-04	VSX1,VSX2	AC0010: ALX1,ALX3,ALX4,ARGFX,ARX,BARHL1,BARHL2,BARX1,BCL6,BSX,DLX1,DLX2,DLX3,DLX4,DLX5,DLX6,DRGX,EMX1,EMX2,EN1,EN2,ESX1,EVX1,EVX2,GBX1,GBX2,GSX1,GSX2,HESX1,HOXA1,HOXA2,HOXA4,HOXA5,HOXA7,HOXB1,HOXB2,HOXB3,HOXB4,HOXB5,HOXB6,HOXB7,HOXB8,HOXC4,HOXC8,HOXD1,HOXD3,HOXD4,HOXD8,ISX,LBX1,LBX2,LHX1,LHX2,LHX3,LHX4,LHX5,LHX6,LHX8,LHX9,LMX1A,LMX1B,MEOX1,MEOX2,MIXL1,MNX1,MSX1,MSX2,NKX2-5,NKX6-1,NKX6-2,NOBOX,NOTO,PAX3,PAX4,PAX6,PBX4,PDX1,PHOX2A,PHOX2B,POU6F1,POU6F2,PROP1,PRRX1,PRRX2,RAX,RAX2,SHOX,SHOX2,SKOR1,SKOR2,TLX2,UNCX,VAX1,VAX2,VENTX,VSX1,VSX2,ZSCAN31	19489	pos.Average_271__merged_pattern_1	9	9	Eye,Skin	retinal progenitor cell,fibroblast,RPE,ciliated pigmented epithelium,rod,amacrine,bipolar,cone,keratinocyte
297	297|HD:DLX/LHX#2	297.HD:DLX.LHX#2	positive	385	297.HD:DLX.LHX#2__cwm.fwd.png	297.HD:DLX.LHX#2__cwm.rev.png	ATTGATATTAACCAGAC	HD:DLX/LHX#2	HD	base_with_flank	HNF1A	M10690_2.00	1.00E+00	HMBOX1,HNF1A,HNF1B	AC0003: HNF1A,HNF1B	23	pos.Average_303__merged_pattern_57	1	1	StomachEsophagus	enteric neurons
298	298|HD:DLX/LHX_HD:DLX/LHX#1	298.HD:DLX.LHX_HD:DLX.LHX#1	positive	1090	298.HD:DLX.LHX_HD:DLX.LHX#1__cwm.fwd.png	298.HD:DLX.LHX_HD:DLX.LHX#1__cwm.rev.png	TAATTAGCCATTA	HD:DLX/LHX_HD:DLX/LHX#1	HD_HD	homocomposite	LHX9	M03164_2.00	7.15E-06	LHX2,LHX9	AC0010: ALX1,ALX3,ALX4,ARGFX,ARX,BARHL1,BARHL2,BARX1,BCL6,BSX,DLX1,DLX2,DLX3,DLX4,DLX5,DLX6,DRGX,EMX1,EMX2,EN1,EN2,ESX1,EVX1,EVX2,GBX1,GBX2,GSX1,GSX2,HESX1,HOXA1,HOXA2,HOXA4,HOXA5,HOXA7,HOXB1,HOXB2,HOXB3,HOXB4,HOXB5,HOXB6,HOXB7,HOXB8,HOXC4,HOXC8,HOXD1,HOXD3,HOXD4,HOXD8,ISX,LBX1,LBX2,LHX1,LHX2,LHX3,LHX4,LHX5,LHX6,LHX8,LHX9,LMX1A,LMX1B,MEOX1,MEOX2,MIXL1,MNX1,MSX1,MSX2,NKX2-5,NKX6-1,NKX6-2,NOBOX,NOTO,PAX3,PAX4,PAX6,PBX4,PDX1,PHOX2A,PHOX2B,POU6F1,POU6F2,PROP1,PRRX1,PRRX2,RAX,RAX2,SHOX,SHOX2,SKOR1,SKOR2,TLX2,UNCX,VAX1,VAX2,VENTX,VSX1,VSX2,ZSCAN31	121	pos.Average_271__merged_pattern_9	1	1	Eye	retinal progenitor cell
299	299|HD:DLX/LHX_HD:DLX/LHX#2	299.HD:DLX.LHX_HD:DLX.LHX#2	positive	1386	299.HD:DLX.LHX_HD:DLX.LHX#2__cwm.fwd.png	299.HD:DLX.LHX_HD:DLX.LHX#2__cwm.rev.png	AATTAATGCTAATTA	HD:DLX/LHX_HD:DLX/LHX#2	HD_HD	homocomposite	LHX6	M03109_2.00	3.69E-04	LHX6,LHX8	AC0010: ALX1,ALX3,ALX4,ARGFX,ARX,BARHL1,BARHL2,BARX1,BCL6,BSX,DLX1,DLX2,DLX3,DLX4,DLX5,DLX6,DRGX,EMX1,EMX2,EN1,EN2,ESX1,EVX1,EVX2,GBX1,GBX2,GSX1,GSX2,HESX1,HOXA1,HOXA2,HOXA4,HOXA5,HOXA7,HOXB1,HOXB2,HOXB3,HOXB4,HOXB5,HOXB6,HOXB7,HOXB8,HOXC4,HOXC8,HOXD1,HOXD3,HOXD4,HOXD8,ISX,LBX1,LBX2,LHX1,LHX2,LHX3,LHX4,LHX5,LHX6,LHX8,LHX9,LMX1A,LMX1B,MEOX1,MEOX2,MIXL1,MNX1,MSX1,MSX2,NKX2-5,NKX6-1,NKX6-2,NOBOX,NOTO,PAX3,PAX4,PAX6,PBX4,PDX1,PHOX2A,PHOX2B,POU6F1,POU6F2,PROP1,PRRX1,PRRX2,RAX,RAX2,SHOX,SHOX2,SKOR1,SKOR2,TLX2,UNCX,VAX1,VAX2,VENTX,VSX1,VSX2,ZSCAN31	94	pos.Average_276__merged_pattern_52	1	1	Brain	CGE-derived inhibitory neurons
300	300|HD:DLX/LHX_HD:DLX/LHX#3	300.HD:DLX.LHX_HD:DLX.LHX#3	positive	68	300.HD:DLX.LHX_HD:DLX.LHX#3__cwm.fwd.png	300.HD:DLX.LHX_HD:DLX.LHX#3__cwm.rev.png	TAATTAGCATTTCTTAATTT	HD:DLX/LHX_HD:DLX/LHX#3	HD_HD	homocomposite	PAX4	M05430_2.00	0.00210017	PAX4,PAX6	AC0010: ALX1,ALX3,ALX4,ARGFX,ARX,BARHL1,BARHL2,BARX1,BCL6,BSX,DLX1,DLX2,DLX3,DLX4,DLX5,DLX6,DRGX,EMX1,EMX2,EN1,EN2,ESX1,EVX1,EVX2,GBX1,GBX2,GSX1,GSX2,HESX1,HOXA1,HOXA2,HOXA4,HOXA5,HOXA7,HOXB1,HOXB2,HOXB3,HOXB4,HOXB5,HOXB6,HOXB7,HOXB8,HOXC4,HOXC8,HOXD1,HOXD3,HOXD4,HOXD8,ISX,LBX1,LBX2,LHX1,LHX2,LHX3,LHX4,LHX5,LHX6,LHX8,LHX9,LMX1A,LMX1B,MEOX1,MEOX2,MIXL1,MNX1,MSX1,MSX2,NKX2-5,NKX6-1,NKX6-2,NOBOX,NOTO,PAX3,PAX4,PAX6,PBX4,PDX1,PHOX2A,PHOX2B,POU6F1,POU6F2,PROP1,PRRX1,PRRX2,RAX,RAX2,SHOX,SHOX2,SKOR1,SKOR2,TLX2,UNCX,VAX1,VAX2,VENTX,VSX1,VSX2,ZSCAN31	61	pos.Average_276__merged_pattern_61	1	1	Brain	excitatory neurons
301	301|HD:DLX/LHX_HD:MEIS/TGIF/TBX	301.HD:DLX.LHX_HD:MEIS.TGIF.TBX	positive	8411	301.HD:DLX.LHX_HD:MEIS.TGIF.TBX__cwm.fwd.png	301.HD:DLX.LHX_HD:MEIS.TGIF.TBX__cwm.rev.png	TAATTAGATCTGAC	HD:DLX/LHX_HD:MEIS/TGIF/TBX	HD_HD:MEIS/TGIF/TBX	heterocomposite	PROP1	M00317_2.00	0.0294128	PROP1	AC0009: ARX,DUXA,EMX1,EMX2,EN1,ESX1,GBX2,GSX1,GSX2,HESX1,HOXA6,HOXB7,HOXC4,HOXD8,ISL1,LBX2,LHX2,LHX6,LHX9,MSX2,NANOG,NOBOX,PAX4,PAX6,POU2F1,POU3F1,POU3F2,POU6F2,PROP1,TLX2,VAX2,VSX1,ZFHX2,ZFHX3	1015	pos.Average_293__merged_pattern_2	1	1	Eye	retinal progenitor cell
302	302|HD:DLX/LHX_NFIhalf	302.HD:DLX.LHX_NFIhalf	positive	4852	302.HD:DLX.LHX_NFIhalf__cwm.fwd.png	302.HD:DLX.LHX_NFIhalf__cwm.rev.png	GCCAAATTTTAAT	HD:DLX/LHX_NFIhalf	HD_NFI	heterocomposite	LCORL	M01304_2.00	1	not found in HOCOMOCO	AC0578: LCORL	50	pos.Average_276__merged_pattern_71	1	1	Skin	fibroblast
303	303|HD:DLX/LHX_POU	303.HD:DLX.LHX_POU	positive	504	303.HD:DLX.LHX_POU__cwm.fwd.png	303.HD:DLX.LHX_POU__cwm.rev.png	ATTTGCATGTTAATTA	HD:DLX/LHX_POU	HD_POU2/3	heterocomposite	POU3F2	M05477_2.00	2.81E-03	POU3F1,POU3F2,POU3F3,POU3F4	AC0009: ARX,DUXA,EMX1,EMX2,EN1,ESX1,GBX2,GSX1,GSX2,HESX1,HOXA6,HOXB7,HOXC4,HOXD8,ISL1,LBX2,LHX2,LHX6,LHX9,MSX2,NANOG,NOBOX,PAX4,PAX6,POU2F1,POU3F1,POU3F2,POU6F2,PROP1,TLX2,VAX2,VSX1,ZFHX2,ZFHX3	344	pos.Brain__Average_327__merged_pattern_0	2	2	Brain	dorsal radial glia,CGE-derived inhibitory neurons
304	304|HD:HOXB/LHX	304.HD:HOXB.LHX	positive	59277	304.HD:HOXB.LHX__cwm.fwd.png	304.HD:HOXB.LHX__cwm.rev.png	ATGAAGTG	HD:HOXB/LHX	HD	base_with_flank	ETS1	M09532_2.00	0.588592	ERF,ERG,ETS1,ETS2,ETV2,ETV3,FEV,FLI1,GABPA	AC0626: EHF,ELF1,ELF2,ELF3,ELF4,ELF5,ELK1,ELK1::HOXA1,ELK1::HOXB13,ELK1::SREBF2,ELK3,ELK4,ERF,ERF::FOXI1,ERF::HOXB13,ERF::NHLH1,ERG,ETS1,ETS2,ETV1,ETV2,ETV2::DRGX,ETV2::HOXB13,ETV3,ETV4,ETV5,ETV5::DRGX,ETV5::HOXA2,ETV6,ETV7,FEV,FLI1,FLI1::DRGX,FOXJ2::ELF1,GABPA,HOXB2::ELK1,HOXD12::ELK1,NR2C2,SPDEF,ZBTB7A,ZNF200,ZNF519	6962	pos.Average_280__merged_pattern_6	6	4	Lung	airway fibroblast,airway smooth muscle,airway epithelial progenitor
305	305|HD:MEIS/PBX	305.HD:MEIS.PBX	positive	34699	305.HD:MEIS.PBX__cwm.fwd.png	305.HD:MEIS.PBX__cwm.rev.png	CCATAAATCAT	HD:MEIS/PBX	HD:MEIS/PBX	base	HOXA9	M09131_2.00	1.37E-05	HOXA10,HOXA11,HOXA13,HOXA9,HOXB13,HOXB9,HOXC10,HOXC11,HOXC12,HOXC13,HOXC9,HOXD10,HOXD11,HOXD12,HOXD13,HOXD9	AC0559: HOXA9,MEIS1,MEIS2,PBX2	290	pos.Average_287__merged_pattern_7	4	4	Muscle,Skin	myocytes (fast/Type II),fibroblast,interfollicular cells
306	306|HD:MEIS/TGIF/TBX	306.HD:MEIS.TGIF.TBX	positive	1212732	306.HD:MEIS.TGIF.TBX__cwm.fwd.png	306.HD:MEIS.TGIF.TBX__cwm.rev.png	GTGCTGACAG	HD:MEIS/TGIF/TBX	HD:MEIS/TGIF/TBX	base_with_flank	MEIS1	M03165_2.00	0.271284	MEIS1,MEIS2,MEIS3	AC0612: MEIS1,MEIS2,MEIS3,TGIF1,TGIF2	74343	pos.Average_276__merged_pattern_4	15	13	Heart	vCM,fibroblast,endocardial,immune,epicardial,aCM,cycling vCM,pericyte
307	307|HD:MEIS/TGIF/TBX_HD:MEIS/TGIF/TBX#1	307.HD:MEIS.TGIF.TBX_HD:MEIS.TGIF.TBX#1	positive	2261	307.HD:MEIS.TGIF.TBX_HD:MEIS.TGIF.TBX#1__cwm.fwd.png	307.HD:MEIS.TGIF.TBX_HD:MEIS.TGIF.TBX#1__cwm.rev.png	GTGTCAGTGACAGATACCAG	HD:MEIS/TGIF/TBX_HD:MEIS/TGIF/TBX#1	HD:MEIS/TGIF/TBX_HD:MEIS/TGIF/TBX	homocomposite	GATA1	M09115_2.00	1	GATA1,GATA2,GATA3,GATA4,GATA5,GATA6	AC0252: GATA1,GATA1::TAL1,GATA2,GATA3,GATA4,GATA5,GATA6,TAL1	953	pos.Average_276__merged_pattern_16	1	1	Heart	aCM
308	308|HD:MEIS/TGIF/TBX_HD:MEIS/TGIF/TBX#2	308.HD:MEIS.TGIF.TBX_HD:MEIS.TGIF.TBX#2	positive	38	308.HD:MEIS.TGIF.TBX_HD:MEIS.TGIF.TBX#2__cwm.fwd.png	308.HD:MEIS.TGIF.TBX_HD:MEIS.TGIF.TBX#2__cwm.rev.png	GCTGTCAGTGCTGACAGGCTGCATGGC	HD:MEIS/TGIF/TBX_HD:MEIS/TGIF/TBX#2	HD:MEIS/TGIF/TBX_HD:MEIS/TGIF/TBX	homocomposite	MEIS1	M03165_2.00	0.496807	MEIS1,MEIS2,MEIS3	AC0612: MEIS1,MEIS2,MEIS3,TGIF1,TGIF2	24	pos.Average_276__merged_pattern_100	1	1	Heart	cycling vCM
309	309|HD:MEIS/TGIF/TBX_HD:PAX/VSX	309.HD:MEIS.TGIF.TBX_HD:PAX.VSX	positive	55773	309.HD:MEIS.TGIF.TBX_HD:PAX.VSX__cwm.fwd.png	309.HD:MEIS.TGIF.TBX_HD:PAX.VSX__cwm.rev.png	TGTCAGATTCAAT	HD:MEIS/TGIF/TBX_HD:PAX/VSX	HD_HD:MEIS/TGIF/TBX	heterocomposite	STAT2	M09416_2.00	1.00E+00	STAT1,STAT2,STAT3,STAT4,STAT5A,STAT5B,STAT6	AC0188: IRF1,IRF2,IRF3,IRF4,IRF5,IRF7,IRF8,IRF9,STAT1,STAT1::STAT2,STAT2,ZNF71	15133	pos.Average_293__merged_pattern_0	3	3	Eye	retinal progenitor cell,amacrine,retinal ganglion
310	310|HD:MEIS/TGIF/TBX_HD:PITX/OTX	310.HD:MEIS.TGIF.TBX_HD:PITX.OTX	positive	70987	310.HD:MEIS.TGIF.TBX_HD:PITX.OTX__cwm.fwd.png	310.HD:MEIS.TGIF.TBX_HD:PITX.OTX__cwm.rev.png	TGACATAATTA	HD:MEIS/TGIF/TBX_HD:PITX/OTX	HD:MEIS/TGIF/TBX_HD:PITX/OTX	heterocomposite	JUN	M08072_2.00	0.0633242	JUN,JUNB,JUND	AC0547: ATF1,ATF2,ATF3,ATF4,ATF6,ATF6B,ATF7,BACH2,BATF3,CREB1,CREB3,CREB3L4,CREB5,CREM,FOS,FOS::JUN,FOSB,FOSB::JUN,FOSB::JUNB,FOSL1,FOSL1::JUN,FOSL1::JUND,FOSL2,FOSL2::JUN,FOSL2::JUNB,FOSL2::JUND,JDP2,JUN,JUN::JUNB,JUNB,JUND,XBP1,ZNF614	55	pos.Eye__Average_488__merged_pattern_1	1	1	Eye	fibroblast
311	311|HD:MEIS/TGIF/TBX_MEF2	311.HD:MEIS.TGIF.TBX_MEF2	positive	243	311.HD:MEIS.TGIF.TBX_MEF2__cwm.fwd.png	311.HD:MEIS.TGIF.TBX_MEF2__cwm.rev.png	GCTAAAAATAGAAAGATGAC	HD:MEIS/TGIF/TBX_MEF2	HD:MEIS/TGIF/TBX_MEF2	heterocomposite	MEF2A	M03340_2.00	1.74E-04	MEF2A,MEF2B,MEF2C,MEF2D	AC0361: MEF2A,MEF2B,MEF2C,MEF2D	28	pos.Average_295__merged_pattern_16	1	1	Thymus	medullary TEC (myoid Type IIa)
312	312|HD:MEIS/TGIF/TBX_unresolved	312.HD:MEIS.TGIF.TBX_unresolved	positive	516	312.HD:MEIS.TGIF.TBX_unresolved__cwm.fwd.png	312.HD:MEIS.TGIF.TBX_unresolved__cwm.rev.png	CACATGTTCTCACTTATAAGT	HD:MEIS/TGIF/TBX_unresolved	HD:MEIS/TGIF/TBX_unresolved	heterocomposite	GATA1::TAL1	MA0140.2	0.671132	not found in HOCOMOCO	AC0252: GATA1,GATA1::TAL1,GATA2,GATA3,GATA4,GATA5,GATA6,TAL1	52	pos.Heart__Heart_c0__pos_patterns.pattern_35__merged_pattern_0	1	1	Heart	vCM
313	313|HD:PAX/VSX	313.HD:PAX.VSX	positive	34964	313.HD:PAX.VSX__cwm.fwd.png	313.HD:PAX.VSX__cwm.rev.png	TAATTGGAT	HD:PAX/VSX	HD	base_with_flank	PROP1	M00317_2.00	0.0253243	PROP1	AC0009: ARX,DUXA,EMX1,EMX2,EN1,ESX1,GBX2,GSX1,GSX2,HESX1,HOXA6,HOXB7,HOXC4,HOXD8,ISL1,LBX2,LHX2,LHX6,LHX9,MSX2,NANOG,NOBOX,PAX4,PAX6,POU2F1,POU3F1,POU3F2,POU6F2,PROP1,TLX2,VAX2,VSX1,ZFHX2,ZFHX3	264	pos.Average_271__merged_pattern_7	1	1	Eye	rod
314	314|HD:PAX/VSX_unresolved	314.HD:PAX.VSX_unresolved	positive	124277	314.HD:PAX.VSX_unresolved__cwm.fwd.png	314.HD:PAX.VSX_unresolved__cwm.rev.png	CTGGAAGCCATTA	HD:PAX/VSX_unresolved	HD_unresolved	heterocomposite	HOXB2::ELK1	MA1957.1	0.0914135	not found in HOCOMOCO	AC0626: EHF,ELF1,ELF2,ELF3,ELF4,ELF5,ELK1,ELK1::HOXA1,ELK1::HOXB13,ELK1::SREBF2,ELK3,ELK4,ERF,ERF::FOXI1,ERF::HOXB13,ERF::NHLH1,ERG,ETS1,ETS2,ETV1,ETV2,ETV2::DRGX,ETV2::HOXB13,ETV3,ETV4,ETV5,ETV5::DRGX,ETV5::HOXA2,ETV6,ETV7,FEV,FLI1,FLI1::DRGX,FOXJ2::ELF1,GABPA,HOXB2::ELK1,HOXD12::ELK1,NR2C2,SPDEF,ZBTB7A,ZNF200,ZNF519	137	pos.Skin__Average_96__merged_pattern_0	2	2	Skin	fibroblast
315	315|HD:PBX/PKNOX	315.HD:PBX.PKNOX	positive	35297	315.HD:PBX.PKNOX__cwm.fwd.png	315.HD:PBX.PKNOX__cwm.rev.png	GATTGACAGTTTTTAA	HD:PBX/PKNOX	HD:PBX/PKNOX	base_with_flank	PBX1	M09164_2.00	0.190409	PBX1,PBX2,PBX3	AC0527: PBX1,PBX2,PBX3,PKNOX1	2254	pos.Average_293__merged_pattern_1	3	3	Spleen	Fibroblast
316	316|HD:PITX/OTX#1	316.HD:PITX.OTX#1	positive	660573	316.HD:PITX.OTX#1__cwm.fwd.png	316.HD:PITX.OTX#1__cwm.rev.png	GGATTA	HD:PITX/OTX#1	HD	base	OTX2	M09153_2.00	0.0013924	CRX,OTX1,OTX2	AC0564: CRX,DMBX1,DPRX,GATA1,GSC,GSC2,OTX1,OTX2,PITX1,PITX2,PITX3,RHOXF2	55565	pos.Average_271__merged_pattern_0	13	6	Eye	fibroblast,RPE,rod,extraocular muscle,bipolar,cone
317	317|HD:PITX/OTX#2	317.HD:PITX.OTX#2	positive	17292	317.HD:PITX.OTX#2__cwm.fwd.png	317.HD:PITX.OTX#2__cwm.rev.png	GCTTAAGCAGATT	HD:PITX/OTX#2	HD	base_with_flank	POU2F1	M03308_2.00	0.556865	POU2F1,POU2F2,POU2F3	AC0588: POU1F1,POU2F1,POU2F2,POU2F3,POU3F1,POU3F2,POU3F3,POU3F4,POU5F1,POU5F1B,POU6F1,TBP	94	pos.Average_271__merged_pattern_11	1	1	Eye	cone
318	318|HD:PITX/OTX_HD:PITX/OTX#1	318.HD:PITX.OTX_HD:PITX.OTX#1	positive	3514	318.HD:PITX.OTX_HD:PITX.OTX#1__cwm.fwd.png	318.HD:PITX.OTX_HD:PITX.OTX#1__cwm.rev.png	GGATTATGGGGATTA	HD:PITX/OTX_HD:PITX/OTX#1	HD:PITX/OTX_HD:PITX/OTX	homocomposite	OTX1	M05025_2.00	0.0658529	CRX,OTX1,OTX2	AC0564: CRX,DMBX1,DPRX,GATA1,GSC,GSC2,OTX1,OTX2,PITX1,PITX2,PITX3,RHOXF2	442	pos.Average_271__merged_pattern_5	1	1	Eye	cone
319	319|HD:PITX/OTX_HD:PITX/OTX#2	319.HD:PITX.OTX_HD:PITX.OTX#2	positive	3368	319.HD:PITX.OTX_HD:PITX.OTX#2__cwm.fwd.png	319.HD:PITX.OTX_HD:PITX.OTX#2__cwm.rev.png	TAATCCCTTAATC	HD:PITX/OTX_HD:PITX/OTX#2	HD:PITX/OTX_HD:PITX/OTX	homocomposite	OTX1	M05025_2.00	0.362321	CRX,OTX1,OTX2	AC0564: CRX,DMBX1,DPRX,GATA1,GSC,GSC2,OTX1,OTX2,PITX1,PITX2,PITX3,RHOXF2	968	pos.Average_271__merged_pattern_2	2	2	Eye	fibroblast,cone
320	320|HD:PITX/OTX_HD:PITX/OTX#3	320.HD:PITX.OTX_HD:PITX.OTX#3	positive	75	320.HD:PITX.OTX_HD:PITX.OTX#3__cwm.fwd.png	320.HD:PITX.OTX_HD:PITX.OTX#3__cwm.rev.png	TAATCCGCTTAGAAAACTGATTA	HD:PITX/OTX_HD:PITX/OTX#3	HD:PITX/OTX_HD:PITX/OTX	homocomposite	CRX	M09132_2.00	0.165495	CRX,OTX1,OTX2	AC0564: CRX,DMBX1,DPRX,GATA1,GSC,GSC2,OTX1,OTX2,PITX1,PITX2,PITX3,RHOXF2	28	pos.Average_271__merged_pattern_16	1	1	Eye	cone
321	321|HD:PITX/OTX_HD:PITX/OTX#4	321.HD:PITX.OTX_HD:PITX.OTX#4	positive	8416	321.HD:PITX.OTX_HD:PITX.OTX#4__cwm.fwd.png	321.HD:PITX.OTX_HD:PITX.OTX#4__cwm.rev.png	GGATTAAATC	HD:PITX/OTX_HD:PITX/OTX#4	HD:PITX/OTX_HD:PITX/OTX	homocomposite	PITX2	M00310_2.00	0.883052	PITX1,PITX2,PITX3	AC0564: CRX,DMBX1,DPRX,GATA1,GSC,GSC2,OTX1,OTX2,PITX1,PITX2,PITX3,RHOXF2	49	pos.Average_271__merged_pattern_13	1	1	Eye	cone
322	322|HD:PITX/OTX_HD:SIX/ZNF	322.HD:PITX.OTX_HD:SIX.ZNF	positive	3605	322.HD:PITX.OTX_HD:SIX.ZNF__cwm.fwd.png	322.HD:PITX.OTX_HD:SIX.ZNF__cwm.rev.png	GAAACTTAATCC	HD:PITX/OTX_HD:SIX/ZNF	HD:PITX/OTX_HD:SIX/ZNF	heterocomposite	SIX1	M09142_2.00	5.50E-02	SIX1,SIX2	AC0032: SIX1,SIX2,ZNF32	75	pos.Average_207__merged_pattern_1	1	1	Eye	extraocular muscle
323	323|HD:PITX/OTX_SP/KLF	323.HD:PITX.OTX_SP.KLF	positive	438	323.HD:PITX.OTX_SP.KLF__cwm.fwd.png	323.HD:PITX.OTX_SP.KLF__cwm.rev.png	TAATCTCTTTTGGCAACACCCTCACAGAC	HD:PITX/OTX_SP/KLF	HD_SP/KLF	heterocomposite	KLF9	M08088_2.00	7.49E-01	KLF1,KLF10,KLF11,KLF12,KLF13,KLF14,KLF15,KLF16,KLF17,KLF2,KLF3,KLF4,KLF5,KLF6,KLF7,KLF8,KLF9	AC0108: EGR2,KLF1,KLF10,KLF11,KLF12,KLF13,KLF14,KLF15,KLF16,KLF17,KLF2,KLF3,KLF4,KLF5,KLF6,KLF7,KLF9,SALL4,SP1,SP2,SP3,SP4,SP8,SP9,ZNF460	24	pos.Liver__Average_407__merged_pattern_1	1	1	Liver	erythroblast
324	324|HD:PROP/ALX	324.HD:PROP.ALX	positive	34832	324.HD:PROP.ALX__cwm.fwd.png	324.HD:PROP.ALX__cwm.rev.png	AATCTAATTA	HD:PROP/ALX	HD:PROP/ALX	base	DRGX	M03199_2.00	1.89E-05	DRGX	AC0002: ALX1,ALX3,ALX4,ARGFX,ARX,DRGX,DUX4,DUXA,ISX,MIXL1,PHOX2A,PHOX2B,PROP1,PRRX1,UNCX	4048	pos.Average_288__merged_pattern_5	1	1	StomachEsophagus	enteric neurons
325	325|HD:SIX/ZNF	325.HD:SIX.ZNF	positive	222259	325.HD:SIX.ZNF__cwm.fwd.png	325.HD:SIX.ZNF__cwm.rev.png	GTATCAGGTTTC	HD:SIX/ZNF	HD:SIX/ZNF	base	SIX1	M09142_2.00	1.47E-15	SIX1,SIX2	AC0032: SIX1,SIX2,ZNF32	28788	pos.Average_207__merged_pattern_0	13	13	Eye,Heart,Lung,Muscle,Skin,Thymus	extraocular muscle,fibroblast,airway epithelial progenitor,ciliated,myocytes (fast/Type II),smooth muscle,myocytes (slow/Type I),myocytes,skeletal muscle,medullary TEC (myoid Type IIa),cortical TEC
326	326|HD_HD#1	326.HD_HD#1	positive	112705	326.HD_HD#1__cwm.fwd.png	326.HD_HD#1__cwm.rev.png	ATTAATTA	HD_HD#1	HD_HD	homocomposite	PAX6	M00337_2.00	9.55E-03	PAX4,PAX6	AC0010: ALX1,ALX3,ALX4,ARGFX,ARX,BARHL1,BARHL2,BARX1,BCL6,BSX,DLX1,DLX2,DLX3,DLX4,DLX5,DLX6,DRGX,EMX1,EMX2,EN1,EN2,ESX1,EVX1,EVX2,GBX1,GBX2,GSX1,GSX2,HESX1,HOXA1,HOXA2,HOXA4,HOXA5,HOXA7,HOXB1,HOXB2,HOXB3,HOXB4,HOXB5,HOXB6,HOXB7,HOXB8,HOXC4,HOXC8,HOXD1,HOXD3,HOXD4,HOXD8,ISX,LBX1,LBX2,LHX1,LHX2,LHX3,LHX4,LHX5,LHX6,LHX8,LHX9,LMX1A,LMX1B,MEOX1,MEOX2,MIXL1,MNX1,MSX1,MSX2,NKX2-5,NKX6-1,NKX6-2,NOBOX,NOTO,PAX3,PAX4,PAX6,PBX4,PDX1,PHOX2A,PHOX2B,POU6F1,POU6F2,PROP1,PRRX1,PRRX2,RAX,RAX2,SHOX,SHOX2,SKOR1,SKOR2,TLX2,UNCX,VAX1,VAX2,VENTX,VSX1,VSX2,ZSCAN31	618	pos.Average_271__merged_pattern_4	1	1	Eye	retinal progenitor cell
327	327|HD_HD#2	327.HD_HD#2	positive	2683	327.HD_HD#2__cwm.fwd.png	327.HD_HD#2__cwm.rev.png	TAATTAGATTAATTA	HD_HD#2	HD_HD	homocomposite	LHX2	M03107_2.00	8.14E-04	LHX2,LHX9	AC0010: ALX1,ALX3,ALX4,ARGFX,ARX,BARHL1,BARHL2,BARX1,BCL6,BSX,DLX1,DLX2,DLX3,DLX4,DLX5,DLX6,DRGX,EMX1,EMX2,EN1,EN2,ESX1,EVX1,EVX2,GBX1,GBX2,GSX1,GSX2,HESX1,HOXA1,HOXA2,HOXA4,HOXA5,HOXA7,HOXB1,HOXB2,HOXB3,HOXB4,HOXB5,HOXB6,HOXB7,HOXB8,HOXC4,HOXC8,HOXD1,HOXD3,HOXD4,HOXD8,ISX,LBX1,LBX2,LHX1,LHX2,LHX3,LHX4,LHX5,LHX6,LHX8,LHX9,LMX1A,LMX1B,MEOX1,MEOX2,MIXL1,MNX1,MSX1,MSX2,NKX2-5,NKX6-1,NKX6-2,NOBOX,NOTO,PAX3,PAX4,PAX6,PBX4,PDX1,PHOX2A,PHOX2B,POU6F1,POU6F2,PROP1,PRRX1,PRRX2,RAX,RAX2,SHOX,SHOX2,SKOR1,SKOR2,TLX2,UNCX,VAX1,VAX2,VENTX,VSX1,VSX2,ZSCAN31	894	pos.Average_271__merged_pattern_3	2	2	Eye,Skin	retinal progenitor cell,keratinocyte
328	328|HD_HD#3	328.HD_HD#3	positive	38	328.HD_HD#3__cwm.fwd.png	328.HD_HD#3__cwm.rev.png	ATGCTAATTAGCTAATTAG	HD_HD#3	HD_HD	homocomposite	PAX4	M05434_2.00	1.41E-05	PAX4,PAX6	AC0009: ARX,DUXA,EMX1,EMX2,EN1,ESX1,GBX2,GSX1,GSX2,HESX1,HOXA6,HOXB7,HOXC4,HOXD8,ISL1,LBX2,LHX2,LHX6,LHX9,MSX2,NANOG,NOBOX,PAX4,PAX6,POU2F1,POU3F1,POU3F2,POU6F2,PROP1,TLX2,VAX2,VSX1,ZFHX2,ZFHX3	21	pos.Average_276__merged_pattern_105	1	1	Brain	dorsal radial glia
329	329|HD_HD#4	329.HD_HD#4	positive	344	329.HD_HD#4__cwm.fwd.png	329.HD_HD#4__cwm.rev.png	TAATTAGATGCTAATTA	HD_HD#4	HD_HD	homocomposite	POU3F2	M05482_2.00	3.95E-05	POU3F1,POU3F2,POU3F3,POU3F4	AC0009: ARX,DUXA,EMX1,EMX2,EN1,ESX1,GBX2,GSX1,GSX2,HESX1,HOXA6,HOXB7,HOXC4,HOXD8,ISL1,LBX2,LHX2,LHX6,LHX9,MSX2,NANOG,NOBOX,PAX4,PAX6,POU2F1,POU3F1,POU3F2,POU6F2,PROP1,TLX2,VAX2,VSX1,ZFHX2,ZFHX3	271	pos.Average_276__merged_pattern_27	2	2	Brain	dorsal radial glia,CGE-derived inhibitory neurons
330	330|HD_NFI#1	330.HD_NFI#1	positive	3467	330.HD_NFI#1__cwm.fwd.png	330.HD_NFI#1__cwm.rev.png	GGCTGTCTGCCAAGTTTAAAT	HD_NFI#1	HD_NFI	heterocomposite	NFIC	M09378_2.00	0.0112307	NFIA,NFIB,NFIC,NFIX	AC0082: NFIA,NFIB,NFIC,NFIC::TLX1,NFIX	137	pos.Average_276__merged_pattern_44	1	1	Brain	excitatory neurons
331	331|HD_NFIhalf#1	331.HD_NFIhalf#1	positive	78	331.HD_NFIhalf#1__cwm.fwd.png	331.HD_NFIhalf#1__cwm.rev.png	GCCAAATATCTGCAAAAGACATTA	HD_NFIhalf#1	HD_NFI	heterocomposite	ZFP42	M08348_2.00	1.00E+00	YY1,YY2,ZFP42	AC0059: MZF1,YY1,YY2,ZFP42,ZNF597	26	pos.Average_251__merged_pattern_11	1	1	Muscle	tenogenic cells
332	332|HD_NFIhalf#2	332.HD_NFIhalf#2	positive	2389	332.HD_NFIhalf#2__cwm.fwd.png	332.HD_NFIhalf#2__cwm.rev.png	TTGGCAGGGATATTAATT	HD_NFIhalf#2	HD_NFI	heterocomposite	NFIC	MA0161.1	0.388551	NFIA,NFIB,NFIC,NFIX	AC0082: NFIA,NFIB,NFIC,NFIC::TLX1,NFIX	32	pos.Average_276__merged_pattern_87	1	1	Brain	dorsal radial glia
333	333|HIC	333.HIC	negative	1844411	333.HIC__cwm.fwd.png	333.HIC__cwm.rev.png	TGCCA	HIC	HIC	base	HIC1	M04568_2.00	0.0558485	HIC1,HIC2	AC0084: HIC1,HIC2	54	neg.Heart__Heart_c3__neg_patterns.pattern_1__merged_pattern_0	1	1	Heart	fibroblast
334	334|HNF1A/B#1	334.HNF1A.B#1	positive	246348	334.HNF1A.B#1__cwm.fwd.png	334.HNF1A.B#1__cwm.rev.png	GTTAATGATTAAC	HNF1A/B#1	HNF1A/B	base	HNF1B	M03245_2.00	3.13E-07	HMBOX1,HNF1A,HNF1B	AC0003: HNF1A,HNF1B	96787	pos.Average_290__merged_pattern_0	41	32	Brain,Liver,Lung,Muscle,StomachEsophagus	endothelial,smooth muscle cells,erythroblast,hepatocyte,cholangiocyte,Kupffer,stellate,airway epithelial progenitor,airway fibroblast,lymphatics,immune,pulmonary neuroendocrine,ciliated,vascular endothelial,pericytes,smooth muscle,chief and neck cells,endocrine cells,parietal cells
335	335|HNF1A/B#2	335.HNF1A.B#2	positive	11537	335.HNF1A.B#2__cwm.fwd.png	335.HNF1A.B#2__cwm.rev.png	GTTACTCAATAAC	HNF1A/B#2	HNF1A/B	base	HNF1B	M09168_2.00	0.0421921	HMBOX1,HNF1A,HNF1B	AC0003: HNF1A,HNF1B	20	pos.Average_290__merged_pattern_5	1	1	Liver	cholangiocyte
336	336|HNF4	336.HNF4	positive	9621	336.HNF4__cwm.fwd.png	336.HNF4__cwm.rev.png	TGGAATTTGACCC	HNF4	NR:HNF4	base	HNF4A	M05574_2.00	0.00178672	HNF4A,HNF4G	AC0433: HNF4A,HNF4G,NR2F1	269	pos.Average_303__merged_pattern_15	2	2	Liver	hepatocyte
337	337|HSF1	337.HSF1	positive	12500	337.HSF1__cwm.fwd.png	337.HSF1__cwm.rev.png	CCCGGGTTCGATTCCCG	HSF1	HSF1	base	HSF1	M07977_2.00	1.61E-06	HSF1,HSF2,HSF4,HSF5,HSFY1	AC0134: HSF1	6273	pos.Average_264__merged_pattern_0	107	83	Brain,Eye,Heart,Liver,Lung,Muscle,Skin,Spleen,StomachEsophagus,Thymus	excitatory neurons,dorsal radial glia,MGE-derived inhibitory neurons,smooth muscle cells,retinal progenitor cell,fibroblast,amacrine,extraocular muscle,retinal ganglion,bipolar,vCM,endocardial,erythroblast,hepatocyte,endothelial,Kupffer,stellate,airway epithelial progenitor,airway fibroblast,lymphatics,immune,pulmonary neuroendocrine,vascular endothelial,ciliated,airway smooth muscle,pericytes,myocytes (fast/Type II),smooth muscle,myocytes (slow/Type I),keratinocytes,myogenic progenitors,fibroblasts,myoblasts (cycling),tenogenic cells,melanocyte,skeletal muscle,keratinocyte,vascular endothelium,pericyte,schwann,Fibroblast,Erythroblast,chief and neck cells,cycling stromal,ciliated epithelium,MYH3+ smooth muscle,parietal cells,keratinocytes/tuft cells,enteric glia,enteric neurons,medullary TEC (myoid Type IIa)
338	338|IKZF1_NR	338.IKZF1_NR	positive	16619	338.IKZF1_NR__cwm.fwd.png	338.IKZF1_NR__cwm.rev.png	AAGGACTTCCTG	IKZF1_NR	IKZF1_NR	heterocomposite	ETV7	M04714_2.00	7.26E-02	ETV6,ETV7	AC0626: EHF,ELF1,ELF2,ELF3,ELF4,ELF5,ELK1,ELK1::HOXA1,ELK1::HOXB13,ELK1::SREBF2,ELK3,ELK4,ERF,ERF::FOXI1,ERF::HOXB13,ERF::NHLH1,ERG,ETS1,ETS2,ETV1,ETV2,ETV2::DRGX,ETV2::HOXB13,ETV3,ETV4,ETV5,ETV5::DRGX,ETV5::HOXA2,ETV6,ETV7,FEV,FLI1,FLI1::DRGX,FOXJ2::ELF1,GABPA,HOXB2::ELK1,HOXD12::ELK1,NR2C2,SPDEF,ZBTB7A,ZNF200,ZNF519	85	pos.Average_256__merged_pattern_11	1	1	Spleen	Endothelial progenitor
339	339|IKZF1_RUNX	339.IKZF1_RUNX	positive	1311	339.IKZF1_RUNX__cwm.fwd.png	339.IKZF1_RUNX__cwm.rev.png	GAGGAACTTGTGGT	IKZF1_RUNX	IKZF1_RUNX	heterocomposite	RUNX1	M11258_2.00	0.781507	RUNX1,RUNX2,RUNX3	AC0015: RUNX1,RUNX2,RUNX3	24	pos.Spleen__Spleen_c3__pos_patterns.pattern_40__merged_pattern_0	1	1	Spleen	B cells
340	340|IRF/STAT_IRF/STAT#1	340.IRF.STAT_IRF.STAT#1	positive	237358	340.IRF.STAT_IRF.STAT#1__cwm.fwd.png	340.IRF.STAT_IRF.STAT#1__cwm.rev.png	AGTTTCACTTTC	IRF/STAT_IRF/STAT#1	IRF/STAT_IRF/STAT	homocomposite	IRF1	M09594_2.00	3.03E-09	IRF1,IRF2,IRF3,IRF4,IRF5,IRF6,IRF7,IRF8,IRF9	AC0188: IRF1,IRF2,IRF3,IRF4,IRF5,IRF7,IRF8,IRF9,STAT1,STAT1::STAT2,STAT2,ZNF71	42019	pos.Average_296__merged_pattern_0	39	35	Liver,Lung,Spleen,StomachEsophagus,Thymus	hepatocyte,B cell progenitor,Kupffer,stellate,airway epithelial progenitor,airway fibroblast,immune,vascular endothelial,ciliated,Fibroblast,Erythroblast,Pericyte,Endothelial progenitor,B cells,T cells,Endothelial,smooth muscle,ciliated epithelium,keratinocytes/tuft cells,CD8+ CD4+ thymocytes,dendritic cells,macrophages,medullary TEC (myoid Type IIa),cortical TEC
341	341|IRF/STAT_IRF/STAT#2	341.IRF.STAT_IRF.STAT#2	positive	3917	341.IRF.STAT_IRF.STAT#2__cwm.fwd.png	341.IRF.STAT_IRF.STAT#2__cwm.rev.png	CTTCCTCTTTCTCTTTCC	IRF/STAT_IRF/STAT#2	IRF/STAT_IRF/STAT	homocomposite	IRF3	M09234_2.00	1.71E-04	IRF1,IRF2,IRF3,IRF4,IRF5,IRF6,IRF7,IRF8,IRF9	AC0188: IRF1,IRF2,IRF3,IRF4,IRF5,IRF7,IRF8,IRF9,STAT1,STAT1::STAT2,STAT2,ZNF71	39	pos.Average_296__merged_pattern_11	1	1	Spleen	Fibroblast
342	342|IRF/STAT_IRF/STAT#3	342.IRF.STAT_IRF.STAT#3	positive	3890	342.IRF.STAT_IRF.STAT#3__cwm.fwd.png	342.IRF.STAT_IRF.STAT#3__cwm.rev.png	AAACCAAAACCAAAACCAAAAC	IRF/STAT_IRF/STAT#3	IRF/STAT_IRF/STAT	homocomposite	IRF4	M05539_2.00	0.018245	IRF1,IRF2,IRF3,IRF4,IRF5,IRF6,IRF7,IRF8,IRF9	AC0188: IRF1,IRF2,IRF3,IRF4,IRF5,IRF7,IRF8,IRF9,STAT1,STAT1::STAT2,STAT2,ZNF71	43	pos.Spleen__Average_402__merged_pattern_0	1	1	Spleen	T cells
343	343|IRF/STAT_IRF/STAT#4	343.IRF.STAT_IRF.STAT#4	positive	3506	343.IRF.STAT_IRF.STAT#4__cwm.fwd.png	343.IRF.STAT_IRF.STAT#4__cwm.rev.png	AGTTTCAGTTTTGCAAGATGAA	IRF/STAT_IRF/STAT#4	IRF/STAT_IRF/STAT	homocomposite	IRF5	M05538_2.00	0.12435	IRF1,IRF2,IRF3,IRF4,IRF5,IRF6,IRF7,IRF8,IRF9	AC0188: IRF1,IRF2,IRF3,IRF4,IRF5,IRF7,IRF8,IRF9,STAT1,STAT1::STAT2,STAT2,ZNF71	28	pos.Thymus__Thymus_c2__pos_patterns.pattern_38__merged_pattern_0	1	1	Thymus	CD8+ CD4+ thymocytes
344	344|MEF2	344.MEF2	positive	1378257	344.MEF2__cwm.fwd.png	344.MEF2__cwm.rev.png	CTATTTTTAG	MEF2	MEF2	base	MEF2D	M09250_2.00	1.97E-10	MEF2A,MEF2B,MEF2C,MEF2D	AC0361: MEF2A,MEF2B,MEF2C,MEF2D	338994	pos.Average_295__merged_pattern_0	98	71	Brain,Eye,Heart,Liver,Muscle,Skin,Spleen,StomachEsophagus,Thymus,Thyroid	excitatory neurons,MGE-derived inhibitory neurons,extraocular muscle,vCM,fibroblast,endocardial,neuronal,immune,epicardial,aCM,cycling vCM,pericyte,stellate,myocytes (fast/Type II),smooth muscle,myocytes (slow/Type I),pericytes,macrophages,myocytes,myogenic progenitors,endothelial,myoblasts (cycling),tenogenic cells,skeletal muscle,melanocyte progenitor,vascular endothelium,schwann,Fibroblast,Pericyte,Endothelial progenitor,B cells,T cells,cycling stromal,MYH3+ smooth muscle,CD8+ CD4+ thymocytes,vascular smooth muscle,medullary TEC (myoid Type I),medullary TEC (myoid Type IIa),fibroblasts,endothelial cells,medullary TEC (myoid),thyroid follicular
345	345|MEF2_NFI	345.MEF2_NFI	positive	2	345.MEF2_NFI__cwm.fwd.png	345.MEF2_NFI__cwm.rev.png	TATTTATATTTTTGGAGAACTGCCAA	MEF2_NFI	MEF2_NFI	heterocomposite	NFIC	MA0161.1	0.63686	NFIA,NFIB,NFIC,NFIX	AC0082: NFIA,NFIB,NFIC,NFIC::TLX1,NFIX	206	pos.Average_276__merged_pattern_35	4	4	Heart	vCM,aCM,cycling vCM
346	346|MEF2_NFIhalf#1	346.MEF2_NFIhalf#1	positive	2206	346.MEF2_NFIhalf#1__cwm.fwd.png	346.MEF2_NFIhalf#1__cwm.rev.png	CTATTTTTGGCACGGTTCC	MEF2_NFIhalf#1	MEF2_NFI	heterocomposite	NFIC::TLX1	MA0119.1	5.72E-03	not found in HOCOMOCO	AC0082: NFIA,NFIB,NFIC,NFIC::TLX1,NFIX	154	pos.Average_276__merged_pattern_39	3	3	Eye,Heart,Lung	fibroblast,vCM,airway fibroblast
347	347|MEF2_NFIhalf#2	347.MEF2_NFIhalf#2	positive	1160	347.MEF2_NFIhalf#2__cwm.fwd.png	347.MEF2_NFIhalf#2__cwm.rev.png	TCTATTTTTAGCTTTGGCA	MEF2_NFIhalf#2	MEF2_NFI	heterocomposite	MEF2A	M03340_2.00	1.26E-06	MEF2A,MEF2B,MEF2C,MEF2D	AC0361: MEF2A,MEF2B,MEF2C,MEF2D	35	pos.Average_295__merged_pattern_13	1	1	Brain	excitatory neurons
348	348|MEF2_NFIhalf#3	348.MEF2_NFIhalf#3	positive	1839	348.MEF2_NFIhalf#3__cwm.fwd.png	348.MEF2_NFIhalf#3__cwm.rev.png	GCCAACCAGCACAAAAATAG	MEF2_NFIhalf#3	MEF2_NFI	heterocomposite	MEF2A	M08213_2.00	1	MEF2A,MEF2B,MEF2C,MEF2D	AC0361: MEF2A,MEF2B,MEF2C,MEF2D	70	pos.Heart__Average_396__merged_pattern_0	3	3	Heart	vCM,fibroblast,aCM
349	349|MEF2_TBP	349.MEF2_TBP	positive	300	349.MEF2_TBP__cwm.fwd.png	349.MEF2_TBP__cwm.rev.png	TATAGCATAGCTATTTTTGGCCTCCTTTT	MEF2_TBP	MEF2_TBP	heterocomposite	MEF2C	M07980_2.00	3.96E-07	MEF2A,MEF2B,MEF2C,MEF2D	AC0361: MEF2A,MEF2B,MEF2C,MEF2D	31	pos.Average_295__merged_pattern_15	1	1	Heart	vCM
350	350|NFAT	350.NFAT	positive	4829379	350.NFAT__cwm.fwd.png	350.NFAT__cwm.rev.png	TGGAAA	NFAT	NFAT	base	ZNF189	M08244_2.00	0.123038	MYNN,MZF1,OSR2,PRDM14,PRDM5,PRDM6,WT1,ZBTB14,ZBTB16,ZBTB24,ZBTB40,ZBTB44,ZBTB48,ZBTB49,ZFP1,ZFP28,ZFP3,ZFP41,ZFP64,ZFP90,ZIM3,ZKSCAN8,ZNF10,ZNF121,ZNF135,ZNF141,ZNF154,ZNF16,ZNF165,ZNF18,ZNF184,ZNF189,ZNF197,ZNF205,ZNF23,ZNF239,ZNF250,ZNF254,ZNF257,ZNF263,ZNF266,ZNF267,ZNF273,ZNF274,ZNF317,ZNF320,ZNF329,ZNF331,ZNF337,ZNF34,ZNF35,ZNF394,ZNF416,ZNF425,ZNF429,ZNF433,ZNF441,ZNF444,ZNF449,ZNF454,ZNF480,ZNF483,ZNF485,ZNF502,ZNF506,ZNF527,ZNF528,ZNF529,ZNF530,ZNF534,ZNF547,ZNF549,ZNF550,ZNF554,ZNF560,ZNF565,ZNF578,ZNF584,ZNF586,ZNF610,ZNF623,ZNF626,ZNF660,ZNF662,ZNF664,ZNF667,ZNF677,ZNF680,ZNF681,ZNF682,ZNF684,ZNF7,ZNF707,ZNF708,ZNF713,ZNF714,ZNF74,ZNF749,ZNF766,ZNF768,ZNF789,ZNF79,ZNF790,ZNF791,ZNF793,ZNF85,ZNF879,ZNF880,ZNF90,ZSCAN16,ZSCAN21,ZSCAN22	AC0208: NFATC1,NFATC2,NFATC3,NFATC4,ZNF189	8230	pos.Average_306__merged_pattern_7	1	1	Muscle	tenogenic cells
351	351|NFAT_NFAT#1	351.NFAT_NFAT#1	positive	16502	351.NFAT_NFAT#1__cwm.fwd.png	351.NFAT_NFAT#1__cwm.rev.png	TGGAAAATTTTCCC	NFAT_NFAT#1	NFAT_NFAT	homocomposite	NFATC2	M09346_2.00	0.011042	NFAT5,NFATC1,NFATC2,NFATC3,NFATC4	AC0208: NFATC1,NFATC2,NFATC3,NFATC4,ZNF189	72	pos.Average_306__merged_pattern_71	1	1	Muscle	tenogenic cells
352	352|NFAT_NFIhalf#1	352.NFAT_NFIhalf#1	positive	705363	352.NFAT_NFIhalf#1__cwm.fwd.png	352.NFAT_NFIhalf#1__cwm.rev.png	TTCCTGGC	NFAT_NFIhalf#1	NFAT_NFI	heterocomposite	TEAD4	M09435_2.00	7.82E-01	TEAD1,TEAD2,TEAD3,TEAD4	AC0201: TEAD1,TEAD2,TEAD3,TEAD4	977	pos.Average_306__merged_pattern_19	1	1	Muscle	tenogenic cells
353	353|NFAT_NFIhalf#2	353.NFAT_NFIhalf#2	positive	29260	353.NFAT_NFIhalf#2__cwm.fwd.png	353.NFAT_NFIhalf#2__cwm.rev.png	GGAAACTTGGC	NFAT_NFIhalf#2	NFAT_NFI	heterocomposite	CREB3	M04240_2.00	1	CREB3,CREB3L1,CREB3L2,CREB3L4	AC0552: ATF6B,CLOCK,CREB3,CREB3L1,CREB3L4,HES1,HES2,HES5,HES6,HES7,HEY1,HEY2,MAX,MAX::MYC,MNT,MXI1,MYC,MYCN,NPAS2,SOHLH2	443	pos.Average_276__merged_pattern_23	1	1	Muscle	tenogenic cells
354	354|NFAT_SOX#1	354.NFAT_SOX#1	positive	34964	354.NFAT_SOX#1__cwm.fwd.png	354.NFAT_SOX#1__cwm.rev.png	GGAAACAATGG	NFAT_SOX#1	NFAT_SOX	heterocomposite	SOX9	M02716_2.00	0.114405	SOX10,SOX8,SOX9	AC0261: SOX10,SOX13,SOX14,SOX15,SOX17,SOX18,SOX2,SOX3,SOX30,SOX5,SOX6,SOX8,SOX9,SRY,ZNF317	144	pos.Average_288__merged_pattern_14	2	2	Muscle,Skin	endothelial,vascular endothelium
355	355|NFI#1	355.NFI#1	positive	4047583	355.NFI#1__cwm.fwd.png	355.NFI#1__cwm.rev.png	TTGGCAGGGTGCC	NFI#1	NFI	base	NFIC	M09378_2.00	1.88E-05	NFIA,NFIB,NFIC,NFIX	AC0082: NFIA,NFIB,NFIC,NFIC::TLX1,NFIX	991492	pos.Average_276__merged_pattern_0	186	156	Adrenal,Brain,Eye,Heart,Liver,Lung,Muscle,Skin,Spleen,StomachEsophagus,Thymus,Thyroid	adrenal cortex,excitatory neurons,dorsal radial glia,CGE-derived inhibitory neurons,smooth muscle cells,endothelial,oligodendrocyte precursor cells,MGE-derived inhibitory neurons,retinal progenitor cell,fibroblast,RPE,smooth muscle,astrocyte,myogenic progenitor,ciliated pigmented epithelium,rod,amacrine,trabecular meshwork,extraocular muscle,bipolar,vascular endothelium,vCM,endocardial,neuronal,immune,epicardial,aCM,cycling vCM,pericyte,erythroblast,hepatocyte,cholangiocyte,Kupffer,stellate,airway epithelial progenitor,airway fibroblast,lymphatics,airway smooth muscle,pulmonary neuroendocrine,ciliated,mesothelial,megakaryocyte,vascular endothelial,pericytes,myocytes (fast/Type II),myocytes (slow/Type I),keratinocytes,macrophages,myocytes,myogenic progenitors,fibroblasts,myoblasts (cycling),tenogenic cells,melanocyte,skeletal muscle,interfollicular cells,lymphatic endothelium,melanocyte progenitor,keratinocyte,schwann,Fibroblast,Erythroblast,Pericyte,Endothelial progenitor,T cells,chief and neck cells,cycling stromal,epithelial basal/keratinocyte,ciliated epithelium,MYH3+ smooth muscle,parietal cells,keratinocytes/tuft cells,enteric glia,enteric neurons,vascular smooth muscle,medullary TEC (myoid Type I),medullary TEC (myoid Type IIa),cortical TEC,endothelial cells,medullary TEC (myoid),thyroid follicular,stromal
356	356|NFI#2	356.NFI#2	positive	48857	356.NFI#2__cwm.fwd.png	356.NFI#2__cwm.rev.png	TGCCAGGCTGCCA	NFI#2	NFI	base	NFIC::TLX1	MA0119.1	0.312001	not found in HOCOMOCO	AC0082: NFIA,NFIB,NFIC,NFIC::TLX1,NFIX	95	pos.Average_276__merged_pattern_51	1	1	Brain	excitatory neurons
357	357|NFI_NR2E1	357.NFI_NR2E1	positive	901	357.NFI_NR2E1__cwm.fwd.png	357.NFI_NR2E1__cwm.rev.png	GGAAGTATGCCAAGTAATGACT	NFI_NR2E1	NFI_NR	heterocomposite	NFIC	M09378_2.00	0.38708	NFIA,NFIB,NFIC,NFIX	AC0082: NFIA,NFIB,NFIC,NFIC::TLX1,NFIX	42	pos.Average_276__merged_pattern_77	1	1	Heart	fibroblast
358	358|NFI_unresolved#1	358.NFI_unresolved#1	positive	8211	358.NFI_unresolved#1__cwm.fwd.png	358.NFI_unresolved#1__cwm.rev.png	GGCAGCATGCCAAGGCC	NFI_unresolved#1	NFI_unresolved	heterocomposite	NFIC::TLX1	MA0119.1	0.00681418	not found in HOCOMOCO	AC0082: NFIA,NFIB,NFIC,NFIC::TLX1,NFIX	1388	pos.Average_276__merged_pattern_13	4	4	Adrenal,Spleen	adrenal cortex,Endothelial progenitor
359	359|NFI_unresolved#2	359.NFI_unresolved#2	positive	224	359.NFI_unresolved#2__cwm.fwd.png	359.NFI_unresolved#2__cwm.rev.png	GGCAGACTGCCAAGAAATTGCG	NFI_unresolved#2	NFI_unresolved	heterocomposite	NFIC	M09636_2.00	0.122103	NFIA,NFIB,NFIC,NFIX	AC0082: NFIA,NFIB,NFIC,NFIC::TLX1,NFIX	24	pos.Average_276__merged_pattern_98	1	1	Lung	airway fibroblast
360	360|NFIhalf	360.NFIhalf	positive	8129245	360.NFIhalf__cwm.fwd.png	360.NFIhalf__cwm.rev.png	TTGGC	NFIhalf	NFI	partial	NFIX	M03475_2.00	0.32076	NFIA,NFIB,NFIC,NFIX	AC0082: NFIA,NFIB,NFIC,NFIC::TLX1,NFIX	161483	pos.Average_276__merged_pattern_2	60	44	Brain,Eye,Heart,Lung,Muscle,Skin,StomachEsophagus,Thymus	excitatory neurons,dorsal radial glia,MGE-derived inhibitory neurons,astrocyte,vCM,fibroblast,endocardial,aCM,cycling vCM,pericyte,airway fibroblast,ciliated,airway smooth muscle,airway epithelial progenitor,myocytes (fast/Type II),smooth muscle,fibroblasts,endothelial,myoblasts (cycling),tenogenic cells,melanocyte progenitor,keratinocyte,vascular endothelium,medullary TEC (myoid Type IIa),cortical TEC
361	361|NFIhalf_NFIhalf#1	361.NFIhalf_NFIhalf#1	positive	9368	361.NFIhalf_NFIhalf#1__cwm.fwd.png	361.NFIhalf_NFIhalf#1__cwm.rev.png	TCCAGAAATTCTTGGC	NFIhalf_NFIhalf#1	NFI_NFI	homocomposite	ZBTB18	M10282_2.00	1	ZBTB18,ZBTB42	AC0609: ATOH1,HAND2,LYL1,NEUROD1,NEUROD2,NEUROG2,OLIG2,OLIG3,PTF1A,TAL1::TCF3,TWIST1,ZBTB18,ZBTB42	337	pos.Average_276__merged_pattern_25	1	1	Muscle	tenogenic cells
362	362|NFIhalf_NFIhalf#2	362.NFIhalf_NFIhalf#2	positive	4653	362.NFIhalf_NFIhalf#2__cwm.fwd.png	362.NFIhalf_NFIhalf#2__cwm.rev.png	GCCAAGAATTTATGCCAA	NFIhalf_NFIhalf#2	NFI_NFI	homocomposite	POU6F1	M10746_2.00	1	POU6F1,POU6F2	AC0533: POU1F1,POU2F2,POU3F1,POU3F2,POU3F4,POU6F1	145	pos.Average_276__merged_pattern_42	1	1	Skin	fibroblast
363	363|NFIhalf_NFIhalf#3	363.NFIhalf_NFIhalf#3	positive	2265	363.NFIhalf_NFIhalf#3__cwm.fwd.png	363.NFIhalf_NFIhalf#3__cwm.rev.png	GCCAACTTGGCAGCAATTC	NFIhalf_NFIhalf#3	NFI_NFI	homocomposite	NFIC	MA0161.1	1.00E+00	NFIA,NFIB,NFIC,NFIX	AC0082: NFIA,NFIB,NFIC,NFIC::TLX1,NFIX	55	pos.Average_276__merged_pattern_66	1	1	Lung	airway smooth muscle
364	364|NFIhalf_NKX	364.NFIhalf_NKX	positive	3026	364.NFIhalf_NKX__cwm.fwd.png	364.NFIhalf_NKX__cwm.rev.png	TTTGGCAAACACTTCA	NFIhalf_NKX	NFI_NKX	heterocomposite	NKX3-2	M09138_2.00	4.51E-01	NKX3-1,NKX3-2	AC0519: NKX2-2,NKX2-3,NKX2-4,NKX2-5,NKX2-8,NKX3-1,NKX3-2	37	pos.Lung__Lung_c4__pos_patterns.pattern_36__merged_pattern_0	1	1	Lung	airway smooth muscle
365	365|NFIhalf_NR2E1	365.NFIhalf_NR2E1	positive	3492	365.NFIhalf_NR2E1__cwm.fwd.png	365.NFIhalf_NR2E1__cwm.rev.png	AAGTCATTCTTGGC	NFIhalf_NR2E1	NFI_NR2E1	heterocomposite	PAX5	M09622_2.00	0.761877	PAX2,PAX5,PAX8	AC0507: PAX1,PAX2,PAX4,PAX5,PAX6,PAX8,PAX9	47	pos.Average_276__merged_pattern_73	1	1	Muscle	myoblasts (cycling)
366	366|NFKB/RELA	366.NFKB.RELA	positive	70264	366.NFKB.RELA__cwm.fwd.png	366.NFKB.RELA__cwm.rev.png	GGAAATCCCC	NFKB/RELA	NFKB/RELA	base	RELA	M08007_2.00	2.07E-09	REL,RELA,RELB	AC0196: NFKB1,NFKB2,REL,RELA,RELB	11389	pos.Average_306__merged_pattern_5	6	5	Spleen,Thymus	Fibroblast,B cells,CD8+ CD4+ thymocytes,dendritic cells,cortical TEC
367	367|NFY	367.NFY	positive	3275012	367.NFY__cwm.fwd.png	367.NFY__cwm.rev.png	CCAATCA	NFY	NFY	base	PBX3	M07971_2.00	6.24E-04	PBX1,PBX2,PBX3	AC0525: FOXI1,NFYA,NFYB,NFYC,PBX3	949774	pos.Average_276__merged_pattern_1	194	189	Adrenal,Brain,Eye,Heart,Liver,Lung,Muscle,Skin,Spleen,StomachEsophagus,Thymus,Thyroid	adrenal cortex,excitatory neurons,dorsal radial glia,CGE-derived inhibitory neurons,smooth muscle cells,endothelial,oligodendrocyte precursor cells,macrophages,MGE-derived inhibitory neurons,retinal progenitor cell,fibroblast,RPE,horizontal,smooth muscle,astrocyte,myogenic progenitor,ciliated pigmented epithelium,schwann,melanocyte,immune,rod,amacrine,trabecular meshwork,extraocular muscle,retinal ganglion,bipolar,cone,vascular endothelium,vCM,endocardial,neuronal,epicardial,aCM,cycling vCM,pericyte,erythroblast,hepatocyte,B cell progenitor,megakaryocyte,cholangiocyte,Kupffer,stellate,airway epithelial progenitor,airway fibroblast,lymphatics,airway smooth muscle,pulmonary neuroendocrine,ciliated,mesothelial,vascular endothelial,pericytes,myocytes (fast/Type II),myocytes (slow/Type I),myogenic progenitors,keratinocytes,myoblasts,myocytes,fibroblasts,myoblasts (cycling),tenogenic cells,skeletal muscle,interfollicular cells,lymphatic endothelium,melanocyte progenitor,macrophage,keratinocyte,epidermal progenitor,Fibroblast,Erythroblast,Pericyte,Endothelial progenitor,B cells,T cells,Endothelial,chief and neck cells,cycling stromal,epithelial basal/keratinocyte,interstitial cells of Cajal,ciliated epithelium,endocrine cells,MYH3+ smooth muscle,parietal cells,keratinocytes/tuft cells,enteric glia,enteric neurons,CD8+ CD4+ thymocytes,vascular smooth muscle,dendritic cells,medullary TEC (myoid Type I),medullary TEC (myoid Type IIa),cortical TEC,endothelial cells,medullary TEC (myoid),thyroid follicular,stromal
368	368|NFY_NFY#1	368.NFY_NFY#1	positive	69525	368.NFY_NFY#1__cwm.fwd.png	368.NFY_NFY#1__cwm.rev.png	CCAATTGG	NFY_NFY#1	NFY_NFY	homocomposite	VSX1	M03088_2.00	0.152454	VSX1,VSX2	AC0009: ARX,DUXA,EMX1,EMX2,EN1,ESX1,GBX2,GSX1,GSX2,HESX1,HOXA6,HOXB7,HOXC4,HOXD8,ISL1,LBX2,LHX2,LHX6,LHX9,MSX2,NANOG,NOBOX,PAX4,PAX6,POU2F1,POU3F1,POU3F2,POU6F2,PROP1,TLX2,VAX2,VSX1,ZFHX2,ZFHX3	22	pos.Average_276__merged_pattern_102	1	1	Thymus	medullary TEC (myoid)
369	369|NFY_NFY#2	369.NFY_NFY#2	positive	33717	369.NFY_NFY#2__cwm.fwd.png	369.NFY_NFY#2__cwm.rev.png	ATTGGCCAAT	NFY_NFY#2	NFY_NFY	homocomposite	GBX2	M03202_2.00	0.00750015	GBX1,GBX2	AC0009: ARX,DUXA,EMX1,EMX2,EN1,ESX1,GBX2,GSX1,GSX2,HESX1,HOXA6,HOXB7,HOXC4,HOXD8,ISL1,LBX2,LHX2,LHX6,LHX9,MSX2,NANOG,NOBOX,PAX4,PAX6,POU2F1,POU3F1,POU3F2,POU6F2,PROP1,TLX2,VAX2,VSX1,ZFHX2,ZFHX3	22	pos.Muscle__Muscle_c18__pos_patterns.pattern_24__merged_pattern_0	1	1	Muscle	myocytes
370	370|NFY_SP/KLF#1	370.NFY_SP.KLF#1	positive	678	370.NFY_SP.KLF#1__cwm.fwd.png	370.NFY_SP.KLF#1__cwm.rev.png	CCCAATGGGGGGCGGGGGGCGGGGC	NFY_SP/KLF#1	NFY_SP/KLF	heterocomposite	SP2	M08092_2.00	1.14E-06	SP1,SP2,SP3,SP4,SP5,SP7,SP8,SP9	AC0108: EGR2,KLF1,KLF10,KLF11,KLF12,KLF13,KLF14,KLF15,KLF16,KLF17,KLF2,KLF3,KLF4,KLF5,KLF6,KLF7,KLF9,SALL4,SP1,SP2,SP3,SP4,SP8,SP9,ZNF460	152	pos.Average_212__merged_pattern_18	4	4	Eye,Skin,Spleen,Thyroid	melanocyte,fibroblast,Endothelial,thyroid follicular
371	371|NFY_SP/KLF#2	371.NFY_SP.KLF#2	positive	29390	371.NFY_SP.KLF#2__cwm.fwd.png	371.NFY_SP.KLF#2__cwm.rev.png	ATTGGCCCCGCCC	NFY_SP/KLF#2	NFY_SP/KLF	heterocomposite	KLF7	M08298_2.00	0.0383947	KLF1,KLF10,KLF11,KLF12,KLF13,KLF14,KLF15,KLF16,KLF17,KLF2,KLF3,KLF4,KLF5,KLF6,KLF7,KLF8,KLF9	AC0108: EGR2,KLF1,KLF10,KLF11,KLF12,KLF13,KLF14,KLF15,KLF16,KLF17,KLF2,KLF3,KLF4,KLF5,KLF6,KLF7,KLF9,SALL4,SP1,SP2,SP3,SP4,SP8,SP9,ZNF460	1188	pos.Average_212__merged_pattern_7	40	40	Brain,Eye,Heart,Lung,Muscle,Skin,Spleen,StomachEsophagus,Thymus,Thyroid	excitatory neurons,oligodendrocyte precursor cells,endothelial,RPE,horizontal,astrocyte,ciliated pigmented epithelium,schwann,immune,extraocular muscle,vascular endothelium,epicardial,airway smooth muscle,megakaryocyte,airway epithelial progenitor,keratinocytes,pericytes,macrophages,myogenic progenitors,melanocyte progenitor,macrophage,fibroblast,keratinocyte,epidermal progenitor,pericyte,Fibroblast,epithelial basal/keratinocyte,interstitial cells of Cajal,mesothelial,fibroblasts,medullary TEC (myoid Type I),medullary TEC (myoid),thyroid follicular
372	372|NFYrepressive	372.NFYrepressive	negative	503554	372.NFYrepressive__cwm.fwd.png	372.NFYrepressive__cwm.rev.png	ATGCACCAATCA	NFYrepressive	NFYrep	base	NFYB	M08178_2.00	0.0223616	NFYA,NFYB,NFYC	AC0525: FOXI1,NFYA,NFYB,NFYC,PBX3	577	neg.Average_14__merged_pattern_0	14	14	Brain,Eye,Heart,Liver,Lung,Muscle,Spleen	dorsal radial glia,retinal progenitor cell,fibroblast,endocardial,aCM,pericyte,hepatocyte,airway fibroblast,airway smooth muscle,smooth muscle,Fibroblast
373	373|NKX#1	373.NKX#1	positive	19418	373.NKX#1__cwm.fwd.png	373.NKX#1__cwm.rev.png	GTGTTGAGTGAT	NKX#1	NKX	base_with_flank	BACH2	M08787_2.00	3.97E-01	BACH1,BACH2,NFE2,NFE2L1,NFE2L2	AC0239: BACH1,BACH2,MAF::NFE2,MAFG::NFE2L1,MAFK,NFE2,NFE2L2	749	pos.Average_276__merged_pattern_17	1	1	Heart	aCM
374	374|NKX#2	374.NKX#2	positive	1780008	374.NKX#2__cwm.fwd.png	374.NKX#2__cwm.rev.png	GCACTTGA	NKX#2	NKX	base	NKX2-8	MA0673.1	0.00788715	NKX2-2,NKX2-8	AC0519: NKX2-2,NKX2-3,NKX2-4,NKX2-5,NKX2-8,NKX3-1,NKX3-2	84968	pos.Average_280__merged_pattern_1	41	19	Brain,Lung,Muscle,Thyroid	endothelial,smooth muscle cells,airway epithelial progenitor,airway fibroblast,lymphatics,immune,pulmonary neuroendocrine,ciliated,vascular endothelial,pericytes,smooth muscle,thyroid follicular
375	375|NKX#3	375.NKX#3	positive	86162	375.NKX#3__cwm.fwd.png	375.NKX#3__cwm.rev.png	CCACTTGACCT	NKX#3	NKX	base_with_flank	NKX2-4	MA2003.1	7.25E-02	not found in HOCOMOCO	AC0519: NKX2-2,NKX2-3,NKX2-4,NKX2-5,NKX2-8,NKX3-1,NKX3-2	2849	pos.Average_280__merged_pattern_9	5	3	Spleen	Fibroblast
376	376|NKX_NKX#1	376.NKX_NKX#1	positive	7180	376.NKX_NKX#1__cwm.fwd.png	376.NKX_NKX#1__cwm.rev.png	GCACTTGAGTTAAGTG	NKX_NKX#1	NKX_NKX	homocomposite	NKX2-8	MA0673.1	0.0125422	NKX2-2,NKX2-8	AC0519: NKX2-2,NKX2-3,NKX2-4,NKX2-5,NKX2-8,NKX3-1,NKX3-2	1381	pos.Average_280__merged_pattern_14	11	11	Brain,Lung,Muscle	endothelial,smooth muscle cells,airway epithelial progenitor,ciliated,pericytes,smooth muscle
377	377|NKX_NKX#10	377.NKX_NKX#10	positive	5839	377.NKX_NKX#10__cwm.fwd.png	377.NKX_NKX#10__cwm.rev.png	CACTTAAAGCACTTGA	NKX_NKX#10	NKX_NKX	homocomposite	NKX2-5	M00321_2.00	4.50E-04	NKX2-3,NKX2-5	AC0520: NKX2-5,NKX2-8	322	pos.Average_280__merged_pattern_21	2	2	Brain,Lung	endothelial,airway epithelial progenitor
378	378|NKX_NKX#11	378.NKX_NKX#11	positive	2956	378.NKX_NKX#11__cwm.fwd.png	378.NKX_NKX#11__cwm.rev.png	CACTTGAGAACCACTTGAG	NKX_NKX#11	NKX_NKX	homocomposite	NKX2-8	M05151_2.00	0.00953913	NKX2-2,NKX2-8	AC0519: NKX2-2,NKX2-3,NKX2-4,NKX2-5,NKX2-8,NKX3-1,NKX3-2	109	pos.Average_280__merged_pattern_29	1	1	Thyroid	thyroid follicular
379	379|NKX_NKX#2	379.NKX_NKX#2	positive	6037	379.NKX_NKX#2__cwm.fwd.png	379.NKX_NKX#2__cwm.rev.png	GCACTTGAGACTTAAGTG	NKX_NKX#2	NKX_NKX	homocomposite	NKX2-8	MA0673.1	1.89E-05	NKX2-2,NKX2-8	AC0519: NKX2-2,NKX2-3,NKX2-4,NKX2-5,NKX2-8,NKX3-1,NKX3-2	1416	pos.Average_280__merged_pattern_13	9	9	Brain,Lung,Muscle	endothelial,smooth muscle cells,airway epithelial progenitor,smooth muscle
380	380|NKX_NKX#3	380.NKX_NKX#3	positive	5599	380.NKX_NKX#3__cwm.fwd.png	380.NKX_NKX#3__cwm.rev.png	GCACTTGAGCTTAAGTG	NKX_NKX#3	NKX_NKX	homocomposite	NKX2-8	MA0673.1	0.038474	NKX2-2,NKX2-8	AC0519: NKX2-2,NKX2-3,NKX2-4,NKX2-5,NKX2-8,NKX3-1,NKX3-2	1154	pos.Average_280__merged_pattern_16	10	10	Brain,Lung,Muscle	endothelial,smooth muscle cells,airway epithelial progenitor,ciliated,smooth muscle
381	381|NKX_NKX#4	381.NKX_NKX#4	positive	3441	381.NKX_NKX#4__cwm.fwd.png	381.NKX_NKX#4__cwm.rev.png	GCACTTGAGCTCTCAAGTG	NKX_NKX#4	NKX_NKX	homocomposite	NKX2-8	MA0673.1	0.00894126	NKX2-2,NKX2-8	AC0519: NKX2-2,NKX2-3,NKX2-4,NKX2-5,NKX2-8,NKX3-1,NKX3-2	1002	pos.Average_280__merged_pattern_17	6	6	Lung,Thyroid	airway epithelial progenitor,ciliated,thyroid follicular
382	382|NKX_NKX#5	382.NKX_NKX#5	positive	51323	382.NKX_NKX#5__cwm.fwd.png	382.NKX_NKX#5__cwm.rev.png	AAGTGGCACTTGA	NKX_NKX#5	NKX_NKX	homocomposite	NKX2-5	M10742_2.00	0.0542086	NKX2-3,NKX2-5	AC0519: NKX2-2,NKX2-3,NKX2-4,NKX2-5,NKX2-8,NKX3-1,NKX3-2	9443	pos.Average_280__merged_pattern_5	15	15	Brain,Lung,Muscle	endothelial,smooth muscle cells,airway epithelial progenitor,airway fibroblast,immune,pulmonary neuroendocrine,ciliated,vascular endothelial,pericytes,smooth muscle
383	383|NKX_NKX#6	383.NKX_NKX#6	positive	17243	383.NKX_NKX#6__cwm.fwd.png	383.NKX_NKX#6__cwm.rev.png	AAGTGGCCACTTGA	NKX_NKX#6	NKX_NKX	homocomposite	NKX2-5	M10742_2.00	0.0587247	NKX2-3,NKX2-5	AC0519: NKX2-2,NKX2-3,NKX2-4,NKX2-5,NKX2-8,NKX3-1,NKX3-2	1585	pos.Average_280__merged_pattern_12	7	7	Brain,Lung,Muscle	endothelial,smooth muscle cells,pulmonary neuroendocrine,ciliated,airway epithelial progenitor,smooth muscle
384	384|NKX_NKX#7	384.NKX_NKX#7	positive	1480	384.NKX_NKX#7__cwm.fwd.png	384.NKX_NKX#7__cwm.rev.png	AAGTGGCAAGCACTTGA	NKX_NKX#7	NKX_NKX	homocomposite	NKX2-5	M00321_2.00	0.0113309	NKX2-3,NKX2-5	AC0520: NKX2-5,NKX2-8	114	pos.Average_280__merged_pattern_26	2	2	Brain,Muscle	endothelial,smooth muscle
385	385|NKX_NKX#8	385.NKX_NKX#8	positive	7144	385.NKX_NKX#8__cwm.fwd.png	385.NKX_NKX#8__cwm.rev.png	GCACTTGAAAACACTT	NKX_NKX#8	NKX_NKX	homocomposite	NKX2-8	MA0673.1	0.00185027	NKX2-2,NKX2-8	AC0519: NKX2-2,NKX2-3,NKX2-4,NKX2-5,NKX2-8,NKX3-1,NKX3-2	279	pos.Average_280__merged_pattern_23	2	2	Muscle	endothelial,smooth muscle
386	386|NKX_NKX#9	386.NKX_NKX#9	positive	3775	386.NKX_NKX#9__cwm.fwd.png	386.NKX_NKX#9__cwm.rev.png	GCACTTGAAAAAGCACTT	NKX_NKX#9	NKX_NKX	homocomposite	NKX2-8	MA0673.1	0.00893007	NKX2-2,NKX2-8	AC0519: NKX2-2,NKX2-3,NKX2-4,NKX2-5,NKX2-8,NKX3-1,NKX3-2	337	pos.Average_280__merged_pattern_20	5	5	Brain,Lung,Muscle	endothelial,smooth muscle cells,airway epithelial progenitor,pulmonary neuroendocrine
387	387|NKX_NKX_NKX#12	387.NKX_NKX_NKX#12	positive	6656	387.NKX_NKX_NKX#12__cwm.fwd.png	387.NKX_NKX_NKX#12__cwm.rev.png	CTCAAGTGCACTCAAGTGG	NKX_NKX_NKX#12	NKX_NKX	homocomposite	NKX2-5	M10742_2.00	4.56E-02	NKX2-3,NKX2-5	AC0519: NKX2-2,NKX2-3,NKX2-4,NKX2-5,NKX2-8,NKX3-1,NKX3-2	80	pos.Average_280__merged_pattern_32	1	1	Thyroid	thyroid follicular
388	388|NKX_TEAD#1	388.NKX_TEAD#1	positive	10679	388.NKX_TEAD#1__cwm.fwd.png	388.NKX_TEAD#1__cwm.rev.png	GGAATGCACTTCA	NKX_TEAD#1	NKX_TEAD	heterocomposite	SOX8	M03489_2.00	1.00E+00	SOX10,SOX8,SOX9	AC0271: SOX10,SOX14,SOX15,SOX18,SOX2,SOX21,SOX7,SOX8,SOX9,SRY	51	pos.Average_306__merged_pattern_78	1	1	Muscle	smooth muscle
389	389|NKX_TEAD#2	389.NKX_TEAD#2	positive	28540	389.NKX_TEAD#2__cwm.fwd.png	389.NKX_TEAD#2__cwm.rev.png	AGGAATGTGAAGTAT	NKX_TEAD#2	NKX_TEAD	heterocomposite	TEAD3	M03576_2.00	0.0422547	TEAD1,TEAD2,TEAD3,TEAD4	AC0201: TEAD1,TEAD2,TEAD3,TEAD4	947	pos.Average_286__merged_pattern_2	2	2	Lung	airway epithelial progenitor
390	390|NKX_TEAD#3	390.NKX_TEAD#3	positive	556	390.NKX_TEAD#3__cwm.fwd.png	390.NKX_TEAD#3__cwm.rev.png	CTGGTCTCAAATTCCTGACCTCAAGTGA	NKX_TEAD#3	NKX_TEAD	heterocomposite	THRA	M09275_2.00	6.97E-01	THRA,THRB	AC0412: NR1H3,NR1I2,NR1I3,THRA	23	pos.Thyroid__Thyroid_c2__pos_patterns.pattern_33__merged_pattern_0	1	1	Thyroid	thyroid follicular
391	391|NR:ESR/ESRRA	391.NR:ESR.ESRRA	positive	6463	391.NR:ESR.ESRRA__cwm.fwd.png	391.NR:ESR.ESRRA__cwm.rev.png	AAGTAGGTCA	NR:ESR/ESRRA	NR	base	PPARG	M11139_2.00	3.06E-05	PPARA,PPARD,PPARG	AC0419: ESR1,ESR2,ESRRA,PPARG,RARG	457	pos.Average_287__merged_pattern_5	1	1	Thymus	CD8+ CD4+ thymocytes
392	392|NR:ESRRA/NR5A	392.NR:ESRRA.NR5A	positive	659224	392.NR:ESRRA.NR5A__cwm.fwd.png	392.NR:ESRRA.NR5A__cwm.rev.png	TGACCTTG	NR:ESRRA/NR5A	NR	base	NR5A1	M05613_2.00	9.77E-04	NR5A1,NR5A2	AC0422: ESR1,ESRRA,ESRRB,ESRRG,NR5A1,NR5A2	98366	pos.Average_256__merged_pattern_0	13	13	Adrenal,Heart,Spleen,StomachEsophagus	adrenal cortex,vCM,aCM,cycling vCM,Fibroblast,Endothelial progenitor,parietal cells
393	393|NR:ESRRA/NR5A_SOX	393.NR:ESRRA.NR5A_SOX	positive	1245	393.NR:ESRRA.NR5A_SOX__cwm.fwd.png	393.NR:ESRRA.NR5A_SOX__cwm.rev.png	AACAATGACCTTG	NR:ESRRA/NR5A_SOX	NR_SOX	heterocomposite	SRY	M03525_2.00	3.36E-02	SRY	AC0262: SOX10,SOX14,SOX15,SOX18,SOX2,SOX21,SOX4,SOX7,SOX8,SOX9,SRY	40	pos.Average_276__merged_pattern_80	1	1	Spleen	Endothelial progenitor
394	394|NR:HNF4A/HNF4G#1	394.NR:HNF4A.HNF4G#1	positive	345344	394.NR:HNF4A.HNF4G#1__cwm.fwd.png	394.NR:HNF4A.HNF4G#1__cwm.rev.png	TGAACTTTGGCC	NR:HNF4A/HNF4G#1	NR:HNF4	base	HNF4G	M08155_2.00	1.20E-10	HNF4A,HNF4G	AC0433: HNF4A,HNF4G,NR2F1	97413	pos.Average_303__merged_pattern_1	12	10	Liver,StomachEsophagus	hepatocyte,endothelial,cholangiocyte,Kupffer,erythroblast,stellate,chief and neck cells
395	395|NR:HNF4A/HNF4G_NR:HNF4A/HNF4G	395.NR:HNF4A.HNF4G_NR:HNF4A.HNF4G	positive	2313	395.NR:HNF4A.HNF4G_NR:HNF4A.HNF4G__cwm.fwd.png	395.NR:HNF4A.HNF4G_NR:HNF4A.HNF4G__cwm.rev.png	GGTCACTGAACTTTGACC	NR:HNF4A/HNF4G_NR:HNF4A/HNF4G	NR:HNF4_NR:HNF4	homocomposite	HNF4A	M03358_2.00	1.53E-02	HNF4A,HNF4G	AC0433: HNF4A,HNF4G,NR2F1	85	pos.Average_303__merged_pattern_29	2	2	Liver	hepatocyte
396	396|NR:NR2F/RXRG	396.NR:NR2F.RXRG	positive	262497	396.NR:NR2F.RXRG__cwm.fwd.png	396.NR:NR2F.RXRG__cwm.rev.png	AGGTCAAAGGCC	NR:NR2F/RXRG	NR	base	NR2C2	M09611_2.00	1.65E-03	NR2C1,NR2C2	AC0434: HNF4A,NR1H2::RXRA,NR2C2,NR2E3,NR2F1,NR2F2,NR2F6,PPARA,PPARA::RXRA,PPARD,PPARG,PPARG::RXRA,RXRA,RXRB,RXRG,THRB	14079	pos.Average_280__merged_pattern_3	10	6	Liver	hepatocyte,Kupffer,stellate
397	397|NR:NRI1/VDR	397.NR:NRI1.VDR	positive	257	397.NR:NRI1.VDR__cwm.fwd.png	397.NR:NRI1.VDR__cwm.rev.png	GGCCAAAGGTCAGAGAGGTCA	NR:NRI1/VDR	NR	base	VDR	M09269_2.00	2.15E-04	NR1I2,NR1I3,VDR	AC0411: NR1I2,NR1I3,RXRA::VDR,VDR	39	pos.Average_303__merged_pattern_40	1	1	Liver	hepatocyte
398	398|NR:RARA/RARG	398.NR:RARA.RARG	positive	6525	398.NR:RARA.RARG__cwm.fwd.png	398.NR:RARA.RARG__cwm.rev.png	GGTCAAAAGGTCA	NR:RARA/RARG	NR	base	RARB	M05564_2.00	7.07E-07	RARA,RARB,RARG	AC0410: NR2F1,NR2F2,NR2F6,RARA,RARB,RARG	362	pos.Liver__Average_285__merged_pattern_0	2	2	Liver	hepatocyte
399	399|NR:RORC/RORA	399.NR:RORC.RORA	positive	34386	399.NR:RORC.RORA__cwm.fwd.png	399.NR:RORC.RORA__cwm.rev.png	AACTAGGTCA	NR:RORC/RORA	NR	base	RORA	M11091_2.00	1.87E-06	RORA,RORB,RORC	AC0408: NR1D1,RORA,RORB,RORC	2945	pos.Eye__Average_488__merged_pattern_0	4	3	Eye	retinal progenitor cell,amacrine,retinal ganglion
400	400|NRF1	400.NRF1	positive	1057917	400.NRF1__cwm.fwd.png	400.NRF1__cwm.rev.png	GCGCATGCGC	NRF1	NRF1	base	NRF1	M08177_2.00	1.21E-05	NRF1	AC0335: NRF1	535784	pos.Average_159__merged_pattern_0	256	189	Adrenal,Brain,Eye,Heart,Liver,Lung,Muscle,Skin,Spleen,StomachEsophagus,Thymus,Thyroid	adrenal cortex,excitatory neurons,dorsal radial glia,CGE-derived inhibitory neurons,smooth muscle cells,endothelial,oligodendrocyte precursor cells,macrophages,MGE-derived inhibitory neurons,retinal progenitor cell,fibroblast,RPE,horizontal,smooth muscle,astrocyte,myogenic progenitor,ciliated pigmented epithelium,schwann,melanocyte,immune,rod,amacrine,trabecular meshwork,extraocular muscle,retinal ganglion,bipolar,cone,vascular endothelium,vCM,endocardial,neuronal,epicardial,aCM,cycling vCM,pericyte,erythroblast,hepatocyte,B cell progenitor,megakaryocyte,cholangiocyte,Kupffer,stellate,airway epithelial progenitor,airway fibroblast,lymphatics,airway smooth muscle,pulmonary neuroendocrine,ciliated,mesothelial,vascular endothelial,pericytes,myocytes (fast/Type II),myocytes (slow/Type I),myogenic progenitors,keratinocytes,myoblasts,myocytes,fibroblasts,myoblasts (cycling),tenogenic cells,skeletal muscle,interfollicular cells,lymphatic endothelium,melanocyte progenitor,macrophage,keratinocyte,epidermal progenitor,Fibroblast,Erythroblast,Pericyte,Endothelial progenitor,B cells,T cells,Endothelial,chief and neck cells,cycling stromal,epithelial basal/keratinocyte,interstitial cells of Cajal,ciliated epithelium,endocrine cells,MYH3+ smooth muscle,parietal cells,keratinocytes/tuft cells,enteric glia,enteric neurons,CD8+ CD4+ thymocytes,vascular smooth muscle,dendritic cells,medullary TEC (myoid Type I),medullary TEC (myoid Type IIa),cortical TEC,endothelial cells,medullary TEC (myoid),thyroid follicular,stromal
401	401|NR_NR#1	401.NR_NR#1	positive	21259	401.NR_NR#1__cwm.fwd.png	401.NR_NR#1__cwm.rev.png	AAGGTCAAGGTC	NR_NR#1	NR_NR	homocomposite	NR6A1	M09284_2.00	3.91E-03	NR6A1	AC0427: NR6A1	1063	pos.Average_256__merged_pattern_1	6	4	Adrenal,Spleen	adrenal cortex,Endothelial progenitor
402	402|NR_NR#2	402.NR_NR#2	positive	34398	402.NR_NR#2__cwm.fwd.png	402.NR_NR#2__cwm.rev.png	AGGTCACCTT	NR_NR#2	NR_NR	homocomposite	NR4A2	M08461_2.00	1.32E-01	NR4A1,NR4A2	AC0414: NR1H4,NR2C1,NR2C2,NR2E1,NR2E3,NR2F1,NR2F2,NR2F6,NR4A1,NR4A2,RARA,RARB,RARG,RORA,RXRA,RXRB	419	pos.Average_256__merged_pattern_4	1	1	StomachEsophagus	parietal cells
403	403|ONECUT#1	403.ONECUT#1	positive	53478	403.ONECUT#1__cwm.fwd.png	403.ONECUT#1__cwm.rev.png	AATCAAT	ONECUT#1	ONECUT	base	ONECUT3	M04678_2.00	0.00800492	ONECUT1,ONECUT2,ONECUT3	AC0601: CUX1,CUX2,ONECUT1,ONECUT2,ONECUT3	8362	pos.Average_233__merged_pattern_0	5	5	Eye,Liver	horizontal,hepatocyte
404	404|ONECUT#2	404.ONECUT#2	positive	8470	404.ONECUT#2__cwm.fwd.png	404.ONECUT#2__cwm.rev.png	ATCGAT	ONECUT#2	ONECUT	base	CUX2	M04666_2.00	0.142696	CUX1,CUX2	AC0601: CUX1,CUX2,ONECUT1,ONECUT2,ONECUT3	1048	pos.Average_233__merged_pattern_1	2	2	Eye,Liver	horizontal,hepatocyte
405	405|PAX#1	405.PAX#1	positive	35719	405.PAX#1__cwm.fwd.png	405.PAX#1__cwm.rev.png	TCAGTCAAGCATA	PAX#1	PAX	base	PAX2	MA0067.2	2.81E-05	PAX2,PAX5,PAX8	AC0507: PAX1,PAX2,PAX4,PAX5,PAX6,PAX8,PAX9	9710	pos.Average_269__merged_pattern_0	10	6	Eye,Spleen,Thymus	retinal progenitor cell,astrocyte,amacrine,retinal ganglion,B cells,cortical TEC
406	406|PAX#2	406.PAX#2	positive	2549	406.PAX#2__cwm.fwd.png	406.PAX#2__cwm.rev.png	GTCACGCTCTGTTGCCC	PAX#2	PAX	base	PAX5	M09341_2.00	2.64E-08	PAX2,PAX5,PAX8	AC0507: PAX1,PAX2,PAX4,PAX5,PAX6,PAX8,PAX9	306	pos.Thyroid__Thyroid_c2__pos_patterns.pattern_20__merged_pattern_0	1	1	Thyroid	thyroid follicular
407	407|PAX:PAX/HD#1	407.PAX:PAX.HD#1	positive	2342	407.PAX:PAX.HD#1__cwm.fwd.png	407.PAX:PAX.HD#1__cwm.rev.png	TCACGCTTCATTAAAC	PAX:PAX/HD#1	PAX	base	PAX6	M05415_2.00	8.52E-03	PAX4,PAX6	AC0507: PAX1,PAX2,PAX4,PAX5,PAX6,PAX8,PAX9	72	pos.Average_269__merged_pattern_3	1	1	Eye	retinal progenitor cell
408	408|PAX:PAX/HD#2	408.PAX:PAX.HD#2	positive	10193	408.PAX:PAX.HD#2__cwm.fwd.png	408.PAX:PAX.HD#2__cwm.rev.png	TGTCACACTTGATTA	PAX:PAX/HD#2	PAX	base	PAX2	MA0067.2	5.99E-02	PAX2,PAX5,PAX8	AC0507: PAX1,PAX2,PAX4,PAX5,PAX6,PAX8,PAX9	29	pos.Average_269__merged_pattern_4	1	1	Eye	retinal ganglion
409	409|PAX_SOX	409.PAX_SOX	positive	207	409.PAX_SOX__cwm.fwd.png	409.PAX_SOX__cwm.rev.png	ACAAAGGGAGCACTCAAGCA	PAX_SOX	PAX_SOX	heterocomposite	SOX10	MA0442.1	0.00769318	SOX10,SOX8,SOX9	AC0259: SOX10,SOX2,SOX3,SOX4,SOX8,SOX9	38	pos.Average_276__merged_pattern_81	1	1	Eye	retinal progenitor cell
410	410|POU#1	410.POU#1	positive	81111	410.POU#1__cwm.fwd.png	410.POU#1__cwm.rev.png	TATGCAAAT	POU#1	POU	base	POU2F3	MA0627.2	3.88E-06	POU2F1,POU2F2,POU2F3	AC0588: POU1F1,POU2F1,POU2F2,POU2F3,POU3F1,POU3F2,POU3F3,POU3F4,POU5F1,POU5F1B,POU6F1,TBP	4508	pos.Average_237__merged_pattern_0	5	5	Brain,Spleen	excitatory neurons,dorsal radial glia,CGE-derived inhibitory neurons,B cells
411	411|POU2F1/2	411.POU2F1.2	positive	10635	411.POU2F1.2__cwm.fwd.png	411.POU2F1.2__cwm.rev.png	ATGAATATTCAT	POU2F1/2	POU	base	POU2F2	M02742_2.00	8.71E-05	POU2F1,POU2F2,POU2F3	AC0396: POU2F1,POU2F2	1851	pos.Average_237__merged_pattern_1	3	3	Brain	excitatory neurons,dorsal radial glia
412	412|POU4	412.POU4	positive	30447	412.POU4__cwm.fwd.png	412.POU4__cwm.rev.png	ATAAATAATTCAT	POU4	POU	base	POU4F3	M05466_2.00	7.09E-04	POU4F1,POU4F2,POU4F3	AC0537: POU4F1,POU4F3	7735	pos.Average_290__merged_pattern_1	1	1	Eye	retinal ganglion
413	413|POU4_POU4	413.POU4_POU4	positive	278	413.POU4_POU4__cwm.fwd.png	413.POU4_POU4__cwm.rev.png	TAAATTATTAATTATTCA	POU4_POU4	POU_POU	homocomposite	POU4F1	M05472_2.00	0.00527965	POU4F1,POU4F2,POU4F3	AC0535: POU4F1,POU4F2,POU4F3,POU5F1	22	pos.Average_290__merged_pattern_4	1	1	Eye	retinal ganglion
414	414|POU_POU#1	414.POU_POU#1	positive	27491	414.POU_POU#1__cwm.fwd.png	414.POU_POU#1__cwm.rev.png	GCATATGCATA	POU_POU#1	POU_POU	homocomposite	POU2F1	M03309_2.00	2.35E-03	POU2F1,POU2F2,POU2F3	AC0397: POU2F1,POU2F2,POU2F3,POU3F2,POU3F3,POU5F1B	248	pos.Average_237__merged_pattern_2	2	2	Brain	excitatory neurons
415	415|POU_POU#2	415.POU_POU#2	positive	472	415.POU_POU#2__cwm.fwd.png	415.POU_POU#2__cwm.rev.png	ATTTGCATAAATTAGCAT	POU_POU#2	POU_POU	homocomposite	POU3F2	M03313_2.00	5.17E-03	POU3F1,POU3F2,POU3F3,POU3F4	AC0536: POU1F1,POU2F1,POU2F2,POU3F1,POU3F2,POU3F3,POU3F4	382	pos.Average_276__merged_pattern_24	2	2	Brain	excitatory neurons,dorsal radial glia
416	416|POU_RUNX	416.POU_RUNX	positive	173	416.POU_RUNX__cwm.fwd.png	416.POU_RUNX__cwm.rev.png	TGTGGTTTTGATTTGCATTTC	POU_RUNX	POU_RUNX	heterocomposite	POU2F2	MA0507.1	0.347851	POU2F1,POU2F2,POU2F3	AC0588: POU1F1,POU2F1,POU2F2,POU2F3,POU3F1,POU3F2,POU3F3,POU3F4,POU5F1,POU5F1B,POU6F1,TBP	40	pos.Spleen__Average_402__merged_pattern_2	1	1	Spleen	B cells
417	417|POU_unresolved	417.POU_unresolved	positive	135	417.POU_unresolved__cwm.fwd.png	417.POU_unresolved__cwm.rev.png	TTGGCATCTAATTAGCAT	POU_unresolved	POU_unresolved	heterocomposite	POU3F2	M05476_2.00	8.26E-03	POU3F1,POU3F2,POU3F3,POU3F4	AC0588: POU1F1,POU2F1,POU2F2,POU2F3,POU3F1,POU3F2,POU3F3,POU3F4,POU5F1,POU5F1B,POU6F1,TBP	64	pos.Average_276__merged_pattern_60	1	1	Brain	excitatory neurons
418	418|REST	418.REST	positive	13249	418.REST__cwm.fwd.png	418.REST__cwm.rev.png	TCAGCACCATGGACAGCG	REST	REST	base	REST	M07852_2.00	6.07E-14	E4F1,PRDM13,PRDM15,PRDM4,PRDM9,REST,ZBTB17,ZFP57,ZKSCAN5,ZNF101,ZNF112,ZNF132,ZNF251,ZNF304,ZNF316,ZNF335,ZNF341,ZNF407,ZNF467,ZNF519,ZNF674,ZNF770,ZNF778,ZNF784,ZNF787,ZNF8	AC0371: REST	1833	pos.Average_217__merged_pattern_0	16	15	Brain,Lung,Muscle,Skin	smooth muscle cells,airway epithelial progenitor,endothelial,smooth muscle,fibroblast,melanocyte,interfollicular cells,keratinocyte,pericyte,schwann
419	419|RFX#1	419.RFX#1	positive	765286	419.RFX#1__cwm.fwd.png	419.RFX#1__cwm.rev.png	GTTGCCATGGCAAC	RFX#1	RFX	base	RFX2	MA0600.1	6.91E-10	RFX1,RFX2,RFX3,RFX4,RFX5,RFX6,RFX7	AC0064: MXI1,RFX1,RFX2,RFX3,RFX4,RFX5,RFX7	210125	pos.Average_282__merged_pattern_0	165	163	Adrenal,Brain,Eye,Heart,Liver,Lung,Muscle,Skin,Spleen,StomachEsophagus,Thymus,Thyroid	adrenal cortex,excitatory neurons,dorsal radial glia,CGE-derived inhibitory neurons,smooth muscle cells,endothelial,oligodendrocyte precursor cells,macrophages,MGE-derived inhibitory neurons,retinal progenitor cell,fibroblast,RPE,horizontal,smooth muscle,astrocyte,myogenic progenitor,ciliated pigmented epithelium,schwann,melanocyte,immune,rod,amacrine,trabecular meshwork,extraocular muscle,retinal ganglion,bipolar,cone,vascular endothelium,endocardial,neuronal,epicardial,pericyte,erythroblast,hepatocyte,B cell progenitor,megakaryocyte,cholangiocyte,Kupffer,stellate,airway epithelial progenitor,airway fibroblast,lymphatics,airway smooth muscle,pulmonary neuroendocrine,ciliated,mesothelial,vascular endothelial,pericytes,myocytes (fast/Type II),myocytes (slow/Type I),myogenic progenitors,keratinocytes,myocytes,fibroblasts,myoblasts (cycling),tenogenic cells,interfollicular cells,lymphatic endothelium,melanocyte progenitor,macrophage,keratinocyte,epidermal progenitor,skeletal muscle,Fibroblast,Erythroblast,Pericyte,Endothelial progenitor,B cells,T cells,Endothelial,chief and neck cells,cycling stromal,epithelial basal/keratinocyte,interstitial cells of Cajal,ciliated epithelium,endocrine cells,parietal cells,keratinocytes/tuft cells,enteric glia,enteric neurons,CD8+ CD4+ thymocytes,vascular smooth muscle,dendritic cells,medullary TEC (myoid Type IIa),cortical TEC,endothelial cells,medullary TEC (myoid),thyroid follicular
420	420|RFX#2	420.RFX#2	positive	20445	420.RFX#2__cwm.fwd.png	420.RFX#2__cwm.rev.png	GTTGCCAAGGAAAC	RFX#2	RFX	base	RFX2	MA0600.1	0.00415924	RFX1,RFX2,RFX3,RFX4,RFX5,RFX6,RFX7	AC0064: MXI1,RFX1,RFX2,RFX3,RFX4,RFX5,RFX7	22	pos.Average_282__merged_pattern_12	1	1	Spleen	Endothelial progenitor
421	421|RFX#3	421.RFX#3	positive	47798	421.RFX#3__cwm.fwd.png	421.RFX#3__cwm.rev.png	GTTGCCATGGCGAC	RFX#3	RFX	base	MXI1	M08181_2.00	8.27E-06	MGA,MNT,MXD4,MXI1	AC0064: MXI1,RFX1,RFX2,RFX3,RFX4,RFX5,RFX7	116	pos.Average_282__merged_pattern_3	4	4	Eye,Skin,Spleen,StomachEsophagus	immune,epidermal progenitor,Endothelial,interstitial cells of Cajal
422	422|RFX_RUNX	422.RFX_RUNX	positive	337	422.RFX_RUNX__cwm.fwd.png	422.RFX_RUNX__cwm.rev.png	TGTGGTTGCCATGGCAAC	RFX_RUNX	RFX_RUNX	heterocomposite	RFX2	M09628_2.00	3.43E-07	RFX1,RFX2,RFX3,RFX4,RFX5,RFX6,RFX7	AC0064: MXI1,RFX1,RFX2,RFX3,RFX4,RFX5,RFX7	89	pos.Average_282__merged_pattern_4	1	1	Spleen	T cells
423	423|RFX_SOX	423.RFX_SOX	positive	5969	423.RFX_SOX__cwm.fwd.png	423.RFX_SOX__cwm.rev.png	GTTTCCATGGAAACAA	RFX_SOX	RFX_SOX	heterocomposite	RFX2	MA0600.1	3.82E-04	RFX1,RFX2,RFX3,RFX4,RFX5,RFX6,RFX7	AC0064: MXI1,RFX1,RFX2,RFX3,RFX4,RFX5,RFX7	33	pos.Average_282__merged_pattern_8	1	1	Skin	fibroblast
424	424|RFX_SP/KLF	424.RFX_SP.KLF	positive	20058	424.RFX_SP.KLF__cwm.fwd.png	424.RFX_SP.KLF__cwm.rev.png	GTTGCTAGGGTGTG	RFX_SP/KLF	RFX_SP/KLF	heterocomposite	RFX5	M09629_2.00	1.08E-01	RFX1,RFX2,RFX3,RFX4,RFX5,RFX6,RFX7	AC0066: RFX5	23	pos.Average_282__merged_pattern_10	1	1	StomachEsophagus	ciliated epithelium
425	425|RUNX#1	425.RUNX#1	positive	358095	425.RUNX#1__cwm.fwd.png	425.RUNX#1__cwm.rev.png	AACCACA	RUNX#1	RUNX	base	RUNX1	M09632_2.00	0.0351973	RUNX1,RUNX2,RUNX3	AC0015: RUNX1,RUNX2,RUNX3	24361	pos.Average_276__merged_pattern_6	9	7	Thymus	CD8+ CD4+ thymocytes,dendritic cells,macrophages,B cells,cortical TEC
426	426|RUNX#2	426.RUNX#2	positive	29368	426.RUNX#2__cwm.fwd.png	426.RUNX#2__cwm.rev.png	TGTGGTTTCC	RUNX#2	RUNX	base_with_flank	RUNX1	M09371_2.00	0.387583	RUNX1,RUNX2,RUNX3	AC0015: RUNX1,RUNX2,RUNX3	318	pos.Spleen__Average_367__merged_pattern_1	1	1	Spleen	T cells
427	427|RUNX#3	427.RUNX#3	positive	5237	427.RUNX#3__cwm.fwd.png	427.RUNX#3__cwm.rev.png	TTCCTGTGGTT	RUNX#3	RUNX	base_with_flank	RUNX1	M11258_2.00	0.937176	RUNX1,RUNX2,RUNX3	AC0015: RUNX1,RUNX2,RUNX3	48	pos.Spleen__Average_367__merged_pattern_2	1	1	Spleen	T cells
428	428|RUNX_RUNX#1	428.RUNX_RUNX#1	positive	478	428.RUNX_RUNX#1__cwm.fwd.png	428.RUNX_RUNX#1__cwm.rev.png	ACCACAAAAACCACA	RUNX_RUNX#1	RUNX_RUNX	homocomposite	RUNX2	M05734_2.00	2.01E-05	RUNX1,RUNX2,RUNX3	AC0017: RUNX2,RUNX3	53	pos.Average_276__merged_pattern_68	1	1	Thymus	CD8+ CD4+ thymocytes
429	429|RUNX_RUNX#2	429.RUNX_RUNX#2	positive	272	429.RUNX_RUNX#2__cwm.fwd.png	429.RUNX_RUNX#2__cwm.rev.png	TGTGGTTAACCACA	RUNX_RUNX#2	RUNX_RUNX	homocomposite	RUNX1	M11258_2.00	0.561228	RUNX1,RUNX2,RUNX3	AC0015: RUNX1,RUNX2,RUNX3	33	pos.Average_276__merged_pattern_86	1	1	Thymus	CD8+ CD4+ thymocytes
430	430|RUNX_TCF7L/LEF	430.RUNX_TCF7L.LEF	positive	13052	430.RUNX_TCF7L.LEF__cwm.fwd.png	430.RUNX_TCF7L.LEF__cwm.rev.png	ACCACATCAAA	RUNX_TCF7L/LEF	RUNX_TCF7L/LEF	heterocomposite	TCF7	M09386_2.00	0.00405131	LEF1,TAF1,TCF7,TCF7L1,TCF7L2	AC0430: LEF1,TCF4,TCF7,TCF7L1,TCF7L2	3319	pos.Average_276__merged_pattern_10	3	3	Thymus	CD8+ CD4+ thymocytes,cortical TEC
431	431|SMAD_unresolved	431.SMAD_unresolved	positive	7007	431.SMAD_unresolved__cwm.fwd.png	431.SMAD_unresolved__cwm.rev.png	TCTGTTTGCAAGATGT	SMAD_unresolved	SMAD_unresolved	heterocomposite	ZBTB18	M08350_2.00	1.00E+00	ZBTB18,ZBTB42	AC0609: ATOH1,HAND2,LYL1,NEUROD1,NEUROD2,NEUROG2,OLIG2,OLIG3,PTF1A,TAL1::TCF3,TWIST1,ZBTB18,ZBTB42	54	pos.Skin__Skin_c0__pos_patterns.pattern_37__merged_pattern_0	1	1	Skin	fibroblast
432	432|SOX#1	432.SOX#1	positive	567869	432.SOX#1__cwm.fwd.png	432.SOX#1__cwm.rev.png	AACAATGG	SOX#1	SOX	base	SOX9	M11305_2.00	3.97E-05	SOX10,SOX8,SOX9	AC0261: SOX10,SOX13,SOX14,SOX15,SOX17,SOX18,SOX2,SOX3,SOX30,SOX5,SOX6,SOX8,SOX9,SRY,ZNF317	14953	pos.Average_276__merged_pattern_7	7	6	Eye,Heart,Skin,Spleen	retinal progenitor cell,endocardial,vascular endothelium,fibroblast,Endothelial progenitor
433	433|SOX#2	433.SOX#2	positive	12124	433.SOX#2__cwm.fwd.png	433.SOX#2__cwm.rev.png	ACAAAGGCCTTTGT	SOX#2	SOX	base_with_flank	SOX10	MA0442.1	1.91E-02	SOX10,SOX8,SOX9	AC0259: SOX10,SOX2,SOX3,SOX4,SOX8,SOX9	53	pos.Average_276__merged_pattern_69	1	1	Eye	retinal progenitor cell
434	434|SOX_SOX#1	434.SOX_SOX#1	positive	125763	434.SOX_SOX#1__cwm.fwd.png	434.SOX_SOX#1__cwm.rev.png	ACAAAGGGCCCTTTGT	SOX_SOX#1	SOX_SOX	homocomposite	SOX8	M05751_2.00	NA	SOX10,SOX8,SOX9	AC0259: SOX10,SOX2,SOX3,SOX4,SOX8,SOX9	31457	pos.Average_276__merged_pattern_5	15	14	Eye,Heart,Skin,StomachEsophagus	retinal progenitor cell,fibroblast,RPE,astrocyte,schwann,melanocyte,neuronal,chief and neck cells,enteric glia
435	435|SOX_SOX#2	435.SOX_SOX#2	positive	860	435.SOX_SOX#2__cwm.fwd.png	435.SOX_SOX#2__cwm.rev.png	AACAATAGCCATTGT	SOX_SOX#2	SOX_SOX	homocomposite	SRY	M05898_2.00	9.22E-04	SRY	AC0261: SOX10,SOX13,SOX14,SOX15,SOX17,SOX18,SOX2,SOX3,SOX30,SOX5,SOX6,SOX8,SOX9,SRY,ZNF317	57	pos.Average_276__merged_pattern_63	1	1	Spleen	Endothelial progenitor
436	436|SP/KLF	436.SP.KLF	positive	15763157	436.SP.KLF__cwm.fwd.png	436.SP.KLF__cwm.rev.png	GCCCCGCCC	SP/KLF	SP/KLF	base	KLF12	M08879_2.00	1.26E-06	KLF1,KLF10,KLF11,KLF12,KLF13,KLF14,KLF15,KLF16,KLF17,KLF2,KLF3,KLF4,KLF5,KLF6,KLF7,KLF8,KLF9	AC0108: EGR2,KLF1,KLF10,KLF11,KLF12,KLF13,KLF14,KLF15,KLF16,KLF17,KLF2,KLF3,KLF4,KLF5,KLF6,KLF7,KLF9,SALL4,SP1,SP2,SP3,SP4,SP8,SP9,ZNF460	1564242	pos.Average_212__merged_pattern_0	327	189	Adrenal,Brain,Eye,Heart,Liver,Lung,Muscle,Skin,Spleen,StomachEsophagus,Thymus,Thyroid	adrenal cortex,excitatory neurons,dorsal radial glia,CGE-derived inhibitory neurons,smooth muscle cells,endothelial,oligodendrocyte precursor cells,macrophages,MGE-derived inhibitory neurons,retinal progenitor cell,fibroblast,RPE,horizontal,smooth muscle,astrocyte,myogenic progenitor,ciliated pigmented epithelium,schwann,melanocyte,immune,rod,amacrine,trabecular meshwork,extraocular muscle,retinal ganglion,bipolar,cone,vascular endothelium,vCM,endocardial,neuronal,epicardial,aCM,cycling vCM,pericyte,erythroblast,hepatocyte,B cell progenitor,megakaryocyte,cholangiocyte,Kupffer,stellate,airway epithelial progenitor,airway fibroblast,lymphatics,airway smooth muscle,pulmonary neuroendocrine,ciliated,mesothelial,vascular endothelial,pericytes,myocytes (fast/Type II),myocytes (slow/Type I),myogenic progenitors,keratinocytes,myoblasts,myocytes,fibroblasts,myoblasts (cycling),tenogenic cells,skeletal muscle,interfollicular cells,lymphatic endothelium,melanocyte progenitor,macrophage,keratinocyte,epidermal progenitor,Fibroblast,Erythroblast,Pericyte,Endothelial progenitor,B cells,T cells,Endothelial,chief and neck cells,cycling stromal,epithelial basal/keratinocyte,interstitial cells of Cajal,ciliated epithelium,endocrine cells,MYH3+ smooth muscle,parietal cells,keratinocytes/tuft cells,enteric glia,enteric neurons,CD8+ CD4+ thymocytes,vascular smooth muscle,dendritic cells,medullary TEC (myoid Type I),medullary TEC (myoid Type IIa),cortical TEC,endothelial cells,medullary TEC (myoid),thyroid follicular,stromal
437	437|SP/KLF_SP/KLF#1	437.SP.KLF_SP.KLF#1	positive	42967	437.SP.KLF_SP.KLF#1__cwm.fwd.png	437.SP.KLF_SP.KLF#1__cwm.rev.png	GGGCGGGGCCGGGGGGCGGGGC	SP/KLF_SP/KLF#1	SP/KLF_SP/KLF	homocomposite	SP2	MA0516.3	3.19E-05	SP1,SP2,SP3,SP4,SP5,SP7,SP8,SP9	AC0108: EGR2,KLF1,KLF10,KLF11,KLF12,KLF13,KLF14,KLF15,KLF16,KLF17,KLF2,KLF3,KLF4,KLF5,KLF6,KLF7,KLF9,SALL4,SP1,SP2,SP3,SP4,SP8,SP9,ZNF460	190	pos.Average_212__merged_pattern_15	2	2	Heart	vCM,aCM
438	438|SP/KLF_SP/KLF#2	438.SP.KLF_SP.KLF#2	positive	41312	438.SP.KLF_SP.KLF#2__cwm.fwd.png	438.SP.KLF_SP.KLF#2__cwm.rev.png	GGGCGGGGCCGGGGGGGGGGCGGGGC	SP/KLF_SP/KLF#2	SP/KLF_SP/KLF	homocomposite	SP2	M08092_2.00	1.70E-08	SP1,SP2,SP3,SP4,SP5,SP7,SP8,SP9	AC0108: EGR2,KLF1,KLF10,KLF11,KLF12,KLF13,KLF14,KLF15,KLF16,KLF17,KLF2,KLF3,KLF4,KLF5,KLF6,KLF7,KLF9,SALL4,SP1,SP2,SP3,SP4,SP8,SP9,ZNF460	1300	pos.Average_212__merged_pattern_6	8	8	Eye,Heart,Liver,Lung,Spleen,Thyroid	smooth muscle,immune,erythroblast,mesothelial,Endothelial,thyroid follicular,stromal,fibroblast
439	439|SP/KLF_SP/KLF#3	439.SP.KLF_SP.KLF#3	positive	98817	439.SP.KLF_SP.KLF#3__cwm.fwd.png	439.SP.KLF_SP.KLF#3__cwm.rev.png	CCGCCCCGGCCCCGCCC	SP/KLF_SP/KLF#3	SP/KLF_SP/KLF	homocomposite	SP1	M08938_2.00	3.34E-06	SP1,SP2,SP3,SP4,SP5,SP7,SP8,SP9	AC0109: KLF12,KLF15,KLF3,KLF6,SP1,SP2,SP3,SP4,ZNF180,ZNF441	1057	pos.Average_212__merged_pattern_8	6	6	Eye,Heart,Liver,Muscle,StomachEsophagus	melanocyte,immune,fibroblast,erythroblast,myogenic progenitors,keratinocytes/tuft cells
440	440|SP/KLF_SP/KLF#4	440.SP.KLF_SP.KLF#4	positive	32289	440.SP.KLF_SP.KLF#4__cwm.fwd.png	440.SP.KLF_SP.KLF#4__cwm.rev.png	GCCCCGCCCCCTCCGGCCCCGCCC	SP/KLF_SP/KLF#4	SP/KLF_SP/KLF	homocomposite	SP2	M08092_2.00	1.80E-07	SP1,SP2,SP3,SP4,SP5,SP7,SP8,SP9	AC0108: EGR2,KLF1,KLF10,KLF11,KLF12,KLF13,KLF14,KLF15,KLF16,KLF17,KLF2,KLF3,KLF4,KLF5,KLF6,KLF7,KLF9,SALL4,SP1,SP2,SP3,SP4,SP8,SP9,ZNF460	1979	pos.Average_212__merged_pattern_4	16	16	Brain,Eye,Liver,Lung,Muscle,Skin,StomachEsophagus,Thymus,Thyroid	CGE-derived inhibitory neurons,excitatory neurons,smooth muscle,immune,B cell progenitor,megakaryocyte,myoblasts,fibroblast,keratinocyte,epidermal progenitor,MYH3+ smooth muscle,enteric neurons,medullary TEC (myoid Type I),fibroblasts,thyroid follicular
441	441|SP/KLF_SP/KLF#5	441.SP.KLF_SP.KLF#5	positive	11969	441.SP.KLF_SP.KLF#5__cwm.fwd.png	441.SP.KLF_SP.KLF#5__cwm.rev.png	GCCCCGCCCCCGGGGGCGG	SP/KLF_SP/KLF#5	SP/KLF_SP/KLF	homocomposite	KLF15	MA1513.1	9.58E-05	KLF1,KLF10,KLF11,KLF12,KLF13,KLF14,KLF15,KLF16,KLF17,KLF2,KLF3,KLF4,KLF5,KLF6,KLF7,KLF8,KLF9	AC0108: EGR2,KLF1,KLF10,KLF11,KLF12,KLF13,KLF14,KLF15,KLF16,KLF17,KLF2,KLF3,KLF4,KLF5,KLF6,KLF7,KLF9,SALL4,SP1,SP2,SP3,SP4,SP8,SP9,ZNF460	221	pos.Average_212__merged_pattern_14	3	3	Heart,Liver,StomachEsophagus	pericyte,stellate,chief and neck cells
442	442|SP/KLF_SP/KLF#6	442.SP.KLF_SP.KLF#6	positive	1781	442.SP.KLF_SP.KLF#6__cwm.fwd.png	442.SP.KLF_SP.KLF#6__cwm.rev.png	ACACCCTCACAGACACACCC	SP/KLF_SP/KLF#6	SP/KLF_SP/KLF	homocomposite	ZNF785	M07720_2.00	0.595321	not found in HOCOMOCO	AC0100: ZNF785	92	pos.Liver__Liver_c0__pos_patterns.pattern_26__merged_pattern_0	1	1	Liver	erythroblast
443	443|SP/KLF_unresolved	443.SP.KLF_unresolved	positive	4808	443.SP.KLF_unresolved__cwm.fwd.png	443.SP.KLF_unresolved__cwm.rev.png	TAACTACCAGGCCCAGGGTGTGGC	SP/KLF_unresolved	SP/KLF_unresolved	heterocomposite	KLF4	M08894_2.00	0.143901	KLF1,KLF10,KLF11,KLF12,KLF13,KLF14,KLF15,KLF16,KLF17,KLF2,KLF3,KLF4,KLF5,KLF6,KLF7,KLF8,KLF9	AC0108: EGR2,KLF1,KLF10,KLF11,KLF12,KLF13,KLF14,KLF15,KLF16,KLF17,KLF2,KLF3,KLF4,KLF5,KLF6,KLF7,KLF9,SALL4,SP1,SP2,SP3,SP4,SP8,SP9,ZNF460	121	pos.Liver__Liver_c5__pos_patterns.pattern_20__merged_pattern_0	1	1	Liver	erythroblast
444	444|SPI	444.SPI	positive	131	444.SPI__cwm.fwd.png	444.SPI__cwm.rev.png	GGAAACTAAAAAGCAGAAGT	SPI	SPI	base	SPIB	M03008_2.00	3.13E-03	SPI1,SPIB	AC0622: EHF,ELF1,ELF2,ELF3,ELF4,ELF5,ETS2,ETV4,ETV5,FEV,FLI1,RUNX1,SPI1,SPIB,SPIC,ZNF200	49	pos.Average_306__merged_pattern_80	1	1	Liver	Kupffer
445	445|SRF#1	445.SRF#1	positive	161617	445.SRF#1__cwm.fwd.png	445.SRF#1__cwm.rev.png	CCATATAAGG	SRF#1	SRF	base	SRF	M09249_2.00	8.11E-09	SRF	AC0359: MEF2B,MEF2C,MEF2D,SRF	21909	pos.Average_255__merged_pattern_0	27	26	Eye,Heart,Lung,Skin,Spleen,StomachEsophagus	smooth muscle,vCM,fibroblast,aCM,endocardial,cycling vCM,pericyte,airway smooth muscle,pericytes,melanocyte progenitor,Fibroblast,Pericyte,endothelial,cycling stromal,enteric glia
446	446|SRF_TEAD	446.SRF_TEAD	positive	525	446.SRF_TEAD__cwm.fwd.png	446.SRF_TEAD__cwm.rev.png	GCTCACATTCCTTTCCTTATTTGG	SRF_TEAD	SRF_TEAD	heterocomposite	SRF	M07982_2.00	0.0546459	SRF	AC0359: MEF2B,MEF2C,MEF2D,SRF	310	pos.Heart__Average_368__merged_pattern_0	8	8	Heart	vCM,fibroblast,epicardial,aCM,cycling vCM
447	447|STAT	447.STAT	positive	730259	447.STAT__cwm.fwd.png	447.STAT__cwm.rev.png	TTCCTGGAA	STAT	STAT	base	STAT5B	M11371_2.00	0.0237822	STAT1,STAT2,STAT3,STAT4,STAT5A,STAT5B,STAT6	AC0213: ETV7,STAT1,STAT3,STAT4,STAT5A,STAT5B	1417	pos.Average_306__merged_pattern_13	1	1	Skin	vascular endothelium
448	448|TBP	448.TBP	positive	2635	448.TBP__cwm.fwd.png	448.TBP__cwm.rev.png	GCCCTGTATATATAGGCCGGCG	TBP	TBP	base	TBP	M11388_2.00	3.85E-04	TBP	AC0582: HOXD13,TBP,ZNF114	37	pos.Stomach__Average_553__merged_pattern_0	1	1	StomachEsophagus	parietal cells
449	449|TCF7L/LEF	449.TCF7L.LEF	positive	65174	449.TCF7L.LEF__cwm.fwd.png	449.TCF7L.LEF__cwm.rev.png	CCTTTGATGT	TCF7L/LEF	TCF7L/LEF	base	TCF7L1	M09395_2.00	1.28E-08	LEF1,TAF1,TCF7,TCF7L1,TCF7L2	AC0430: LEF1,TCF4,TCF7,TCF7L1,TCF7L2	5500	pos.Average_303__merged_pattern_7	6	5	Skin,Thymus	keratinocyte,CD8+ CD4+ thymocytes,cortical TEC
450	450|TEAD#1	450.TEAD#1	positive	829634	450.TEAD#1__cwm.fwd.png	450.TEAD#1__cwm.rev.png	GTCAGGAATGT	TEAD#1	TEAD	base	TEAD3	M03576_2.00	4.18E-03	TEAD1,TEAD2,TEAD3,TEAD4	AC0201: TEAD1,TEAD2,TEAD3,TEAD4	50186	pos.Average_286__merged_pattern_0	27	25	Brain,Heart,Lung,Spleen	endothelial,smooth muscle cells,vCM,fibroblast,endocardial,epicardial,aCM,cycling vCM,airway epithelial progenitor,airway fibroblast,pulmonary neuroendocrine,ciliated,vascular endothelial,pericytes,Fibroblast
451	451|TEAD#2	451.TEAD#2	positive	51398	451.TEAD#2__cwm.fwd.png	451.TEAD#2__cwm.rev.png	ATACTTCACATTCTTTAC	TEAD#2	TEAD	base	TEAD3	M03575_2.00	2.76E-01	TEAD1,TEAD2,TEAD3,TEAD4	AC0201: TEAD1,TEAD2,TEAD3,TEAD4	342	pos.Average_286__merged_pattern_4	1	1	Spleen	Fibroblast
452	452|TEAD_TEAD	452.TEAD_TEAD	positive	12724	452.TEAD_TEAD__cwm.fwd.png	452.TEAD_TEAD__cwm.rev.png	GGAATGTCAGGAATGT	TEAD_TEAD	TEAD_TEAD	homocomposite	TEAD1	M03578_2.00	5.84E-09	TEAD1,TEAD2,TEAD3,TEAD4	AC0201: TEAD1,TEAD2,TEAD3,TEAD4	5772	pos.Average_286__merged_pattern_1	7	7	Heart,Spleen	vCM,endocardial,aCM,cycling vCM,Fibroblast
453	453|THRA/Bhalf	453.THRA.Bhalf	positive	9548	453.THRA.Bhalf__cwm.fwd.png	453.THRA.Bhalf__cwm.rev.png	GATAAGGTCA	THRA/Bhalf	THRA/B	base	THRB	M03379_2.00	0.123408	THRA,THRB	AC0420: THRA,THRB	37	pos.Average_248__merged_pattern_12	1	1	Adrenal	adrenal cortex
454	454|YY1/2	454.YY1.2	positive	623482	454.YY1.2__cwm.fwd.png	454.YY1.2__cwm.rev.png	GCCGCCATCTT	YY1/2	YY1/2	base	YY1	M07859_2.00	5.70E-07	YY1,YY2,ZFP42	AC0059: MZF1,YY1,YY2,ZFP42,ZNF597	108922	pos.Average_26__merged_pattern_0	188	162	Adrenal,Brain,Eye,Heart,Liver,Lung,Muscle,Skin,Spleen,StomachEsophagus,Thymus,Thyroid	adrenal cortex,excitatory neurons,dorsal radial glia,CGE-derived inhibitory neurons,smooth muscle cells,endothelial,MGE-derived inhibitory neurons,retinal progenitor cell,fibroblast,RPE,horizontal,smooth muscle,astrocyte,rod,amacrine,trabecular meshwork,extraocular muscle,retinal ganglion,bipolar,cone,vascular endothelium,vCM,endocardial,neuronal,immune,epicardial,aCM,cycling vCM,pericyte,erythroblast,hepatocyte,B cell progenitor,megakaryocyte,cholangiocyte,Kupffer,stellate,airway epithelial progenitor,airway fibroblast,lymphatics,airway smooth muscle,pulmonary neuroendocrine,ciliated,mesothelial,vascular endothelial,pericytes,myocytes (fast/Type II),myocytes (slow/Type I),keratinocytes,macrophages,myocytes,myogenic progenitors,fibroblasts,myoblasts (cycling),tenogenic cells,melanocyte,skeletal muscle,interfollicular cells,lymphatic endothelium,melanocyte progenitor,macrophage,keratinocyte,schwann,Fibroblast,Erythroblast,Pericyte,Endothelial progenitor,B cells,T cells,Endothelial,chief and neck cells,cycling stromal,epithelial basal/keratinocyte,interstitial cells of Cajal,ciliated epithelium,endocrine cells,MYH3+ smooth muscle,parietal cells,keratinocytes/tuft cells,enteric glia,enteric neurons,CD8+ CD4+ thymocytes,vascular smooth muscle,dendritic cells,medullary TEC (myoid Type I),medullary TEC (myoid Type IIa),cortical TEC,endothelial cells,medullary TEC (myoid),thyroid follicular
455	455|YY1/2repressive	455.YY1.2repressive	negative	1297761	455.YY1.2repressive__cwm.fwd.png	455.YY1.2repressive__cwm.rev.png	AAGATGGC	YY1/2repressive	YY1/2rep	base	YY1	M07858_2.00	2.09E-02	YY1,YY2,ZFP42	AC0059: MZF1,YY1,YY2,ZFP42,ZNF597	96	neg.Average_15__merged_pattern_0	3	3	Heart	vCM,aCM
456	456|ZEB/SNAI	456.ZEB.SNAI	negative	34011538	456.ZEB.SNAI__cwm.fwd.png	456.ZEB.SNAI__cwm.rev.png	AGGTG	ZEB/SNAI	ZEB/SNAI	base	ZEB1	M07842_2.00	1.26E-01	ZEB1,ZEB2	AC0606: SNAI1,SNAI2,SNAI3,ZEB1	11559	neg.Average_12__merged_pattern_0	50	43	Brain,Eye,Heart,Lung,Muscle,Skin,Spleen,StomachEsophagus	dorsal radial glia,smooth muscle cells,retinal progenitor cell,fibroblast,astrocyte,schwann,trabecular meshwork,vCM,endocardial,neuronal,aCM,pericyte,airway smooth muscle,airway fibroblast,smooth muscle,pericytes,myogenic progenitors,myoblasts (cycling),melanocyte,melanocyte progenitor,vascular endothelium,Fibroblast,Pericyte,Endothelial progenitor,T cells
457	457|ZEB/SNAI_ZEB/SNAI#1	457.ZEB.SNAI_ZEB.SNAI#1	negative	34797	457.ZEB.SNAI_ZEB.SNAI#1__cwm.fwd.png	457.ZEB.SNAI_ZEB.SNAI#1__cwm.rev.png	CACCTGGCAGGT	ZEB/SNAI_ZEB/SNAI#1	ZEB/SNAI_ZEB/SNAI	homocomposite	ZBTB49	M02901_2.00	2.81E-01	MYNN,MZF1,OSR2,PRDM14,PRDM5,PRDM6,WT1,ZBTB14,ZBTB16,ZBTB24,ZBTB40,ZBTB44,ZBTB48,ZBTB49,ZFP1,ZFP28,ZFP3,ZFP41,ZFP64,ZFP90,ZIM3,ZKSCAN8,ZNF10,ZNF121,ZNF135,ZNF141,ZNF154,ZNF16,ZNF165,ZNF18,ZNF184,ZNF189,ZNF197,ZNF205,ZNF23,ZNF239,ZNF250,ZNF254,ZNF257,ZNF263,ZNF266,ZNF267,ZNF273,ZNF274,ZNF317,ZNF320,ZNF329,ZNF331,ZNF337,ZNF34,ZNF35,ZNF394,ZNF416,ZNF425,ZNF429,ZNF433,ZNF441,ZNF444,ZNF449,ZNF454,ZNF480,ZNF483,ZNF485,ZNF502,ZNF506,ZNF527,ZNF528,ZNF529,ZNF530,ZNF534,ZNF547,ZNF549,ZNF550,ZNF554,ZNF560,ZNF565,ZNF578,ZNF584,ZNF586,ZNF610,ZNF623,ZNF626,ZNF660,ZNF662,ZNF664,ZNF667,ZNF677,ZNF680,ZNF681,ZNF682,ZNF684,ZNF7,ZNF707,ZNF708,ZNF713,ZNF714,ZNF74,ZNF749,ZNF766,ZNF768,ZNF789,ZNF79,ZNF790,ZNF791,ZNF793,ZNF85,ZNF879,ZNF880,ZNF90,ZSCAN16,ZSCAN21,ZSCAN22	AC0542: ZBTB49	25	neg.Average_12__merged_pattern_12	1	1	Muscle	pericytes
458	458|ZEB/SNAI_ZEB/SNAI#2	458.ZEB.SNAI_ZEB.SNAI#2	negative	77275	458.ZEB.SNAI_ZEB.SNAI#2__cwm.fwd.png	458.ZEB.SNAI_ZEB.SNAI#2__cwm.rev.png	CACCTGCCCACCT	ZEB/SNAI_ZEB/SNAI#2	ZEB/SNAI_ZEB/SNAI	homocomposite	TCF12	M07806_2.00	1.11E-01	TCF12,TCF3,TCF4	AC0610: ASCL1,ASCL2,BHLHA15,ERF::FIGLA,ETV2::FIGLA,ETV5::FIGLA,FIGLA,HAND2,MESP1,MYF6,MYOD1,SNAI1,SNAI2,TCF12,TCF3,TCF4,TCF7L2,TFAP4::ETV1,ZEB1,ZNF273	176	neg.Average_12__merged_pattern_2	6	6	Eye,Heart,Muscle,Skin,Spleen	schwann,trabecular meshwork,neuronal,pericytes,fibroblast,Pericyte
459	459|ZEB/SNAI_ZEB/SNAI#3	459.ZEB.SNAI_ZEB.SNAI#3	negative	30240	459.ZEB.SNAI_ZEB.SNAI#3__cwm.fwd.png	459.ZEB.SNAI_ZEB.SNAI#3__cwm.rev.png	ACCTGCTCCAGGTG	ZEB/SNAI_ZEB/SNAI#3	ZEB/SNAI_ZEB/SNAI	homocomposite	SNAI1	M08886_2.00	0.275712	SCRT1,SCRT2,SNAI1,SNAI2,SNAI3	AC0610: ASCL1,ASCL2,BHLHA15,ERF::FIGLA,ETV2::FIGLA,ETV5::FIGLA,FIGLA,HAND2,MESP1,MYF6,MYOD1,SNAI1,SNAI2,TCF12,TCF3,TCF4,TCF7L2,TFAP4::ETV1,ZEB1,ZNF273	57	neg.Average_12__merged_pattern_4	2	2	Muscle,Skin	pericytes,fibroblast
460	460|ZEB/SNAI_ZEB/SNAI#4	460.ZEB.SNAI_ZEB.SNAI#4	negative	120802	460.ZEB.SNAI_ZEB.SNAI#4__cwm.fwd.png	460.ZEB.SNAI_ZEB.SNAI#4__cwm.rev.png	CACCTGCACCT	ZEB/SNAI_ZEB/SNAI#4	ZEB/SNAI_ZEB/SNAI	homocomposite	TCF4	MA0830.2	0.515614	TCF12,TCF3,TCF4	AC0610: ASCL1,ASCL2,BHLHA15,ERF::FIGLA,ETV2::FIGLA,ETV5::FIGLA,FIGLA,HAND2,MESP1,MYF6,MYOD1,SNAI1,SNAI2,TCF12,TCF3,TCF4,TCF7L2,TFAP4::ETV1,ZEB1,ZNF273	95	neg.Average_12__merged_pattern_3	3	3	Heart,Muscle,Spleen	neuronal,pericytes,Pericyte
461	461|ZEB/SNAI_ZEB/SNAI#5	461.ZEB.SNAI_ZEB.SNAI#5	negative	118559	461.ZEB.SNAI_ZEB.SNAI#5__cwm.fwd.png	461.ZEB.SNAI_ZEB.SNAI#5__cwm.rev.png	CACCTACCT	ZEB/SNAI_ZEB/SNAI#5	ZEB/SNAI_ZEB/SNAI	homocomposite	ZNF784	M08352_2.00	0.0338646	E4F1,PRDM13,PRDM15,PRDM4,PRDM9,REST,ZBTB17,ZFP57,ZKSCAN5,ZNF101,ZNF112,ZNF132,ZNF251,ZNF304,ZNF316,ZNF335,ZNF341,ZNF407,ZNF467,ZNF519,ZNF674,ZNF770,ZNF778,ZNF784,ZNF787,ZNF8	AC0322: ZNF784	31	neg.Average_12__merged_pattern_8	1	1	Muscle	pericytes
462	462|ZNF143#1	462.ZNF143#1	positive	332045	462.ZNF143#1__cwm.fwd.png	462.ZNF143#1__cwm.rev.png	GCATGCTGGGAATTGTAGT	ZNF143#1	ZNF143	base	ZNF76	M08856_2.00	3.75E-19	ZNF143,ZNF76	AC0156: ZNF143,ZNF76	279352	pos.Average_161__merged_pattern_0	189	189	Adrenal,Brain,Eye,Heart,Liver,Lung,Muscle,Skin,Spleen,StomachEsophagus,Thymus,Thyroid	adrenal cortex,excitatory neurons,dorsal radial glia,CGE-derived inhibitory neurons,smooth muscle cells,endothelial,oligodendrocyte precursor cells,macrophages,MGE-derived inhibitory neurons,retinal progenitor cell,fibroblast,RPE,horizontal,smooth muscle,astrocyte,myogenic progenitor,ciliated pigmented epithelium,schwann,melanocyte,immune,rod,amacrine,trabecular meshwork,extraocular muscle,retinal ganglion,bipolar,cone,vascular endothelium,vCM,endocardial,neuronal,epicardial,aCM,cycling vCM,pericyte,erythroblast,hepatocyte,B cell progenitor,megakaryocyte,cholangiocyte,Kupffer,stellate,airway epithelial progenitor,airway fibroblast,lymphatics,airway smooth muscle,pulmonary neuroendocrine,ciliated,mesothelial,vascular endothelial,pericytes,myocytes (fast/Type II),myocytes (slow/Type I),myogenic progenitors,keratinocytes,myoblasts,myocytes,fibroblasts,myoblasts (cycling),tenogenic cells,skeletal muscle,interfollicular cells,lymphatic endothelium,melanocyte progenitor,macrophage,keratinocyte,epidermal progenitor,Fibroblast,Erythroblast,Pericyte,Endothelial progenitor,B cells,T cells,Endothelial,chief and neck cells,cycling stromal,epithelial basal/keratinocyte,interstitial cells of Cajal,ciliated epithelium,endocrine cells,MYH3+ smooth muscle,parietal cells,keratinocytes/tuft cells,enteric glia,enteric neurons,CD8+ CD4+ thymocytes,vascular smooth muscle,dendritic cells,medullary TEC (myoid Type I),medullary TEC (myoid Type IIa),cortical TEC,endothelial cells,medullary TEC (myoid),thyroid follicular,stromal
463	463|ZNF143#2	463.ZNF143#2	positive	112863	463.ZNF143#2__cwm.fwd.png	463.ZNF143#2__cwm.rev.png	CGCGGGGCATTCTGGGA	ZNF143#2	ZNF143	base	ZNF76	M08278_2.00	1.39E-13	ZNF143,ZNF76	AC0156: ZNF143,ZNF76	29533	pos.Average_161__merged_pattern_1	134	133	Adrenal,Brain,Eye,Heart,Liver,Lung,Muscle,Skin,Spleen,StomachEsophagus,Thymus,Thyroid	adrenal cortex,excitatory neurons,dorsal radial glia,endothelial,MGE-derived inhibitory neurons,smooth muscle cells,retinal progenitor cell,fibroblast,horizontal,astrocyte,rod,amacrine,trabecular meshwork,extraocular muscle,retinal ganglion,bipolar,vCM,endocardial,immune,aCM,cycling vCM,pericyte,erythroblast,hepatocyte,B cell progenitor,megakaryocyte,cholangiocyte,Kupffer,stellate,airway epithelial progenitor,airway fibroblast,lymphatics,pulmonary neuroendocrine,ciliated,vascular endothelial,airway smooth muscle,pericytes,myocytes (fast/Type II),smooth muscle,keratinocytes,macrophages,myocytes (slow/Type I),myocytes,myogenic progenitors,fibroblasts,myoblasts (cycling),tenogenic cells,melanocyte,interfollicular cells,lymphatic endothelium,keratinocyte,vascular endothelium,schwann,skeletal muscle,Fibroblast,Erythroblast,Pericyte,Endothelial progenitor,B cells,T cells,Endothelial,chief and neck cells,cycling stromal,ciliated epithelium,MYH3+ smooth muscle,parietal cells,keratinocytes/tuft cells,enteric glia,enteric neurons,CD8+ CD4+ thymocytes,vascular smooth muscle,dendritic cells,medullary TEC (myoid Type IIa),cortical TEC,endothelial cells,medullary TEC (myoid),thyroid follicular
464	464|ZNF143#3	464.ZNF143#3	positive	20465	464.ZNF143#3__cwm.fwd.png	464.ZNF143#3__cwm.rev.png	ACTACGATTCCC	ZNF143#3	ZNF143	base	ZNF143	M07931_2.00	0.0079198	ZNF143,ZNF76	AC0155: ETS1,SIX5,THAP11,ZNF143	384	pos.Average_161__merged_pattern_3	5	5	Adrenal,Brain,StomachEsophagus,Thymus	adrenal cortex,macrophages,immune,mesothelial,fibroblasts
465	465|ZNF143#4	465.ZNF143#4	positive	1743	465.ZNF143#4__cwm.fwd.png	465.ZNF143#4__cwm.rev.png	ACTACAAGTCCCAGCATGC	ZNF143#4	ZNF143	base	THAP11	M09440_2.00	5.85E-06	not found in HOCOMOCO	AC0155: ETS1,SIX5,THAP11,ZNF143	41	pos.Average_161__merged_pattern_7	1	1	StomachEsophagus	epithelial basal/keratinocyte
467	467|p53_p53#1	467.p53_p53#1	positive	212209	467.p53_p53#1__cwm.fwd.png	467.p53_p53#1__cwm.rev.png	CATGTCTGGGCATG	p53_p53#1	p53_p53	homocomposite	TP53	M09621_2.00	9.21E-08	TP53,TP63,TP73	AC0348: TP53,TP63,TP73	61068	pos.Average_229__merged_pattern_0	8	8	Muscle,Skin,StomachEsophagus,Thymus	keratinocytes,interfollicular cells,keratinocyte,skeletal muscle,epithelial basal/keratinocyte,ciliated epithelium,keratinocytes/tuft cells,cortical TEC
468	468|p53_p53#2	468.p53_p53#2	positive	2428	468.p53_p53#2__cwm.fwd.png	468.p53_p53#2__cwm.rev.png	CATGCCTGTACATGCATGC	p53_p53#2	p53_p53	homocomposite	TP73	M08037_2.00	1.64E-04	TP53,TP63,TP73	AC0348: TP53,TP63,TP73	57	pos.Average_229__merged_pattern_2	2	2	Skin,StomachEsophagus	interfollicular cells,epithelial basal/keratinocyte
469	469|repeat:A/T	469.repeat:A.T	positive	218532	469.repeat:A.T__cwm.fwd.png	469.repeat:A.T__cwm.rev.png	TTGGTTTTGGTTTTTTTTTTTTTTTTTT	repeat:A/T	repeat:A/T	repeat	ZNF287	M07590_2.00	1.33E-05	not found in HOCOMOCO	AC0456: PRDM6,ZNF225,ZNF235,ZNF287,ZNF487	657	pos.Average_296__merged_pattern_4	4	3	Thymus	CD8+ CD4+ thymocytes
470	470|repeat:dinucleotide	470.repeat:dinucleotide	positive	413357	470.repeat:dinucleotide__cwm.fwd.png	470.repeat:dinucleotide__cwm.rev.png	GTGTGTGTGTGTGTGTGTGTGTGTGTGTGT	repeat:dinucleotide	repeat	repeat	ZNF785	M07720_2.00	1.30E-09	not found in HOCOMOCO	AC0100: ZNF785	340	pos.Average_73__merged_pattern_0	9	9	Brain,Eye,Lung,Spleen,Thymus	dorsal radial glia,fibroblast,amacrine,retinal ganglion,airway smooth muscle,airway epithelial progenitor,pericytes,Fibroblast,CD8+ CD4+ thymocytes
471	471|unresolved#1	471.unresolved#1	positive	4540	471.unresolved#1__cwm.fwd.png	471.unresolved#1__cwm.rev.png	CATACTGATTTCATTTCCTTTG	unresolved#1	unresolved	unresolved	ZNF250	M08944_2.00	0.957666	MYNN,MZF1,OSR2,PRDM14,PRDM5,PRDM6,WT1,ZBTB14,ZBTB16,ZBTB24,ZBTB40,ZBTB44,ZBTB48,ZBTB49,ZFP1,ZFP28,ZFP3,ZFP41,ZFP64,ZFP90,ZIM3,ZKSCAN8,ZNF10,ZNF121,ZNF135,ZNF141,ZNF154,ZNF16,ZNF165,ZNF18,ZNF184,ZNF189,ZNF197,ZNF205,ZNF23,ZNF239,ZNF250,ZNF254,ZNF257,ZNF263,ZNF266,ZNF267,ZNF273,ZNF274,ZNF317,ZNF320,ZNF329,ZNF331,ZNF337,ZNF34,ZNF35,ZNF394,ZNF416,ZNF425,ZNF429,ZNF433,ZNF441,ZNF444,ZNF449,ZNF454,ZNF480,ZNF483,ZNF485,ZNF502,ZNF506,ZNF527,ZNF528,ZNF529,ZNF530,ZNF534,ZNF547,ZNF549,ZNF550,ZNF554,ZNF560,ZNF565,ZNF578,ZNF584,ZNF586,ZNF610,ZNF623,ZNF626,ZNF660,ZNF662,ZNF664,ZNF667,ZNF677,ZNF680,ZNF681,ZNF682,ZNF684,ZNF7,ZNF707,ZNF708,ZNF713,ZNF714,ZNF74,ZNF749,ZNF766,ZNF768,ZNF789,ZNF79,ZNF790,ZNF791,ZNF793,ZNF85,ZNF879,ZNF880,ZNF90,ZSCAN16,ZSCAN21,ZSCAN22	AC0223: ZNF250	36	pos.Skin__Skin_c0__pos_patterns.pattern_44__merged_pattern_0	1	1	Skin	fibroblast
472	472|unresolved#11	472.unresolved#11	positive	9869	472.unresolved#11__cwm.fwd.png	472.unresolved#11__cwm.rev.png	ATTTTTTCCATTAC	unresolved#11	unresolved	unresolved	NFATC3	M05693_2.00	0.00599178	NFAT5,NFATC1,NFATC2,NFATC3,NFATC4	AC0208: NFATC1,NFATC2,NFATC3,NFATC4,ZNF189	82	pos.Average_296__merged_pattern_9	1	1	Skin	fibroblast
473	473|unresolved#12	473.unresolved#12	positive	81047	473.unresolved#12__cwm.fwd.png	473.unresolved#12__cwm.rev.png	GCCTGGAATTCC	unresolved#12	unresolved	unresolved	TEAD4	M09435_2.00	0.330706	TEAD1,TEAD2,TEAD3,TEAD4	AC0201: TEAD1,TEAD2,TEAD3,TEAD4	339	pos.Average_306__merged_pattern_35	3	3	Eye,Heart	RPE,vCM,endocardial
474	474|unresolved#13	474.unresolved#13	positive	16356	474.unresolved#13__cwm.fwd.png	474.unresolved#13__cwm.rev.png	AGTTCCTCTTTTGTGGTTTC	unresolved#13	unresolved	unresolved	SPIB	M09537_2.00	0.14826	SPI1,SPIB	AC0622: EHF,ELF1,ELF2,ELF3,ELF4,ELF5,ETS2,ETV4,ETV5,FEV,FLI1,RUNX1,SPI1,SPIB,SPIC,ZNF200	26	pos.Average_306__merged_pattern_93	1	1	Thymus	dendritic cells
475	475|unresolved#14	475.unresolved#14	positive	297	475.unresolved#14__cwm.fwd.png	475.unresolved#14__cwm.rev.png	GCCCAAAGCAATTTATAG	unresolved#14	unresolved	unresolved	ZNF584	M07631_2.00	0.466077	MYNN,MZF1,OSR2,PRDM14,PRDM5,PRDM6,WT1,ZBTB14,ZBTB16,ZBTB24,ZBTB40,ZBTB44,ZBTB48,ZBTB49,ZFP1,ZFP28,ZFP3,ZFP41,ZFP64,ZFP90,ZIM3,ZKSCAN8,ZNF10,ZNF121,ZNF135,ZNF141,ZNF154,ZNF16,ZNF165,ZNF18,ZNF184,ZNF189,ZNF197,ZNF205,ZNF23,ZNF239,ZNF250,ZNF254,ZNF257,ZNF263,ZNF266,ZNF267,ZNF273,ZNF274,ZNF317,ZNF320,ZNF329,ZNF331,ZNF337,ZNF34,ZNF35,ZNF394,ZNF416,ZNF425,ZNF429,ZNF433,ZNF441,ZNF444,ZNF449,ZNF454,ZNF480,ZNF483,ZNF485,ZNF502,ZNF506,ZNF527,ZNF528,ZNF529,ZNF530,ZNF534,ZNF547,ZNF549,ZNF550,ZNF554,ZNF560,ZNF565,ZNF578,ZNF584,ZNF586,ZNF610,ZNF623,ZNF626,ZNF660,ZNF662,ZNF664,ZNF667,ZNF677,ZNF680,ZNF681,ZNF682,ZNF684,ZNF7,ZNF707,ZNF708,ZNF713,ZNF714,ZNF74,ZNF749,ZNF766,ZNF768,ZNF789,ZNF79,ZNF790,ZNF791,ZNF793,ZNF85,ZNF879,ZNF880,ZNF90,ZSCAN16,ZSCAN21,ZSCAN22	AC0340: ZNF584	61	pos.Eye__Eye_c11__pos_patterns.pattern_18__merged_pattern_0	1	1	Eye	horizontal
476	476|unresolved#15	476.unresolved#15	positive	1280	476.unresolved#15__cwm.fwd.png	476.unresolved#15__cwm.rev.png	TAAGCCATTTGAGCTCCTTGGGG	unresolved#15	unresolved	unresolved	PPARA::RXRA	MA1148.1	1	not found in HOCOMOCO	AC0434: HNF4A,NR1H2::RXRA,NR2C2,NR2E3,NR2F1,NR2F2,NR2F6,PPARA,PPARA::RXRA,PPARD,PPARG,PPARG::RXRA,RXRA,RXRB,RXRG,THRB	56	pos.Eye__Eye_c8__pos_patterns.pattern_22__merged_pattern_0	1	1	Eye	cone
477	477|unresolved#2	477.unresolved#2	positive	107654	477.unresolved#2__cwm.fwd.png	477.unresolved#2__cwm.rev.png	TTCCCATGAG	unresolved#2	unresolved	unresolved	ZNF143	M09510_2.00	0.392077	ZNF143,ZNF76	AC0156: ZNF143,ZNF76	695	pos.Average_306__merged_pattern_24	1	1	Heart	pericyte
478	478|unresolved#3	478.unresolved#3	positive	3523	478.unresolved#3__cwm.fwd.png	478.unresolved#3__cwm.rev.png	TTCCTTCTGCTTT	unresolved#3	unresolved	unresolved	ZNF84	M07736_2.00	0.78656	not found in HOCOMOCO	AC0173: ZNF484,ZNF527,ZNF84	41	pos.Average_296__merged_pattern_10	1	1	Spleen	T cells
479	479|unresolved#4	479.unresolved#4	positive	5791	479.unresolved#4__cwm.fwd.png	479.unresolved#4__cwm.rev.png	TGCCAACAATCTGT	unresolved#4	unresolved	unresolved	NFIC	MA0161.1	1	NFIA,NFIB,NFIC,NFIX	AC0082: NFIA,NFIB,NFIC,NFIC::TLX1,NFIX	36	pos.Average_276__merged_pattern_82	1	1	Brain	excitatory neurons
480	480|unresolved#5	480.unresolved#5	positive	698	480.unresolved#5__cwm.fwd.png	480.unresolved#5__cwm.rev.png	CTGGTAAAGCCATTTGGC	unresolved#5	unresolved	unresolved	NFATC3	M05695_2.00	1	NFAT5,NFATC1,NFATC2,NFATC3,NFATC4	AC0208: NFATC1,NFATC2,NFATC3,NFATC4,ZNF189	67	pos.Average_251__merged_pattern_6	1	1	Muscle	tenogenic cells
481	481|unresolved#6	481.unresolved#6	positive	146691	481.unresolved#6__cwm.fwd.png	481.unresolved#6__cwm.rev.png	TGTTTTTTTTGGA	unresolved#6	unresolved	unresolved	FOXA1	M09544_2.00	0.0634506	FOXA1,FOXA2,FOXA3	AC0387: AR,FOXA1,FOXA2,FOXA3,FOXB1,FOXC1,FOXC2,FOXD1,FOXD2,FOXD3,FOXE1,FOXF1,FOXF2,FOXG1,FOXI1,FOXJ2,FOXJ3,FOXK1,FOXK2,FOXL1,FOXM1,FOXN3,FOXO1,FOXO3,FOXO4,FOXO6,FOXP1,FOXP2,FOXP3,FOXQ1	508	pos.Average_276__merged_pattern_20	1	1	Heart	fibroblast
482	482|unresolved#7	482.unresolved#7	positive	1912	482.unresolved#7__cwm.fwd.png	482.unresolved#7__cwm.rev.png	ACCACGCCTGGCTAATTTTTG	unresolved#7	unresolved	unresolved	PAX5	MA0014.2	1	PAX2,PAX5,PAX8	AC0507: PAX1,PAX2,PAX4,PAX5,PAX6,PAX8,PAX9	947	pos.Thyroid__Thyroid_c2__pos_patterns.pattern_17__merged_pattern_0	1	1	Thyroid	thyroid follicular
483	483|unresolved#8	483.unresolved#8	positive	97351	483.unresolved#8__cwm.fwd.png	483.unresolved#8__cwm.rev.png	CAAGTGACAG	unresolved#8	unresolved	unresolved	ZNF582	MA1983.1	0.868349	ZNF383,ZNF566,ZNF582,ZNF621	AC0506: ZNF582	3984	pos.Average_280__merged_pattern_7	1	1	Heart	aCM
484	484|unresolved#9	484.unresolved#9	positive	1982	484.unresolved#9__cwm.fwd.png	484.unresolved#9__cwm.rev.png	GCCCTTCAAGG	unresolved#9	unresolved	unresolved	GLI4	M08394_2.00	1.00E+00	GLI4,ZKSCAN1,ZNF24,ZSCAN23,ZSCAN31	AC0429: GLI4	22	pos.Average_285__merged_pattern_2	1	1	Adrenal	adrenal cortex
485	485|unresolved,BHLH-like	485.unresolved,BHLH-like	positive	10989	485.unresolved,BHLH-like__cwm.fwd.png	485.unresolved,BHLH-like__cwm.rev.png	CATCTTGTTTCAATATG	unresolved,BHLH-like	unresolved	unresolved	TWIST1	M08722_2.00	0.0580906	FIGLA,HAND1,HAND2,PTF1A,TWIST1,TWIST2	AC0609: ATOH1,HAND2,LYL1,NEUROD1,NEUROD2,NEUROG2,OLIG2,OLIG3,PTF1A,TAL1::TCF3,TWIST1,ZBTB18,ZBTB42	83	pos.Average_303__merged_pattern_30	1	1	Skin	fibroblast
486	486|unresolved,BZIP-like	486.unresolved,BZIP-like	positive	5926	486.unresolved,BZIP-like__cwm.fwd.png	486.unresolved,BZIP-like__cwm.rev.png	GAGTTGACACAGCAC	unresolved,BZIP-like	unresolved	unresolved	BACH1	M08185_2.00	0.246997	BACH1,BACH2,NFE2,NFE2L1,NFE2L2	AC0239: BACH1,BACH2,MAF::NFE2,MAFG::NFE2L1,MAFK,NFE2,NFE2L2	59	pos.Lung__Lung_c0__pos_patterns.pattern_51__merged_pattern_0	1	1	Lung	airway epithelial progenitor
487	487|unresolved,CTCF-like	487.unresolved,CTCF-like	positive	206762	487.unresolved,CTCF-like__cwm.fwd.png	487.unresolved,CTCF-like__cwm.rev.png	TACTGCCATCGTGAGG	unresolved,CTCF-like	unresolved	unresolved	CTCF	M07909_2.00	0.684522	CTCF,CTCFL	AC0078: CTCF,CTCFL,ZNF2,ZNF223,ZNF552	380	pos.Average_30__merged_pattern_0	14	14	Eye,Heart,Muscle,Skin,Thyroid	smooth muscle,vascular endothelium,immune,myocytes (slow/Type I),macrophages,myocytes,pericytes,myocytes (fast/Type II),skeletal muscle,melanocyte progenitor,fibroblast,epidermal progenitor,thyroid follicular
488	488|unresolved,FOX-like	488.unresolved,FOX-like	positive	142688	488.unresolved,FOX-like__cwm.fwd.png	488.unresolved,FOX-like__cwm.rev.png	TGTTGACTTT	unresolved,FOX-like	unresolved	unresolved	FOXA1	M09545_2.00	0.0402435	FOXA1,FOXA2,FOXA3	AC0387: AR,FOXA1,FOXA2,FOXA3,FOXB1,FOXC1,FOXC2,FOXD1,FOXD2,FOXD3,FOXE1,FOXF1,FOXF2,FOXG1,FOXI1,FOXJ2,FOXJ3,FOXK1,FOXK2,FOXL1,FOXM1,FOXN3,FOXO1,FOXO3,FOXO4,FOXO6,FOXP1,FOXP2,FOXP3,FOXQ1	447	pos.Average_233__merged_pattern_2	1	1	Liver	cholangiocyte
489	489|unresolved,GRHL-like#1	489.unresolved,GRHL-like#1	positive	24214	489.unresolved,GRHL-like#1__cwm.fwd.png	489.unresolved,GRHL-like#1__cwm.rev.png	ACCGGCCTAACAACTT	unresolved,GRHL-like#1	unresolved	unresolved	GRHL2	M09558_2.00	0.627735	GRHL1,GRHL2	AC0351: GRHL1,GRHL2,TFCP2	1023	pos.Average_219__merged_pattern_0	20	20	Heart,Lung,Muscle,StomachEsophagus,Thyroid	fibroblast,airway epithelial progenitor,airway fibroblast,lymphatics,immune,pulmonary neuroendocrine,ciliated,vascular endothelial,pericytes,endothelial,smooth muscle,chief and neck cells,parietal cells,keratinocytes/tuft cells,thyroid follicular
490	490|unresolved,GRHL-like#2	490.unresolved,GRHL-like#2	positive	77983	490.unresolved,GRHL-like#2__cwm.fwd.png	490.unresolved,GRHL-like#2__cwm.rev.png	CTGGCCTAACAGGATT	unresolved,GRHL-like#2	unresolved	unresolved	GRHL2	M09558_2.00	0.0949798	GRHL1,GRHL2	AC0351: GRHL1,GRHL2,TFCP2	131	pos.Average_251__merged_pattern_4	1	1	Skin	keratinocyte
491	491|unresolved,GRHL-like#3	491.unresolved,GRHL-like#3	positive	55869	491.unresolved,GRHL-like#3__cwm.fwd.png	491.unresolved,GRHL-like#3__cwm.rev.png	CCTGCACAGCTGGTT	unresolved,GRHL-like#3	unresolved	unresolved	ZBTB18	M08350_2.00	0.0334071	ZBTB18,ZBTB42	AC0609: ATOH1,HAND2,LYL1,NEUROD1,NEUROD2,NEUROG2,OLIG2,OLIG3,PTF1A,TAL1::TCF3,TWIST1,ZBTB18,ZBTB42	30	pos.Average_251__merged_pattern_10	1	1	Skin	keratinocyte
492	492|unresolved,GRHL-like#4	492.unresolved,GRHL-like#4	positive	28239	492.unresolved,GRHL-like#4__cwm.fwd.png	492.unresolved,GRHL-like#4__cwm.rev.png	GCAAGGCCTGTCTGTCCAGAT	unresolved,GRHL-like#4	unresolved	unresolved	PGR	M09603_2.00	1	AR,NR3C1,NR3C2,PGR	AC0514: AR,NR3C1,NR3C2,PGR	53	pos.Skin__Skin_c18__pos_patterns.pattern_25__merged_pattern_0	1	1	Skin	epidermal progenitor
493	493|unresolved,HD-like	493.unresolved,HD-like	positive	321594	493.unresolved,HD-like__cwm.fwd.png	493.unresolved,HD-like__cwm.rev.png	TGAGTAAT	unresolved,HD-like	unresolved	unresolved	ZNF266	M07641_2.00	0.224169	MYNN,MZF1,OSR2,PRDM14,PRDM5,PRDM6,WT1,ZBTB14,ZBTB16,ZBTB24,ZBTB40,ZBTB44,ZBTB48,ZBTB49,ZFP1,ZFP28,ZFP3,ZFP41,ZFP64,ZFP90,ZIM3,ZKSCAN8,ZNF10,ZNF121,ZNF135,ZNF141,ZNF154,ZNF16,ZNF165,ZNF18,ZNF184,ZNF189,ZNF197,ZNF205,ZNF23,ZNF239,ZNF250,ZNF254,ZNF257,ZNF263,ZNF266,ZNF267,ZNF273,ZNF274,ZNF317,ZNF320,ZNF329,ZNF331,ZNF337,ZNF34,ZNF35,ZNF394,ZNF416,ZNF425,ZNF429,ZNF433,ZNF441,ZNF444,ZNF449,ZNF454,ZNF480,ZNF483,ZNF485,ZNF502,ZNF506,ZNF527,ZNF528,ZNF529,ZNF530,ZNF534,ZNF547,ZNF549,ZNF550,ZNF554,ZNF560,ZNF565,ZNF578,ZNF584,ZNF586,ZNF610,ZNF623,ZNF626,ZNF660,ZNF662,ZNF664,ZNF667,ZNF677,ZNF680,ZNF681,ZNF682,ZNF684,ZNF7,ZNF707,ZNF708,ZNF713,ZNF714,ZNF74,ZNF749,ZNF766,ZNF768,ZNF789,ZNF79,ZNF790,ZNF791,ZNF793,ZNF85,ZNF879,ZNF880,ZNF90,ZSCAN16,ZSCAN21,ZSCAN22	AC0052: ZNF266	31	pos.Average_287__merged_pattern_11	1	1	Adrenal	adrenal cortex
494	494|unresolved,HD-like#1	494.unresolved,HD-like#1	positive	31652	494.unresolved,HD-like#1__cwm.fwd.png	494.unresolved,HD-like#1__cwm.rev.png	TAATTAATTCAAGAT	unresolved,HD-like#1	unresolved	unresolved	TWIST1	M08722_2.00	0.00124628	FIGLA,HAND1,HAND2,PTF1A,TWIST1,TWIST2	AC0609: ATOH1,HAND2,LYL1,NEUROD1,NEUROD2,NEUROG2,OLIG2,OLIG3,PTF1A,TAL1::TCF3,TWIST1,ZBTB18,ZBTB42	30	pos.Average_303__merged_pattern_46	1	1	Muscle	myogenic progenitors
495	495|unresolved,HD-like#2	495.unresolved,HD-like#2	positive	39219	495.unresolved,HD-like#2__cwm.fwd.png	495.unresolved,HD-like#2__cwm.rev.png	TAATTAAAACCAGG	unresolved,HD-like#2	unresolved	unresolved	TWIST1	M08722_2.00	2.69E-04	FIGLA,HAND1,HAND2,PTF1A,TWIST1,TWIST2	AC0609: ATOH1,HAND2,LYL1,NEUROD1,NEUROD2,NEUROG2,OLIG2,OLIG3,PTF1A,TAL1::TCF3,TWIST1,ZBTB18,ZBTB42	691	pos.Average_303__merged_pattern_11	5	5	Muscle,Skin	myogenic progenitors,melanocyte progenitor,fibroblast,pericyte,schwann
496	496|unresolved,MEF-like#1	496.unresolved,MEF-like#1	positive	40595	496.unresolved,MEF-like#1__cwm.fwd.png	496.unresolved,MEF-like#1__cwm.rev.png	GTGGGAGTTATTTATATC	unresolved,MEF-like#1	unresolved	unresolved	ZNF35	M08250_2.00	0.142502	MYNN,MZF1,OSR2,PRDM14,PRDM5,PRDM6,WT1,ZBTB14,ZBTB16,ZBTB24,ZBTB40,ZBTB44,ZBTB48,ZBTB49,ZFP1,ZFP28,ZFP3,ZFP41,ZFP64,ZFP90,ZIM3,ZKSCAN8,ZNF10,ZNF121,ZNF135,ZNF141,ZNF154,ZNF16,ZNF165,ZNF18,ZNF184,ZNF189,ZNF197,ZNF205,ZNF23,ZNF239,ZNF250,ZNF254,ZNF257,ZNF263,ZNF266,ZNF267,ZNF273,ZNF274,ZNF317,ZNF320,ZNF329,ZNF331,ZNF337,ZNF34,ZNF35,ZNF394,ZNF416,ZNF425,ZNF429,ZNF433,ZNF441,ZNF444,ZNF449,ZNF454,ZNF480,ZNF483,ZNF485,ZNF502,ZNF506,ZNF527,ZNF528,ZNF529,ZNF530,ZNF534,ZNF547,ZNF549,ZNF550,ZNF554,ZNF560,ZNF565,ZNF578,ZNF584,ZNF586,ZNF610,ZNF623,ZNF626,ZNF660,ZNF662,ZNF664,ZNF667,ZNF677,ZNF680,ZNF681,ZNF682,ZNF684,ZNF7,ZNF707,ZNF708,ZNF713,ZNF714,ZNF74,ZNF749,ZNF766,ZNF768,ZNF789,ZNF79,ZNF790,ZNF791,ZNF793,ZNF85,ZNF879,ZNF880,ZNF90,ZSCAN16,ZSCAN21,ZSCAN22	AC0345: ZNF35	591	pos.Average_295__merged_pattern_1	4	4	Heart	vCM,aCM,cycling vCM
497	497|unresolved,MEF-like#2	497.unresolved,MEF-like#2	positive	1920	497.unresolved,MEF-like#2__cwm.fwd.png	497.unresolved,MEF-like#2__cwm.rev.png	TGGCTAATTTTTGTATTTTTAG	unresolved,MEF-like#2	unresolved	unresolved	CTCF	M07551_2.00	0.154976	CTCF,CTCFL	AC0443: CTCF,ZNF182	51	pos.Thyroid__Thyroid_c2__pos_patterns.pattern_27__merged_pattern_0	1	1	Thyroid	thyroid follicular
498	498|unresolved,MEIS-like	498.unresolved,MEIS-like	positive	31475	498.unresolved,MEIS-like__cwm.fwd.png	498.unresolved,MEIS-like__cwm.rev.png	GGGTGTGTCA	unresolved,MEIS-like	unresolved	unresolved	JUND	M07815_2.00	0.292871	JUN,JUNB,JUND	AC0242: ATF3,BACH1,BACH2,BATF,BATF::JUN,BATF3,BNC2,CREB1,FOS,FOS::JUN,FOS::JUNB,FOS::JUND,FOSB,FOSB::JUNB,FOSL1,FOSL1::JUN,FOSL1::JUNB,FOSL1::JUND,FOSL2,FOSL2::JUN,FOSL2::JUNB,FOSL2::JUND,JDP2,JUN,JUN::JUNB,JUNB,JUND,NFE2,NFE2L1	165	pos.Average_287__merged_pattern_8	1	1	StomachEsophagus	keratinocytes/tuft cells
499	499|unresolved,NFY-like	499.unresolved,NFY-like	positive	1640	499.unresolved,NFY-like__cwm.fwd.png	499.unresolved,NFY-like__cwm.rev.png	CGTGGCCTAGTGGTTAAGGCGTTGG	unresolved,NFY-like	unresolved	unresolved	ZNF771	M04592_2.00	1	ZNF771	AC0266: ZNF771	192	pos.Average_112__merged_pattern_0	5	5	Brain,Lung,StomachEsophagus	dorsal radial glia,vascular endothelial,airway smooth muscle,airway epithelial progenitor,smooth muscle
500	500|unresolved,NKX-like	500.unresolved,NKX-like	positive	351092	500.unresolved,NKX-like__cwm.fwd.png	500.unresolved,NKX-like__cwm.rev.png	AAGTACTTGA	unresolved,NKX-like	unresolved	unresolved	NKX2-5	M00321_2.00	0.62192	NKX2-3,NKX2-5	AC0520: NKX2-5,NKX2-8	524	pos.Average_280__merged_pattern_18	1	1	Muscle	smooth muscle
501	501|unresolved,ZF:KLF/SP-like	501.unresolved,ZF:KLF.SP-like	positive	976030	501.unresolved,ZF:KLF.SP-like__cwm.fwd.png	501.unresolved,ZF:KLF.SP-like__cwm.rev.png	GGGTGGAGCCC	unresolved,ZF:KLF/SP-like	unresolved	unresolved	ZNF333	M07607_2.00	0.310416	ZNF177,ZNF333,ZNF891	AC0329: ZNF333,ZNF354C	183	pos.Average_212__merged_pattern_17	1	1	StomachEsophagus	ciliated epithelium
502	502|unresolved,ZNF214-like	502.unresolved,ZNF214-like	positive	5523	502.unresolved,ZNF214-like__cwm.fwd.png	502.unresolved,ZNF214-like__cwm.rev.png	GTGATGAAAACCAG	unresolved,ZNF214-like	unresolved	unresolved	TWIST1	M08722_2.00	0.572305	FIGLA,HAND1,HAND2,PTF1A,TWIST1,TWIST2	AC0609: ATOH1,HAND2,LYL1,NEUROD1,NEUROD2,NEUROG2,OLIG2,OLIG3,PTF1A,TAL1::TCF3,TWIST1,ZBTB18,ZBTB42	118	pos.Average_303__merged_pattern_22	2	2	Heart	endocardial
503	503|unresolved,palindromic#1	503.unresolved,palindromic#1	positive	164970	503.unresolved,palindromic#1__cwm.fwd.png	503.unresolved,palindromic#1__cwm.rev.png	TGTGTACACA	unresolved,palindromic#1	unresolved	unresolved	FOXA1	M04817_2.00	0.0916433	FOXA1,FOXA2,FOXA3	AC0387: AR,FOXA1,FOXA2,FOXA3,FOXB1,FOXC1,FOXC2,FOXD1,FOXD2,FOXD3,FOXE1,FOXF1,FOXF2,FOXG1,FOXI1,FOXJ2,FOXJ3,FOXK1,FOXK2,FOXL1,FOXM1,FOXN3,FOXO1,FOXO3,FOXO4,FOXO6,FOXP1,FOXP2,FOXP3,FOXQ1	1329	pos.Average_288__merged_pattern_7	5	5	Liver,Lung,StomachEsophagus	hepatocyte,ciliated,airway smooth muscle,chief and neck cells
504	504|unresolved,palindromic#2	504.unresolved,palindromic#2	positive	59945	504.unresolved,palindromic#2__cwm.fwd.png	504.unresolved,palindromic#2__cwm.rev.png	TGTTGCAACAC	unresolved,palindromic#2	unresolved	unresolved	ZNF442	M07742_2.00	0.605137	not found in HOCOMOCO	AC0501: ZNF442	30	pos.Skin__Skin_c2__pos_patterns.pattern_45__merged_pattern_0	1	1	Skin	keratinocyte
505	505|unresolved,repressive#1	505.unresolved,repressive#1	negative	913846	505.unresolved,repressive#1__cwm.fwd.png	505.unresolved,repressive#1__cwm.rev.png	TGGAAT	unresolved,repressive#1	unresolved	unresolved	TEAD4	MA0809.2	0.781367	TEAD1,TEAD2,TEAD3,TEAD4	AC0201: TEAD1,TEAD2,TEAD3,TEAD4	23	neg.Thymus__Average_4__merged_pattern_2	1	1	Thymus	CD8+ CD4+ thymocytes
506	506|unresolved,repressive#2	506.unresolved,repressive#2	negative	9317	506.unresolved,repressive#2__cwm.fwd.png	506.unresolved,repressive#2__cwm.rev.png	AGAGGGGCTCCTCACTTCCCAGA	unresolved,repressive#2	unresolved	unresolved	ZKSCAN5	M07709_2.00	1	E4F1,PRDM13,PRDM15,PRDM4,PRDM9,REST,ZBTB17,ZFP57,ZKSCAN5,ZNF101,ZNF112,ZNF132,ZNF251,ZNF304,ZNF316,ZNF335,ZNF341,ZNF407,ZNF467,ZNF519,ZNF674,ZNF770,ZNF778,ZNF784,ZNF787,ZNF8	AC0226: ZKSCAN5	47	neg.Average_16__merged_pattern_0	2	2	Brain,Eye	dorsal radial glia,fibroblast
507	507|unresolved,repressive,YY1/2-like	507.unresolved,repressive,YY1.2-like	negative	15404668	507.unresolved,repressive,YY1.2-like__cwm.fwd.png	507.unresolved,repressive,YY1.2-like__cwm.rev.png	ATGATG	unresolved,repressive,YY1/2-like	unresolved	unresolved	MEOX2	M03105_2.00	1	MEOX1,MEOX2	AC0006: MEOX2	35	neg.Average_15__merged_pattern_1	1	1	Lung	airway epithelial progenitor
508	508|unresolved,repressive,ZEB/SNAI-like	508.unresolved,repressive,ZEB.SNAI-like	negative	4795	508.unresolved,repressive,ZEB.SNAI-like__cwm.fwd.png	508.unresolved,repressive,ZEB.SNAI-like__cwm.rev.png	GAGCTGTGGTGGGCTCCACC	unresolved,repressive,ZEB/SNAI-like	unresolved	unresolved	ZNF692	M08338_2.00	0.0049042	ZFP91,ZNF276,ZNF692	AC0124: ZNF692	36	neg.Heart__Heart_c1__neg_patterns.pattern_0__merged_pattern_0	1	1	Heart	vCM